step,log_step_index,delta_g11_minus_g10_active_tokens_mean,delta_g11_minus_g10_actor_train_time_s,delta_g11_minus_g10_actor_train_tokens_s,delta_g11_minus_g10_kl_loss,delta_g11_minus_g10_log_probs_time_s,delta_g11_minus_g10_longest_sample_tokens_s,delta_g11_minus_g10_max_abs_diff,delta_g11_minus_g10_mean_logp_diff,delta_g11_minus_g10_mismatch_count,delta_g11_minus_g10_ref_log_probs_time_s,delta_g11_minus_g10_reference_kl,delta_g11_minus_g10_response_len_max_tokens,delta_g11_minus_g10_response_len_mean_tokens,delta_g11_minus_g10_reward,delta_g11_minus_g10_rollout_time_s,delta_g11_minus_g10_step_time_s,delta_g11_minus_g10_tokens_per_gpu_s,delta_g11_minus_g10_train_time_s,g10_active_tokens_mean,g10_actor_train_time_s,g10_actor_train_tokens_s,g10_kl_loss,g10_log_probs_time_s,g10_longest_sample_tokens_s,g10_max_abs_diff,g10_mean_logp_diff,g10_mismatch_count,g10_raw_perf_actor_train_tflops,g10_raw_perf_actor_train_time,g10_raw_perf_actor_train_tok_per_s,g10_raw_perf_data_preprocess_time,g10_raw_perf_effective_tokens_per_gpu_per_sec,g10_raw_perf_log_probs_tflops,g10_raw_perf_log_probs_time,g10_raw_perf_longest_effective_sample_tokens_per_sec,g10_raw_perf_longest_sample_tokens_per_sec,g10_raw_perf_ref_log_probs_tflops,g10_raw_perf_ref_log_probs_time,g10_raw_perf_rollout_time,g10_raw_perf_step_time,g10_raw_perf_tokens_per_gpu_per_sec,g10_raw_perf_train_time,g10_raw_perf_train_wait_time,g10_raw_perf_update_weights_time,g10_raw_perf_wait_time_ratio,g10_raw_rollout_advantages,g10_raw_rollout_avg_cached_tokens_per_sample,g10_raw_rollout_kl,g10_raw_rollout_log_probs,g10_raw_rollout_prefix_cache_hit_rate,g10_raw_rollout_raw_reward,g10_raw_rollout_ref_log_probs,g10_raw_rollout_repetition_frac,g10_raw_rollout_response_len_max,g10_raw_rollout_response_len_mean,g10_raw_rollout_response_len_median,g10_raw_rollout_response_len_min,g10_raw_rollout_response_lengths,g10_raw_rollout_returns,g10_raw_rollout_rewards,g10_raw_rollout_rollout_log_probs,g10_raw_rollout_total_lengths,g10_raw_rollout_truncated,g10_raw_rollout_truncated_ratio,g10_raw_rollout_zero_std_count_0,g10_raw_rollout_zero_std_count_1,g10_raw_train_entropy_loss,g10_raw_train_global_batch_size,g10_raw_train_grad_norm,g10_raw_train_kl_loss,g10_raw_train_loss,g10_raw_train_lr_pg_0,g10_raw_train_lr_pg_1,g10_raw_train_ois,g10_raw_train_pg_clipfrac,g10_raw_train_pg_loss,g10_raw_train_ppo_kl,g10_raw_train_step,g10_raw_train_tis,g10_raw_train_tis_abs,g10_raw_train_tis_clipfrac,g10_raw_train_train_current_rollout_logprob_max_abs_diff,g10_raw_train_train_current_rollout_logprob_mismatch_count,g10_raw_train_train_current_rollout_logprob_numel,g10_raw_train_train_rollout_logprob_abs_diff,g10_ref_log_probs_time_s,g10_reference_kl,g10_response_len_max_tokens,g10_response_len_mean_tokens,g10_reward,g10_rollout_time_s,g10_step_time_s,g10_tokens_per_gpu_s,g10_train_time_s,g11_active_tokens_mean,g11_actor_train_time_s,g11_actor_train_tokens_s,g11_kl_loss,g11_log_probs_time_s,g11_longest_sample_tokens_s,g11_max_abs_diff,g11_mean_logp_diff,g11_mismatch_count,g11_raw_perf_actor_train_tflops,g11_raw_perf_actor_train_time,g11_raw_perf_actor_train_tok_per_s,g11_raw_perf_data_preprocess_time,g11_raw_perf_effective_tokens_per_gpu_per_sec,g11_raw_perf_log_probs_tflops,g11_raw_perf_log_probs_time,g11_raw_perf_longest_effective_sample_tokens_per_sec,g11_raw_perf_longest_sample_tokens_per_sec,g11_raw_perf_ref_log_probs_tflops,g11_raw_perf_ref_log_probs_time,g11_raw_perf_rollout_time,g11_raw_perf_step_time,g11_raw_perf_tokens_per_gpu_per_sec,g11_raw_perf_train_time,g11_raw_perf_train_wait_time,g11_raw_perf_update_weights_time,g11_raw_perf_wait_time_ratio,g11_raw_rollout_advantages,g11_raw_rollout_avg_cached_tokens_per_sample,g11_raw_rollout_kl,g11_raw_rollout_log_probs,g11_raw_rollout_prefix_cache_hit_rate,g11_raw_rollout_raw_reward,g11_raw_rollout_ref_log_probs,g11_raw_rollout_repetition_frac,g11_raw_rollout_response_len_max,g11_raw_rollout_response_len_mean,g11_raw_rollout_response_len_median,g11_raw_rollout_response_len_min,g11_raw_rollout_response_lengths,g11_raw_rollout_returns,g11_raw_rollout_rewards,g11_raw_rollout_rollout_log_probs,g11_raw_rollout_total_lengths,g11_raw_rollout_truncated,g11_raw_rollout_truncated_ratio,g11_raw_rollout_zero_std_count_0,g11_raw_rollout_zero_std_count_1,g11_raw_train_entropy_loss,g11_raw_train_global_batch_size,g11_raw_train_grad_norm,g11_raw_train_kl_loss,g11_raw_train_loss,g11_raw_train_lr_pg_0,g11_raw_train_lr_pg_1,g11_raw_train_ois,g11_raw_train_pg_clipfrac,g11_raw_train_pg_loss,g11_raw_train_ppo_kl,g11_raw_train_step,g11_raw_train_tis,g11_raw_train_tis_abs,g11_raw_train_tis_clipfrac,g11_raw_train_train_current_rollout_logprob_max_abs_diff,g11_raw_train_train_current_rollout_logprob_mismatch_count,g11_raw_train_train_current_rollout_logprob_numel,g11_raw_train_train_rollout_logprob_abs_diff,g11_ref_log_probs_time_s,g11_reference_kl,g11_response_len_max_tokens,g11_response_len_mean_tokens,g11_reward,g11_rollout_time_s,g11_step_time_s,g11_tokens_per_gpu_s,g11_train_time_s
1,0,-885.5,-2.66206955909729,26.898294929292206,-4.183603232377209e-05,0.3615696430206299,-38.10476697678999,-2.8736441135406494,-0.027203932404518127,-2788.75,-6.200371265411377,0.0,-504.0,-885.5,0.0,17.149692058563232,8.813324928283691,-37.894789286151585,-8.4706711769104,5050.5,14.875240564346313,2784.4927832143726,4.183603232377209e-05,1.3271396160125732,122.07374184118275,2.8736441135406494,0.027203932404518127,2788.75,17.421187848102004,14.875240564346313,2784.4927832143726,0.003050565719604492,98.99380750945625,65.08844460936476,1.3271396160125732,122.07374184118275,122.07374184118275,8.330328255275464,10.369513750076294,51.01834273338318,80.6705334186554,98.99380750945625,27.114858388900757,53.55567502975464,2.119603395462036,0.6638815036937598,0.0,84.0,0.0,-0.21524760872125626,0.6614173228346457,1.0,-0.21528944373130798,0.0,6228.0,5050.5,5088.0,4070.0,5050.5,0.0,0.0,-0.21190623193979263,5177.5,0.0,0.0,,1.0,0.2064271718263626,8.0,0.0007986539142849078,4.183603232377209e-05,4.1836031527964224e-08,1e-06,1e-06,1.0004703998565674,0.0,0.0,0.003341363277286291,0.0,1.0004703998565674,0.026688897982239723,0.0005448620649985969,2.8736441135406494,2788.75,5050.5,0.027203932404518127,10.369513750076294,0.0,6228.0,5050.5,1.0,51.01834273338318,80.6705334186554,98.99380750945625,27.114858388900757,4165.0,12.213171005249023,2811.391078143665,0.0,1.6887092590332031,83.96897486439276,0.0,0.0,0.0,17.37378328246879,12.213171005249023,2811.391078143665,0.0037698745727539062,61.09901822330466,41.883859936593936,1.6887092590332031,83.96897486439276,83.96897486439276,16.965038335613684,4.169142484664917,68.16803479194641,89.48385834693909,61.09901822330466,18.644187211990356,70.83967113494873,1.4015941619873047,0.7916474819435622,0.0,84.0,0.0,-0.18988878279924393,0.6614173228346457,1.0,-0.18988878279924393,0.0,5724.0,4165.0,4110.5,2740.0,4165.0,0.0,0.0,-0.18988878279924393,4292.0,0.0,0.0,,1.0,0.19151374697685242,8.0,0.0010582595314596493,0.0,0.0,1e-06,1e-06,1.0,0.0,0.0,0.0,0.0,1.0,0.0,0.0,0.0,0.0,4165.0,0.0,4.169142484664917,0.0,5724.0,4165.0,1.0,68.16803479194641,89.48385834693909,61.09901822330466,18.644187211990356
2,1,48.375,3.44047474861145,-3302.141430342853,0.0009121056937146932,0.9640016555786133,-14.06477772559684,-7.426877021789551,-0.040987998247146606,-3876.125,1.8996000289916992,0.0,695.0,48.375,0.0,18.681331157684326,25.57030415534973,-19.992123895579837,6.216242551803589,5149.5,5.106147289276123,8315.467140788132,4.183183773420751e-05,1.3796262741088867,96.15047807543986,7.426877021789551,0.040987998247146606,3876.125,52.12421851023014,5.106147289276123,8315.467140788132,0.0065615177154541016,86.37942896885512,64.30580562443967,1.3796262741088867,96.15047807543986,96.15047807543986,54.38469142227719,1.6313042640686035,59.614888191223145,70.40803337097168,86.37942896885512,8.7654550075531,61.64257836341858,0.9820311069488525,0.8755049020987571,0.0,108.0,0.0,-0.3527865558862686,0.6835443037974683,1.0,-0.35282841324806213,0.0,5732.0,5149.5,5298.5,4225.0,5149.5,0.0,0.0,-0.3467443287372589,5307.5,0.0,0.0,,1.0,0.3512324094772339,8.0,0.001152711742267926,4.183183773420751e-05,4.183181090411381e-08,1e-06,1e-06,1.0005102157592773,0.0,0.0,0.006042221561074257,1.0,1.0005102157592773,0.04009824991226196,0.0010815178975462914,7.426877021789551,3876.125,5149.5,0.040987998247146606,1.6313042640686035,0.0,5732.0,5149.5,1.0,59.614888191223145,70.40803337097168,86.37942896885512,8.7654550075531,5197.875,8.546622037887573,5013.32571044528,0.0009539375314489007,2.3436279296875,82.08570034984302,0.0,0.0,0.0,31.482177028933382,8.546622037887573,5013.32571044528,0.003259897232055664,66.38730507327529,38.26919574673234,2.3436279296875,82.08570034984302,82.08570034984302,25.401072517030766,3.5309042930603027,78.29621934890747,95.97833752632141,66.38730507327529,14.98169755935669,80.99663996696472,1.1113710403442383,0.8439054275632972,0.0,108.0,0.0,-0.36358606815338135,0.6835443037974683,1.0,-0.3645400404930115,0.0,6427.0,5197.875,5171.5,4251.0,5197.875,0.0,0.0,-0.36358606815338135,5355.875,0.0,0.0,,1.0,0.36691516637802124,8.0,0.0012527069381441929,0.0009539375314489007,9.539375014355755e-07,1e-06,1e-06,1.0,0.0,0.0,0.0,1.0,1.0,0.0,0.0,0.0,0.0,5197.875,0.0,3.5309042930603027,0.0,6427.0,5197.875,1.0,78.29621934890747,95.97833752632141,66.38730507327529,14.98169755935669
3,2,0.0,5.116265773773193,-6143.592984412723,0.0006704254483338445,1.0797040462493896,-26.22599292030756,-3.0468578338623047,-0.03918888792395592,-5377.75,1.947049856185913,0.0,0.0,0.0,0.0,23.549957275390625,32.13778471946716,-26.22599292030756,8.10884714126587,7168.0,4.9063215255737305,12035.085693470752,-0.00027355170459486544,1.4194602966308594,103.41508365798774,3.0468578338623047,0.03918888792395592,5377.75,78.1360188341401,4.9063215255737305,12035.085693470752,0.017128467559814453,103.41508365798774,90.02492755838162,1.4194602966308594,103.41508365798774,103.41508365798774,76.6849941136137,1.6663861274719238,69.31290626525879,80.2424201965332,103.41508365798774,8.58840537071228,71.65401482582092,1.2409124374389648,0.8929692630197695,0.0,156.0,0.0,-0.3933168202638626,0.7323943661971831,0.0,-0.39304327964782715,0.0,7168.0,7168.0,7168.0,7168.0,7168.0,0.0,0.0,-0.3875875473022461,7381.0,1.0,1.0,1.0,,0.3892480731010437,8.0,0.0009005523265722424,-0.00027355170459486544,-2.7355173415344325e-07,1e-06,1e-06,0.9994558095932007,0.0,0.0,0.005729302763938904,2.0,0.9994558095932007,0.03866241127252579,0.0008544922457076609,3.0468578338623047,5377.75,7168.0,0.03918888792395592,1.6663861274719238,0.0,7168.0,7168.0,0.0,69.31290626525879,80.2424201965332,103.41508365798774,8.58840537071228,7168.0,10.022587299346924,5891.492709058029,0.0003968737437389791,2.499164342880249,77.18909073768017,0.0,0.0,0.0,38.24964748908258,10.022587299346924,5891.492709058029,0.0033986568450927734,77.18909073768017,51.13181561678318,2.499164342880249,77.18909073768017,77.18909073768017,35.364348767799385,3.613435983657837,92.86286354064941,112.38020491600037,77.18909073768017,16.69725251197815,95.68295240402222,1.2142632007598877,0.8514217648521049,0.0,156.0,0.0,-0.39009468257427216,0.7323943661971831,0.0,-0.3904915302991867,0.0,7168.0,7168.0,7168.0,7168.0,7168.0,0.0,0.0,-0.39009468257427216,7381.0,1.0,1.0,1.0,,0.38951587677001953,8.0,0.0010326873355054104,0.0003968737437389791,3.9687381558906054e-07,1e-06,1e-06,1.0000001192092896,0.0,0.0,0.0,2.0,1.0000001192092896,0.0,0.0,0.0,0.0,7168.0,0.0,3.613435983657837,0.0,7168.0,7168.0,0.0,92.86286354064941,112.38020491600037,77.18909073768017,16.69725251197815
4,3,-505.25,3.3081867694854736,-4861.716323535197,0.00027193235291633755,0.815910816192627,-21.22067731499733,-2.322791576385498,-0.02281634509563446,-2599.25,1.8229377269744873,0.0,-429.0,-505.25,0.0,8.380366802215576,14.543516635894775,-20.011678418558773,5.613488435745239,4991.625,4.174016237258911,9774.039601434688,8.014576451387256e-05,1.2193593978881836,109.11140877067035,2.322791576385498,0.02281634509563446,2599.25,61.12717342098387,4.174016237258911,9774.039601434688,0.004946708679199219,90.87989918319663,69.74859499690758,1.2193593978881836,109.11140877067035,109.11140877067035,60.05632950715185,1.416147232055664,54.925512075424194,64.78843522071838,90.87989918319663,7.689206600189209,57.099228620529175,1.1011052131652832,0.8813182233218945,0.0,72.0,0.0,-0.18484539538621902,0.6666666666666666,1.0,-0.18492555618286133,0.0,5993.0,4991.625,5024.5,3730.0,4991.625,0.0,0.0,-0.18181457370519638,5099.625,0.0,0.0,,1.0,0.1813036948442459,8.0,0.0006495919283868431,8.014576451387256e-05,8.014576735604351e-08,1e-06,1e-06,1.0000673532485962,0.0,0.0,0.0030308347195386887,3.0,1.0000673532485962,0.02239334210753441,0.0005037449300289154,2.322791576385498,2599.25,4991.625,0.02281634509563446,1.416147232055664,0.0,5993.0,4991.625,1.0,54.925512075424194,64.78843522071838,90.87989918319663,7.689206600189209,4486.375,7.482203006744385,4912.323277899491,0.0003520781174302101,2.0352702140808105,87.89073145567302,0.0,0.0,0.0,30.425640853522655,7.482203006744385,4912.323277899491,0.0030431747436523438,70.86822076463785,37.284291114659354,2.0352702140808105,87.89073145567302,87.89073145567302,23.427482797952024,3.2390849590301514,63.30587887763977,79.33195185661316,70.86822076463785,13.302695035934448,66.02925682067871,1.1301743984222412,0.832316050158729,0.0,72.0,0.0,-0.17808914184570312,0.6666666666666666,1.0,-0.17844121903181076,0.0,5564.0,4486.375,4347.0,3779.0,4486.375,0.0,0.0,-0.17808914184570312,4594.375,0.0,0.0,,1.0,0.17683827877044678,8.0,0.00104239498448964,0.0003520781174302101,3.520780751387065e-07,1e-06,1e-06,1.0,0.0,0.0,0.0,3.0,1.0,0.0,0.0,0.0,0.0,4486.375,0.0,3.2390849590301514,0.0,5564.0,4486.375,1.0,63.30587887763977,79.33195185661316,70.86822076463785,13.302695035934448
5,4,51.0,5.287714004516602,-6313.703403988813,0.00043995986197842285,1.1130576133728027,-30.452277087714336,-2.6251864433288574,-0.027531269937753677,-4725.0,2.077986478805542,0.0,0.0,51.0,-0.25,25.527294874191284,34.73648381233215,-29.43340609187264,8.348182439804077,7059.625,4.748874187469482,12061.174446594681,-5.764135130448267e-05,1.3774044513702393,108.94250784873967,2.6251864433288574,0.027531269937753677,4725.0,78.0170660814949,4.748874187469482,12061.174446594681,0.0031180381774902344,107.29537555408186,89.6597536349245,1.3774044513702393,108.94250784873967,108.94250784873967,81.91269986353265,1.5076751708984375,65.79617214202881,76.26818537712097,107.29537555408186,8.333471298217773,67.9347140789032,0.9893631935119629,0.8907346325730511,2.9802322387695312e-08,72.0,0.0,-0.255500927567482,0.72,0.375,-0.2554432898759842,0.0,7168.0,7059.625,7168.0,6572.0,7059.625,2.9802322387695312e-08,1.4901161193847656e-08,-0.2522348165512085,7159.625,0.625,0.625,,,0.2525867223739624,8.0,0.5222509800092341,-5.764135130448267e-05,0.002074606716632843,1e-06,1e-06,1.0001410245895386,0.014375079423189163,0.00207466259598732,0.0032661166042089462,4.0,1.0001410245895386,0.027065230533480644,0.00035327975638210773,2.6251864433288574,4725.0,7059.625,0.027531269937753677,1.5076751708984375,0.0,7168.0,7059.625,0.375,65.79617214202881,76.26818537712097,107.29537555408186,8.333471298217773,7110.625,10.036588191986084,5747.471042605868,0.0003823185106739402,2.490462064743042,78.49023076102533,0.0,0.0,0.0,37.208344853801265,10.036588191986084,5747.471042605868,0.0031499862670898438,77.86196946220922,49.98333975714648,2.490462064743042,78.49023076102533,78.49023076102533,34.7164968966363,3.5856616497039795,91.32346701622009,111.00466918945312,77.86196946220922,16.68165373802185,94.32301545143127,1.1067068576812744,0.8497211526341198,1.862645149230957e-08,72.0,0.0,-0.2578781694173813,0.72,0.125,-0.25826050341129303,0.0,7168.0,7110.625,7168.0,6709.0,7110.625,1.862645149230957e-08,3.725290298461914e-09,-0.2578781694173813,7210.625,0.875,0.875,,,0.25882643461227417,8.0,0.8339313427682725,0.0003823185106739402,3.688037395477295e-07,1e-06,1e-06,1.0,0.0,-1.862645149230957e-08,0.0,4.0,1.0,0.0,0.0,0.0,0.0,7110.625,0.0,3.5856616497039795,0.0,7168.0,7110.625,0.125,91.32346701622009,111.00466918945312,77.86196946220922,16.68165373802185
6,5,0.0,5.160881280899048,-6417.323992724237,0.0009505617781542242,1.1155531406402588,-7.438916080109223,-2.3058338165283203,-0.042102135717868805,-5882.5,2.113689422607422,0.0,0.0,0.0,0.0,8.096781015396118,16.752238273620605,-7.438916080109223,8.103065490722656,7168.0,4.767874717712402,12345.961982038529,-2.7028494514524937e-05,1.3459429740905762,84.9563527360144,2.3058338165283203,0.042102135717868805,5882.5,80.12293390071143,4.767874717712402,12345.961982038529,0.0030884742736816406,84.9563527360144,94.60928588307237,1.3459429740905762,84.9563527360144,84.9563527360144,90.90974968114925,1.4007155895233154,84.37273693084717,95.1618230342865,84.9563527360144,8.374958992004395,86.7868640422821,1.2498888969421387,0.9119924490203711,0.0,132.0,0.0,-0.4433055967092514,0.6947368421052632,0.0,-0.4432785362005234,0.0,7168.0,7168.0,7168.0,7168.0,7168.0,0.0,0.0,-0.4382941275835037,7358.0,1.0,1.0,1.0,,0.43635761737823486,8.0,0.000957966562881319,-2.7028494514524937e-05,-2.7028505655835033e-08,1e-06,1e-06,0.9998242855072021,0.0,0.0,0.0050114598125219345,5.0,0.9998242855072021,0.04149528592824936,0.00038364960346370935,2.3058338165283203,5882.5,7168.0,0.042102135717868805,1.4007155895233154,0.0,7168.0,7168.0,0.0,84.37273693084717,95.1618230342865,84.9563527360144,8.374958992004395,7168.0,9.92875599861145,5928.637989314292,0.0009235332836396992,2.461496114730835,77.51743665590517,0.0,0.0,0.0,38.47572756421545,9.92875599861145,5928.637989314292,0.003255128860473633,77.51743665590517,51.73223831473425,2.461496114730835,77.51743665590517,77.51743665590517,36.23336046315397,3.5144050121307373,92.46951794624329,111.9140613079071,77.51743665590517,16.47802448272705,95.43603682518005,1.0813713073730469,0.8527618041008148,0.0,132.0,0.0,-0.43955403566360474,0.6947368421052632,0.0,-0.44047755002975464,0.0,7168.0,7168.0,7168.0,7168.0,7168.0,0.0,0.0,-0.43955403566360474,7358.0,1.0,1.0,1.0,,0.44210925698280334,8.0,0.0009616761678131858,0.0009235332836396992,9.23533320928982e-07,1e-06,1e-06,1.0,0.0,0.0,0.0,5.0,1.0,0.0,0.0,0.0,0.0,7168.0,0.0,3.5144050121307373,0.0,7168.0,7168.0,0.0,92.46951794624329,111.9140613079071,77.51743665590517,16.47802448272705
7,6,-72.25,2.8033411502838135,-6442.309015354512,0.00038129133463371545,0.801349401473999,14.326348430180332,-1.2204126119613647,-0.024687493219971657,-2001.5,1.7754361629486084,0.0,214.0,-72.25,0.0,-5.497712850570679,0.2875707149505615,6.324407297189637,5.004403591156006,3463.25,2.440916061401367,11845.552764891076,-8.14479571999982e-05,0.6673624515533447,82.21554175308802,1.2204126119613647,0.024687493219971657,2001.5,72.04110665487283,2.440916061401367,11845.552764891076,0.0027027130126953125,66.61978824903652,87.83147943355733,0.6673624515533447,82.21554175308802,82.21554175308802,80.54192981577752,0.7277629375457764,51.985304832458496,59.19218873977661,66.61978824903652,4.820769786834717,54.371418952941895,1.2370882034301758,0.9185573318123443,0.0,108.0,0.0,-0.20984405279159546,0.7152317880794702,1.0,-0.2097626030445099,0.0,4274.0,3463.25,3504.5,2564.0,3463.25,0.0,0.0,-0.20674121379852295,3614.25,0.0,0.0,,1.0,0.20581410825252533,8.0,0.0008903324857619417,-8.14479571999982e-05,-8.144795771158897e-08,1e-06,1e-06,1.0002145767211914,0.0,0.0,0.003102850168943405,6.0,1.0002145767211914,0.024457111954689026,0.0005604479229077697,1.2204126119613647,2001.5,3463.25,0.024687493219971657,0.7277629375457764,0.0,4274.0,3463.25,1.0,51.985304832458496,59.19218873977661,66.61978824903652,4.820769786834717,3391.0,5.244257211685181,5403.243749536564,0.00029984337743371725,1.4687118530273438,96.54189018326835,0.0,0.0,0.0,32.8287455842414,5.244257211685181,5403.243749536564,0.0029075145721435547,72.94419554622615,39.07332933183837,1.4687118530273438,96.54189018326835,96.54189018326835,22.925648189781594,2.5031991004943848,46.48759198188782,59.47975945472717,72.94419554622615,9.825173377990723,49.65458607673645,1.2757649421691895,0.8348148434347802,0.0,108.0,0.0,-0.21050117164850235,0.7152317880794702,1.0,-0.21080101281404495,0.0,4488.0,3391.0,3177.0,2886.0,3391.0,0.0,0.0,-0.21050117164850235,3542.0,0.0,0.0,,1.0,0.21282076835632324,8.0,0.0012610237454242247,0.00029984337743371725,2.9984340699229506e-07,1e-06,1e-06,1.0,0.0,0.0,0.0,6.0,1.0,0.0,0.0,0.0,0.0,3391.0,0.0,2.5031991004943848,0.0,4488.0,3391.0,1.0,46.48759198188782,59.47975945472717,72.94419554622615,9.825173377990723
8,7,-57.125,3.2263312339782715,-3647.226916917075,0.00043069125968031585,0.8508453369140625,-29.50679925382869,-2.7282989025115967,-0.031039563938975334,-3396.875,1.802523136138916,0.0,-178.0,-57.125,0.0,16.208802223205566,22.578327655792236,-24.578029734482655,5.728984117507935,5221.875,4.785950422286987,8915.888430705782,0.00023479279479943216,1.344259262084961,113.46049101352033,2.7282989025115967,0.031039563938975334,3396.875,55.9015014640277,4.785950422286987,8915.888430705782,0.002945423126220703,100.13123229866933,66.34181914265548,1.344259262084961,113.46049101352033,113.46049101352033,56.9373617862417,1.5662932395935059,52.1503119468689,62.80002737045288,100.13123229866933,8.434944152832031,54.36508321762085,1.135406732559204,0.865685661200832,0.0,72.0,0.0,-0.2644909769296646,0.6428571428571429,1.0,-0.26472577452659607,0.0,5917.0,5221.875,4998.5,4767.0,5221.875,0.0,0.0,-0.2613256424665451,5333.875,0.0,0.0,,1.0,0.26432761549949646,8.0,0.0008013589642339354,0.00023479279479943216,2.3479279320781643e-07,1e-06,1e-06,1.0009044408798218,0.0,0.0,0.003165337722748518,7.0,1.0009044408798218,0.030546603724360466,0.0005143979215063155,2.7282989025115967,3396.875,5221.875,0.031039563938975334,1.5662932395935059,0.0,5917.0,5221.875,1.0,52.1503119468689,62.80002737045288,100.13123229866933,8.434944152832031,5164.75,8.012281656265259,5268.6615137887065,0.000665484054479748,2.1951045989990234,83.95369175969164,0.0,0.0,0.0,33.00800350774443,8.012281656265259,5268.6615137887065,0.0030846595764160156,75.55320256418668,40.1604888039867,2.1951045989990234,83.95369175969164,83.95369175969164,26.168381959528354,3.368816375732422,68.35911417007446,85.37835502624512,75.55320256418668,14.163928270339966,71.21442675590515,1.2569859027862549,0.8341039919779901,0.0,72.0,0.0,-0.27650412917137146,0.6428571428571429,1.0,-0.2771696299314499,0.0,5739.0,5164.75,5128.0,4210.0,5164.75,0.0,0.0,-0.27650412917137146,5276.75,0.0,0.0,,1.0,0.2720263600349426,8.0,0.0011918818286963035,0.000665484054479748,6.654841513409337e-07,1e-06,1e-06,1.0,0.0,0.0,0.0,7.0,1.0,0.0,0.0,0.0,0.0,5164.75,0.0,3.368816375732422,0.0,5739.0,5164.75,1.0,68.35911417007446,85.37835502624512,75.55320256418668,14.163928270339966
9,8,0.0,5.271108388900757,-6286.444685355001,0.0013882241328246891,1.1383421421051025,-25.512113851017872,-2.4907445907592773,-0.03491641581058502,-5451.625,2.1341161727905273,0.0,0.0,0.0,0.0,23.370266437530518,32.36577749252319,-25.512113851017872,8.421318769454956,7168.0,4.841104745864868,12060.057169775127,-0.00041743990732356906,1.4105899333953857,102.12972578161946,2.4907445907592773,0.03491641581058502,5451.625,78.18744155612401,4.841104745864868,12060.057169775127,0.0031304359436035156,102.12972578161946,89.44569583339175,1.4105899333953857,102.12972578161946,102.12972578161946,82.50235151708652,1.5293042659759521,70.18524670600891,80.86654210090637,102.12972578161946,8.468045949935913,72.39849615097046,1.0950260162353516,0.8952836892744916,0.0,96.0,0.0,-0.32894039154052734,0.7384615384615385,0.0,-0.3285229504108429,0.0,7168.0,7168.0,7168.0,7168.0,7168.0,0.0,0.0,-0.32481488585472107,7298.0,1.0,1.0,1.0,,0.32593032717704773,8.0,0.0007833938937031571,-0.00041743990732356906,-4.1743993506315746e-07,1e-06,1e-06,1.0004322528839111,0.0,0.0,0.004125502891838551,8.0,1.0004322528839111,0.034647535532712936,0.0006801059935241938,2.4907445907592773,5451.625,7168.0,0.03491641581058502,1.5293042659759521,0.0,7168.0,7168.0,0.0,70.18524670600891,80.86654210090637,102.12972578161946,8.468045949935913,7168.0,10.112213134765625,5773.612484420127,0.0009707842255011201,2.5489320755004883,76.61761193060158,0.0,0.0,0.0,37.43133074233378,10.112213134765625,5773.612484420127,0.0032434463500976562,76.61761193060158,49.49963137144563,2.5489320755004883,76.61761193060158,76.61761193060158,34.44081842012419,3.6634204387664795,93.55551314353943,113.23231959342957,76.61761193060158,16.88936471939087,96.3429548740387,1.15806245803833,0.8508432505839888,0.0,96.0,0.0,-0.32148389518260956,0.7384615384615385,0.0,-0.3224547207355499,0.0,7168.0,7168.0,7168.0,7168.0,7168.0,0.0,0.0,-0.32148389518260956,7298.0,1.0,1.0,1.0,,0.3186798691749573,8.0,0.0008895529782061794,0.0009707842255011201,9.707844128570287e-07,1e-06,1e-06,1.0000001192092896,0.0,0.0,0.0,8.0,1.0000001192092896,0.0,0.0,0.0,0.0,7168.0,0.0,3.6634204387664795,0.0,7168.0,7168.0,0.0,93.55551314353943,113.23231959342957,76.61761193060158,16.88936471939087
10,9,0.0,5.286615371704102,-6456.20875586404,0.0008693382114870474,1.0545074939727783,-33.531976330704566,-17.970962524414062,-0.054839178919792175,-6755.875,2.0223352909088135,0.0,0.0,0.0,0.0,27.539918422698975,36.22976803779602,-33.531976330704566,8.227076530456543,7168.0,4.757685422897339,12266.468841998361,-0.0001666676689637825,1.3966240882873535,111.6801157580179,17.970962524414062,0.054839178919792175,6755.875,79.52157449401079,4.757685422897339,12266.468841998361,0.003133535385131836,111.6801157580179,90.29836994051075,1.3966240882873535,111.6801157580179,111.6801157580179,80.64204227886033,1.5638601779937744,64.18331456184387,74.89152979850769,111.6801157580179,8.439646244049072,66.45188355445862,1.1714468002319336,0.8873084010066884,0.0,84.0,0.0,-0.6663362383842468,0.6614173228346457,0.0,-0.6661695837974548,0.0,7168.0,7168.0,7168.0,7168.0,7168.0,0.0,0.0,-0.6581396162509918,7295.0,1.0,1.0,1.0,,0.6541329622268677,8.0,0.001624288789624835,-0.0001666676689637825,-1.6666767521655856e-07,1e-06,1e-06,0.9996649026870728,0.0,0.0,0.008196643553674221,9.0,0.9996649026870728,0.05198202654719353,0.0003313337219879031,17.970962524414062,6755.875,7168.0,0.054839178919792175,1.5638601779937744,0.0,7168.0,7168.0,0.0,64.18331456184387,74.89152979850769,111.6801157580179,8.439646244049072,7168.0,10.04430079460144,5810.260086134322,0.0007026705425232649,2.451131582260132,78.14813942731334,0.0,0.0,0.0,37.666995793211164,10.04430079460144,5810.260086134322,0.0031189918518066406,78.14813942731334,51.45088068903842,2.451131582260132,78.14813942731334,78.14813942731334,35.1662032049223,3.586195468902588,91.72323298454285,111.12129783630371,78.14813942731334,16.666722774505615,94.4545750617981,1.0593693256378174,0.8500132458940689,0.0,84.0,0.0,-0.6873745024204254,0.6614173228346457,0.0,-0.6880772113800049,0.0,7168.0,7168.0,7168.0,7168.0,7168.0,0.0,0.0,-0.6873745024204254,7295.0,1.0,1.0,1.0,,0.6857925057411194,8.0,0.0011507492476791079,0.0007026705425232649,7.026704906820669e-07,1e-06,1e-06,1.0,0.0,0.0,0.0,9.0,1.0,0.0,0.0,0.0,0.0,7168.0,0.0,3.586195468902588,0.0,7168.0,7168.0,0.0,91.72323298454285,111.12129783630371,78.14813942731334,16.666722774505615
11,10,-59.25,5.234905481338501,-6287.182944053456,0.0015561802429147065,1.151925802230835,-34.3307360053673,-8.50328540802002,-0.037933100014925,-5287.125,2.2011969089508057,0.0,0.0,-59.25,0.25,28.602765560150146,37.50670313835144,-34.96856968485962,8.293766498565674,7168.0,4.863856077194214,12038.18514995546,-0.0006166286184452474,1.3851583003997803,111.49515481719847,8.50328540802002,0.037933100014925,5287.125,78.07359932596398,4.863856077194214,12038.18514995546,0.003239154815673828,111.49515481719847,91.38275638252969,1.3851583003997803,111.49515481719847,111.49515481719847,91.88787457563045,1.3775439262390137,64.2897891998291,74.95168375968933,111.49515481719847,8.538649320602417,66.41303443908691,1.0318641662597656,0.8860779519246145,0.0,108.0,0.0,-0.3190382421016693,0.7152317880794702,0.0,-0.3184216022491455,0.0,7168.0,7168.0,7168.0,7168.0,7168.0,0.0,0.0,-0.31364069879055023,7319.0,1.0,1.0,1.0,,0.3127276301383972,8.0,0.0012164850485710669,-0.0006166286184452474,-6.166286539155408e-07,1e-06,1e-06,1.0002505779266357,0.0,0.0,0.005397527478635311,10.0,1.0002505779266357,0.0366278812289238,0.0007498605409637094,8.50328540802002,5287.125,7168.0,0.037933100014925,1.3775439262390137,0.0,7168.0,7168.0,0.0,64.2897891998291,74.95168375968933,111.49515481719847,8.538649320602417,7108.75,10.098761558532715,5751.002205902004,0.0009395516244694591,2.5370841026306152,77.16441881183117,0.0,0.0,0.0,37.261361910821975,10.098761558532715,5751.002205902004,0.003533601760864258,76.52658513233885,49.439119091272026,2.5370841026306152,77.16441881183117,77.16441881183117,35.04897640565667,3.5787408351898193,92.89255475997925,112.45838689804077,76.52658513233885,16.83241581916809,95.62597107887268,1.0777535438537598,0.8503231614514529,-5.21540641784668e-08,108.0,0.0,-0.2863096594810486,0.7152317880794702,0.25,-0.2872491925954819,0.0,7168.0,7108.75,7168.0,6899.0,7108.75,-5.21540641784668e-08,0.0,-0.2863096594810486,7259.75,0.75,0.75,,,0.28424084186553955,8.0,0.9911378429503033,0.0009395516244694591,1.0058283805847168e-06,1e-06,1e-06,1.0,0.0,5.21540641784668e-08,0.0,10.0,1.0,0.0,0.0,0.0,0.0,7108.75,0.0,3.5787408351898193,0.0,7168.0,7108.75,0.25,92.89255475997925,112.45838689804077,76.52658513233885,16.83241581916809
12,11,79.25,5.174933195114136,-5803.083245308493,0.0006835382519057021,1.1706798076629639,-19.37389585038018,-3.4284467697143555,-0.03663424402475357,-5167.125,2.0679242610931396,0.0,0.0,79.25,0.0,18.12853765487671,27.028263092041016,-18.055368042904135,8.35634970664978,7000.75,4.9531474113464355,11479.973293292911,0.00013417629816103727,1.373410701751709,97.74516705558149,3.4284467697143555,0.03663424402475357,5167.125,74.22009250866117,4.9531474113464355,11479.973293292911,0.006513357162475586,95.46449194536302,89.22387129848467,1.373410701751709,97.74516705558149,97.74516705558149,76.91858449894218,1.5931262969970703,73.33354902267456,84.0598955154419,95.46449194536302,8.554853677749634,75.50504183769226,0.9991402626037598,0.8982290707680204,-2.2351741790771484e-08,72.0,0.0,-0.3406213968992233,0.6728971962616822,0.125,-0.3407555818557739,0.0,7168.0,7000.75,7168.0,5830.0,7000.75,-2.2351741790771484e-08,3.725290298461914e-09,-0.33607232570648193,7107.75,0.875,0.875,,,0.3344058692455292,8.0,0.5749077069806872,0.00013417629816103727,0.0010920483618974686,1e-06,1e-06,0.9999871253967285,0.023363448679447174,0.00109192356467247,0.004549073521047831,11.0,0.9999871253967285,0.03593790531158447,0.0005082922871224582,3.4284467697143555,5167.125,7000.75,0.03663424402475357,1.5931262969970703,0.0,7168.0,7000.75,0.125,73.33354902267456,84.0598955154419,95.46449194536302,8.554853677749634,7080.0,10.128080606460571,5676.890047984418,0.0008177145500667393,2.544090509414673,78.37127120520131,0.0,0.0,0.0,36.73930987684627,10.128080606460571,5676.890047984418,0.004742145538330078,77.40912390245889,48.753335161287424,2.544090509414673,78.37127120520131,78.37127120520131,33.8790451861025,3.66105055809021,91.46208667755127,111.08815860748291,77.40912390245889,16.911203384399414,94.1769552230835,1.0460214614868164,0.8477677225332974,-2.2351741790771484e-08,72.0,0.0,-0.3296184092760086,0.6728971962616822,0.125,-0.330436110496521,0.0,7168.0,7080.0,7168.0,6464.0,7080.0,-2.2351741790771484e-08,3.725290298461914e-09,-0.3296184092760086,7187.0,0.875,0.875,,,0.33047640323638916,8.0,0.9080491130229877,0.0008177145500667393,8.512288331985474e-07,1e-06,1e-06,1.0,0.0,2.2351741790771484e-08,0.0,11.0,1.0,0.0,0.0,0.0,0.0,7080.0,0.0,3.66105055809021,0.0,7168.0,7080.0,0.125,91.46208667755127,111.08815860748291,77.40912390245889,16.911203384399414
13,12,20.125,5.220889568328857,-6185.758726096078,0.0007251139904838055,1.1653964519500732,5.508585490422746,-7.519618988037109,-0.03275337070226669,-4319.75,2.085810661315918,0.0,0.0,20.125,-0.125,-7.165960073471069,1.5107016563415527,5.709406478539307,8.376528978347778,7147.875,4.87091064453125,11987.696810976757,-0.00012820461415685713,1.362025260925293,71.52719715873205,7.519618988037109,0.03275337070226669,4319.75,77.71999178976178,4.87091064453125,11987.696810976757,0.003118276596069336,71.32637617061549,92.64809451097652,1.362025260925293,71.52719715873205,71.52719715873205,79.95279899583647,1.578294277191162,100.21362900733948,111.05091857910156,71.32637617061549,8.45760726928711,102.59331130981445,1.2148232460021973,0.9238402763569871,-1.4901161193847656e-08,108.0,0.0,-0.27133379876613617,0.7152317880794702,0.125,-0.2712055742740631,0.0,7168.0,7147.875,7168.0,7007.0,7147.875,-1.4901161193847656e-08,3.725290298461914e-09,-0.2665804773569107,7298.875,0.875,0.875,,,0.26891058683395386,8.0,0.5416651933601101,-0.00012820461415685713,0.001393606886267662,1e-06,1e-06,1.0005109310150146,0.022445887327194214,0.0013937484472990036,0.0047533330507576466,12.0,1.0005109310150146,0.03182515501976013,0.0008394577307626605,7.519618988037109,4319.75,7147.875,0.03275337070226669,1.578294277191162,0.0,7168.0,7147.875,0.125,100.21362900733948,111.05091857910156,71.32637617061549,8.45760726928711,7168.0,10.091800212860107,5801.938084880679,0.0005969093763269484,2.527421712875366,77.0357826491548,0.0,0.0,0.0,37.62844512776919,10.091800212860107,5801.938084880679,0.004185676574707031,77.0357826491548,50.08249429521063,2.527421712875366,77.0357826491548,77.0357826491548,34.54584015496187,3.66410493850708,93.04766893386841,112.56162023544312,77.0357826491548,16.834136247634888,95.72748398780823,1.0166127681732178,0.8504451498439413,0.0,108.0,0.0,-0.2634221240878105,0.7152317880794702,0.0,-0.26401902735233307,0.0,7168.0,7168.0,7168.0,7168.0,7168.0,0.0,0.0,-0.2634221240878105,7319.0,1.0,1.0,1.0,,0.26382485032081604,8.0,0.0009031900614230254,0.0005969093763269484,5.96909444539051e-07,1e-06,1e-06,1.0,0.0,0.0,0.0,12.0,1.0,0.0,0.0,0.0,0.0,7168.0,0.0,3.66410493850708,0.0,7168.0,7168.0,0.0,93.04766893386841,112.56162023544312,77.0357826491548,16.834136247634888
14,13,0.0,5.289242267608643,-6211.995356309532,0.0006533635023515671,1.140929937362671,-13.249689829996086,-2.491824150085449,-0.03348054736852646,-4632.5,2.1748337745666504,0.0,0.0,0.0,0.0,14.192331790924072,22.778314352035522,-13.249689829996086,8.351691484451294,7168.0,4.9523234367370605,12028.29353957697,-1.1208903742954135e-05,1.3449878692626953,88.69674286323138,2.491824150085449,0.03348054736852646,4632.5,78.17838692428928,4.9523234367370605,12028.29353957697,0.0030732154846191406,88.69674286323138,95.95245346554552,1.3449878692626953,88.69674286323138,88.69674286323138,90.86858279162135,1.420236587524414,80.81469249725342,91.72541499137878,88.69674286323138,8.52803349494934,83.19738149642944,1.2344152927398682,0.9070264931943792,0.0,204.0,0.0,-0.30271080136299133,0.7338129496402878,0.0,-0.30269959568977356,0.0,7168.0,7168.0,7168.0,7168.0,7168.0,0.0,0.0,-0.2976897656917572,7446.0,1.0,1.0,1.0,,0.2987416386604309,8.0,0.0009014756865559783,-1.1208903742954135e-05,-1.1208882710889156e-08,1e-06,1e-06,0.9991791248321533,0.0,0.0,0.005021046847105026,13.0,0.9991791248321533,0.03286141902208328,0.00041852681897580624,2.491824150085449,4632.5,7168.0,0.03348054736852646,1.420236587524414,0.0,7168.0,7168.0,0.0,80.81469249725342,91.72541499137878,88.69674286323138,8.52803349494934,7168.0,10.241565704345703,5816.298183267437,0.000642154598608613,2.485917806625366,75.44705303323529,0.0,0.0,0.0,37.80326846384183,10.241565704345703,5816.298183267437,0.0030841827392578125,75.44705303323529,51.91438171978181,2.485917806625366,75.44705303323529,75.44705303323529,35.89773577118182,3.5950703620910645,95.00702428817749,114.5037293434143,75.44705303323529,16.879724979400635,97.62400436401367,1.0079338550567627,0.8525836225929747,0.0,204.0,0.0,-0.3060520142316818,0.7338129496402878,0.0,-0.3066941499710083,0.0,7168.0,7168.0,7168.0,7168.0,7168.0,0.0,0.0,-0.3060520142316818,7446.0,1.0,1.0,1.0,,0.30442923307418823,8.0,0.001038242533693195,0.000642154598608613,6.421546459023375e-07,1e-06,1e-06,1.0,0.0,0.0,0.0,13.0,1.0,0.0,0.0,0.0,0.0,7168.0,0.0,3.5950703620910645,0.0,7168.0,7168.0,0.0,95.00702428817749,114.5037293434143,75.44705303323529,16.879724979400635
15,14,0.0,5.290061950683594,-6361.891244122564,0.0010088896087836474,1.1705937385559082,-3.7576757530707994,-5.3677263259887695,-0.04850597679615021,-6183.875,2.2161366939544678,0.0,0.0,0.0,0.0,4.313561201095581,13.110544919967651,-3.7576757530707994,8.484415769577026,7168.0,4.818892955780029,12157.149066723161,-0.0001608969469089061,1.4000217914581299,80.92183353502487,5.3677263259887695,0.04850597679615021,6183.875,78.85051724318252,4.818892955780029,12157.149066723161,0.0031120777130126953,80.92183353502487,90.46816376266091,1.4000217914581299,80.92183353502487,80.92183353502487,87.02123136493151,1.455476999282837,88.57930779457092,99.33100080490112,80.92183353502487,8.439347505569458,90.89165329933167,1.1599631309509277,0.9150381307226993,0.0,108.0,0.0,-0.4365605115890503,0.6967741935483871,0.0,-0.4363996237516403,0.0,7168.0,7168.0,7168.0,7168.0,7168.0,0.0,0.0,-0.43001559376716614,7323.0,1.0,1.0,1.0,,0.42773303389549255,8.0,0.000983717484316326,-0.0001608969469089061,-1.6089697396637348e-07,1e-06,1e-06,0.9998555183410645,0.0,0.0,0.006544958800077438,14.0,0.9998555183410645,0.04736679792404175,0.0006626674439758062,5.3677263259887695,6183.875,7168.0,0.04850597679615021,1.455476999282837,0.0,7168.0,7168.0,0.0,88.57930779457092,99.33100080490112,80.92183353502487,8.439347505569458,7168.0,10.108954906463623,5795.257822600597,0.0008479926618747413,2.570615530014038,77.16415778195407,0.0,0.0,0.0,37.58768395136784,10.108954906463623,5795.257822600597,0.0030879974365234375,77.16415778195407,49.271234543672236,2.570615530014038,77.16415778195407,77.16415778195407,34.496385318045995,3.6716136932373047,92.8928689956665,112.44154572486877,77.16415778195407,16.923763275146484,95.51778244972229,1.0118660926818848,0.8494883437785804,0.0,108.0,0.0,-0.44058750569820404,0.6967741935483871,0.0,-0.4414355009794235,0.0,7168.0,7168.0,7168.0,7168.0,7168.0,0.0,0.0,-0.44058750569820404,7323.0,1.0,1.0,1.0,,0.4372692108154297,8.0,0.0011091555174952124,0.0008479926618747413,8.479927373628016e-07,1e-06,1e-06,1.0,0.0,0.0,0.0,14.0,1.0,0.0,0.0,0.0,0.0,7168.0,0.0,3.6716136932373047,0.0,7168.0,7168.0,0.0,92.8928689956665,112.44154572486877,77.16415778195407,16.923763275146484
16,15,511.375,2.750643730163574,-4096.849829903539,-9.346404112875462e-06,0.7813234329223633,-8.256974408137026,-1.2519711256027222,-0.023330852389335632,-1507.0,1.6797847747802734,0.0,2004.0,511.375,0.0,24.422518014907837,29.622832775115967,-32.61087032727706,4.823652029037476,2689.75,2.434497356414795,9210.114745419214,0.00044189102482050657,0.7228102684020996,100.15265584793633,1.2519711256027222,0.023330852389335632,1507.0,55.13963855652195,2.434497356414795,9210.114745419214,0.0027909278869628906,92.41358698695943,61.9052745318055,0.7228102684020996,100.15265584793633,100.15265584793633,51.639626412035796,0.8665006160736084,29.105568647384644,36.311912059783936,92.41358698695943,4.95035982131958,31.361552238464355,1.1735188961029053,0.8636711883095193,0.0,84.0,0.0,-0.1887185052037239,0.7433628318584071,1.0,-0.18916038423776627,0.0,2915.0,2689.75,2635.5,2474.0,2689.75,0.0,0.0,-0.18641433864831924,2802.75,0.0,0.0,,1.0,0.1839287430047989,8.0,0.0009255507506488117,0.00044189102482050657,4.4189104642100574e-07,1e-06,1e-06,1.0008435249328613,0.0,0.0,0.0023041623644530773,15.0,1.0008435249328613,0.023074399679899216,0.0006968883099034429,1.2519711256027222,1507.0,2689.75,0.023330852389335632,0.8665006160736084,0.0,2915.0,2689.75,1.0,29.105568647384644,36.311912059783936,92.41358698695943,4.95035982131958,3201.125,5.185141086578369,5113.264915515675,0.0004325446207076311,1.504133701324463,91.8956814397993,0.0,0.0,0.0,31.033344916767277,5.185141086578369,5113.264915515675,0.0029306411743164062,59.80271665968237,35.66001072914305,1.504133701324463,91.8956814397993,91.8956814397993,21.064969433496614,2.546285390853882,53.52808666229248,65.9347448348999,59.80271665968237,9.774011850357056,56.16073298454285,0.9832510948181152,0.8517623466226933,0.0,84.0,0.0,-0.18218336254358292,0.7433628318584071,1.0,-0.18261591345071793,0.0,4919.0,3201.125,2709.5,2425.0,3201.125,0.0,0.0,-0.18218336254358292,3314.125,0.0,0.0,,1.0,0.18184837698936462,8.0,0.0011593468630904534,0.0004325446207076311,4.3254465253994567e-07,1e-06,1e-06,1.0,0.0,0.0,0.0,15.0,1.0,0.0,0.0,0.0,0.0,3201.125,0.0,2.546285390853882,0.0,4919.0,3201.125,1.0,53.52808666229248,65.9347448348999,59.80271665968237,9.774011850357056
17,16,0.0,5.30012583732605,-6478.297837593114,0.0009083853801712394,1.1725122928619385,-28.67369094752881,-6.319681644439697,-0.04701504856348038,-6542.625,2.2633912563323975,0.0,0.0,0.0,0.0,25.382819890975952,34.311827421188354,-28.67369094752881,8.465078592300415,7168.0,4.7986040115356445,12343.58989773041,0.00016214302740991116,1.3614435195922852,105.45694796843298,6.319681644439697,0.04701504856348038,6542.625,80.17033423238915,4.7986040115356445,12343.58989773041,0.003088712692260742,105.45694796843298,94.19063465051781,1.3614435195922852,105.45694796843298,105.45694796843298,91.61967806230102,1.3996472358703613,67.97086524963379,78.53226661682129,105.45694796843298,8.403361320495605,70.12890529632568,1.049539566040039,0.8929947945919131,0.0,168.0,0.0,-0.5095294713973999,0.711864406779661,0.0,-0.5096916258335114,0.0,7168.0,7168.0,7168.0,7168.0,7168.0,0.0,0.0,-0.503890335559845,7404.0,1.0,1.0,1.0,,0.5030305981636047,8.0,0.0010298855293566361,0.00016214302740991116,1.6214305276207597e-07,1e-06,1e-06,1.0006359815597534,0.0,0.0,0.005639117211103439,16.0,1.0006359815597534,0.04634891450405121,0.0009242466767318547,6.319681644439697,6542.625,7168.0,0.04701504856348038,1.3996472358703613,0.0,7168.0,7168.0,0.0,67.97086524963379,78.53226661682129,105.45694796843298,8.403361320495605,7168.0,10.098729848861694,5865.292060137295,0.0010705284075811505,2.5339558124542236,76.78325702090417,0.0,0.0,0.0,38.09446269097486,10.098729848861694,5865.292060137295,0.0037567615509033203,76.78325702090417,50.60673454563194,2.5339558124542236,76.78325702090417,76.78325702090417,35.00788469031841,3.663038492202759,93.35368514060974,112.84409403800964,76.78325702090417,16.86843991279602,95.97565412521362,1.038283348083496,0.8505155271385831,0.0,168.0,0.0,-0.5166475474834442,0.711864406779661,0.0,-0.5177180916070938,0.0,7168.0,7168.0,7168.0,7168.0,7168.0,0.0,0.0,-0.5166475474834442,7404.0,1.0,1.0,1.0,,0.5180073976516724,8.0,0.0010842096353370677,0.0010705284075811505,1.0705283557399525e-06,1e-06,1e-06,1.0,0.0,0.0,0.0,16.0,1.0,0.0,0.0,0.0,0.0,7168.0,0.0,3.663038492202759,0.0,7168.0,7168.0,0.0,93.35368514060974,112.84409403800964,76.78325702090417,16.86843991279602
18,17,0.0,5.062888860702515,-5797.899593165074,0.0005197149585001171,1.213690996170044,-24.757525895631915,-5.5698652267456055,-0.042207129299640656,-5855.75,1.974886417388916,0.0,0.0,0.0,0.0,22.125842332839966,30.718437671661377,-24.757525895631915,8.181288719177246,7168.0,5.04468560218811,11574.953248756023,0.0001178393722511828,1.3567419052124023,102.78787374202489,5.5698652267456055,0.042207129299640656,5855.75,75.04370882800944,5.04468560218811,11574.953248756023,0.003446817398071289,102.78787374202489,93.01005494733094,1.3567419052124023,102.78787374202489,102.78787374202489,76.77046276383726,1.6437394618988037,69.73585247993469,80.65882420539856,102.78787374202489,8.699676513671875,71.95914769172668,1.1581337451934814,0.8921422845004775,0.0,96.0,0.0,-0.43101415038108826,0.732824427480916,0.0,-0.4311320036649704,0.0,7168.0,7168.0,7168.0,7168.0,7168.0,0.0,0.0,-0.4258146733045578,7299.0,1.0,1.0,1.0,,0.4278716742992401,8.0,0.0008144242910352613,0.0001178393722511828,1.1783937026166313e-07,1e-06,1e-06,1.000351905822754,0.0,0.0,0.005199499428272247,17.0,1.000351905822754,0.041429489850997925,0.0006975446594879031,5.5698652267456055,5855.75,7168.0,0.042207129299640656,1.6437394618988037,0.0,7168.0,7168.0,0.0,69.73585247993469,80.65882420539856,102.78787374202489,8.699676513671875,7168.0,10.107574462890625,5777.053655590948,0.0006375543307512999,2.5704329013824463,78.03034784639297,0.0,0.0,0.0,37.45427934756859,10.107574462890625,5777.053655590948,0.005888938903808594,78.03034784639297,49.093146561142824,2.5704329013824463,78.03034784639297,78.03034784639297,34.87252989468782,3.6186258792877197,91.86169481277466,111.37726187705994,78.03034784639297,16.88096523284912,94.49629664421082,1.006939172744751,0.8484343666889332,0.0,96.0,0.0,-0.42916932702064514,0.732824427480916,0.0,-0.4298069030046463,0.0,7168.0,7168.0,7168.0,7168.0,7168.0,0.0,0.0,-0.42916932702064514,7299.0,1.0,1.0,1.0,,0.4281791150569916,8.0,0.0010085681353264465,0.0006375543307512999,6.375542511705135e-07,1e-06,1e-06,1.0000001192092896,0.0,0.0,0.0,17.0,1.0000001192092896,0.0,0.0,0.0,0.0,7168.0,0.0,3.6186258792877197,0.0,7168.0,7168.0,0.0,91.86169481277466,111.37726187705994,78.03034784639297,16.88096523284912
19,18,-1011.375,2.459181547164917,-6304.10931978791,-0.00011833320604637265,0.583916187286377,-19.080744328246197,-2.069786310195923,-0.029427457600831985,-2398.5,1.898712158203125,0.0,-605.0,-1011.375,0.0,7.053447484970093,12.051965475082397,-20.54880816018833,4.5697667598724365,4032.75,3.050342082977295,10833.539026463995,0.000803520146291703,0.8625931739807129,106.02087366566542,2.069786310195923,0.029427457600831985,2398.5,67.62164860102196,3.050342082977295,10833.539026463995,0.003194570541381836,63.16378760159731,79.70893914996059,0.8625931739807129,106.02087366566542,106.02087366566542,75.55990650629259,0.9099586009979248,63.84591794013977,71.84530973434448,63.16378760159731,5.75356125831604,66.09174847602844,1.1129260063171387,0.9199173713692594,0.0,72.0,0.0,-0.22505765408277512,0.7346938775510204,1.0,-0.22586118429899216,0.0,6769.0,4032.75,3642.5,1994.0,4032.75,0.0,0.0,-0.22001223266124725,4130.75,0.0,0.0,,1.0,0.21974006295204163,8.0,0.0011362089973890415,0.000803520146291703,8.035201517486712e-07,1e-06,1e-06,0.9994931221008301,0.0,0.0,0.005045429803431034,18.0,0.9994931221008301,0.028348267078399658,0.0008777660550549626,2.069786310195923,2398.5,4032.75,0.029427457600831985,0.9099586009979248,0.0,6769.0,4032.75,1.0,63.84591794013977,71.84530973434448,63.16378760159731,5.75356125831604,3021.375,5.509523630142212,4529.4297066760855,0.0006851869402453303,1.4465093612670898,86.94012933741922,0.0,0.0,0.0,27.74016563814593,5.509523630142212,4529.4297066760855,0.0031909942626953125,42.614979441408984,35.21929000942102,1.4465093612670898,86.94012933741922,86.94012933741922,18.138485092606494,2.80867075920105,70.89936542510986,83.89727520942688,42.614979441408984,10.323328018188477,73.5739471912384,1.0724225044250488,0.8769527616669424,0.0,72.0,0.0,-0.19028402864933014,0.7346938775510204,1.0,-0.19096921384334564,0.0,6164.0,3021.375,1817.0,1621.0,3021.375,0.0,0.0,-0.19028402864933014,3119.375,0.0,0.0,,1.0,0.1891893744468689,8.0,0.001554324720616029,0.0006851869402453303,6.851870466562104e-07,1e-06,1e-06,1.0,0.0,0.0,0.0,18.0,1.0,0.0,0.0,0.0,0.0,3021.375,0.0,2.80867075920105,0.0,6164.0,3021.375,1.0,70.89936542510986,83.89727520942688,42.614979441408984,10.323328018188477
20,19,-197.375,3.1950371265411377,-4151.576280011607,0.0007150750025175512,0.9255385398864746,-20.57923890535274,-2.5379891395568848,-0.03174051642417908,-3235.0,1.8026201725006104,0.0,-307.0,-197.375,0.0,8.56868052482605,14.46511197090149,-16.16084164885038,5.689788103103638,4797.125,4.267593622207642,9202.61006006564,0.00025655905483290553,1.186065673828125,110.33075112133018,2.5379891395568848,0.03174051642417908,3235.0,57.33765453067554,4.267593622207642,9202.61006006564,0.009432792663574219,91.74387319689913,68.76904435307996,1.186065673828125,110.33075112133018,110.33075112133018,54.282598481728336,1.5025920867919922,52.28823280334473,62.49448752403259,91.74387319689913,7.743252754211426,54.75123476982117,1.3669180870056152,0.876097027738107,0.0,72.0,0.0,-0.27177368104457855,0.6428571428571429,1.0,-0.2720302492380142,0.0,5769.0,4797.125,4742.5,3864.0,4797.125,0.0,0.0,-0.26698531955480576,4909.125,0.0,0.0,,1.0,0.26315397024154663,8.0,0.0008955550887893817,0.00025655905483290553,2.56559076206031e-07,1e-06,1e-06,0.9993668794631958,0.0,0.0,0.004788375459611416,19.0,0.9993668794631958,0.030896220356225967,0.0005619380390271544,2.5379891395568848,3235.0,4797.125,0.03174051642417908,1.5025920867919922,0.0,5769.0,4797.125,1.0,52.28823280334473,62.49448752403259,91.74387319689913,7.743252754211426,4599.75,7.462630748748779,5051.033780054032,0.0009716340573504567,2.1116042137145996,89.75151221597744,0.0,0.0,0.0,31.362945876053963,7.462630748748779,5051.033780054032,0.004046440124511719,75.58303154804875,36.94664665310835,2.1116042137145996,89.75151221597744,89.75151221597744,23.604140561921284,3.3052122592926025,60.856913328170776,76.95959949493408,75.58303154804875,13.433040857315063,63.52655863761902,1.0488204956054688,0.8254533424618549,0.0,72.0,0.0,-0.25579463690519333,0.6428571428571429,1.0,-0.25676627457141876,0.0,5462.0,4599.75,4650.5,3440.0,4599.75,0.0,0.0,-0.25579463690519333,4711.75,0.0,0.0,,1.0,0.25313374400138855,8.0,0.0010807643313575917,0.0009716340573504567,9.7163410828216e-07,1e-06,1e-06,1.0,0.0,0.0,0.0,19.0,1.0,0.0,0.0,0.0,0.0,4599.75,0.0,3.3052122592926025,0.0,5462.0,4599.75,1.0,60.856913328170776,76.95959949493408,75.58303154804875,13.433040857315063
21,20,74.25,4.336207628250122,-5051.485872783646,0.0003247397253289819,1.122847557067871,-47.4495202646812,-2.538456439971924,-0.02627771720290184,-3144.875,2.142042398452759,0.0,-429.0,74.25,0.125,27.418730974197388,35.034297943115234,-29.15188669755154,7.263758420944214,5091.625,4.136619567871094,10007.446737797287,0.0004504710086621344,1.1799898147583008,128.40699120379574,2.538456439971924,0.02627771720290184,3144.875,62.77132331646013,4.136619567871094,10007.446737797287,0.0033075809478759766,91.21097190123136,73.35122192988838,1.1799898147583008,128.40699120379574,128.40699120379574,65.87856133731904,1.3138370513916016,55.822505712509155,65.68344068527222,91.21097190123136,7.556041240692139,58.12739944458008,1.1644408702850342,0.8849627674515781,2.0489096641540527e-08,60.0,0.0,-0.21625428646802902,0.7228915662650602,0.875,-0.21670478582382202,0.0,7168.0,5091.625,4951.0,3992.0,5091.625,2.0489096641540527e-08,-3.725290298461914e-09,-0.21185213327407837,5174.625,0.125,0.125,,,0.20655348896980286,8.0,0.5315844941340584,0.0004504710086621344,0.0016167163848876953,1e-06,1e-06,0.9993569850921631,0.009764214977622032,0.0016162581741809845,0.004402157850563526,20.0,0.9993569850921631,0.025549113750457764,0.0006820784183219075,2.538456439971924,3144.875,5091.625,0.02627771720290184,1.3138370513916016,0.0,7168.0,5091.625,0.875,55.822505712509155,65.68344068527222,91.21097190123136,7.556041240692139,5165.875,8.472827196121216,4955.960865013641,0.0007752107339911163,2.302837371826172,80.95747093911454,0.0,0.0,0.0,31.069937710127455,8.472827196121216,4955.960865013641,0.003545999526977539,62.05908520367982,38.10519672135308,2.302837371826172,80.95747093911454,80.95747093911454,25.39153125687643,3.4558794498443604,83.24123668670654,100.71773862838745,62.05908520367982,14.819799661636353,85.8979389667511,1.0777790546417236,0.8528580976553085,0.0,60.0,0.0,-0.2245967537164688,0.7228915662650602,1.0,-0.22537197172641754,0.0,6739.0,5165.875,4876.5,4435.0,5165.875,0.0,0.0,-0.2245967537164688,5248.875,0.0,0.0,,1.0,0.2189709097146988,8.0,0.001042303967351655,0.0007752107339911163,7.75210821757355e-07,1e-06,1e-06,1.0,0.0,0.0,0.0,20.0,1.0,0.0,0.0,0.0,0.0,5165.875,0.0,3.4558794498443604,0.0,6739.0,5165.875,1.0,83.24123668670654,100.71773862838745,62.05908520367982,14.819799661636353
22,21,-126.625,5.214655160903931,-6183.217956154413,-0.0001401821500621736,1.1106758117675781,-8.834846898373684,-5.484221458435059,-0.03530345484614372,-5374.25,1.96132230758667,0.0,0.0,-126.625,0.125,9.393463373184204,17.966777324676514,-10.20937383287503,8.235214471817017,7168.0,4.953896760940552,11862.984401161046,0.000750205188523978,1.3987250328063965,86.6441978678166,5.484221458435059,0.03530345484614372,5374.25,76.97275828571347,4.953896760940552,11862.984401161046,0.0039479732513427734,86.6441978678166,90.87206539496111,1.3987250328063965,86.6441978678166,86.6441978678166,78.21296199394529,1.6251146793365479,82.72914028167725,93.70752429962158,86.6441978678166,8.6051926612854,85.10233163833618,1.2397055625915527,0.9081696723331304,0.0,132.0,0.0,-0.31290413439273834,0.7415730337078652,0.0,-0.3136543184518814,0.0,7168.0,7168.0,7168.0,7168.0,7168.0,0.0,0.0,-0.3083947151899338,7346.0,1.0,1.0,1.0,,0.3033584952354431,8.0,0.0009494467852145307,0.000750205188523978,7.50205231270229e-07,1e-06,1e-06,1.000342607498169,0.0,0.0,0.00450943224132061,21.0,1.000342607498169,0.03440183773636818,0.0005929130129516125,5.484221458435059,5374.25,7168.0,0.03530345484614372,1.6251146793365479,0.0,7168.0,7168.0,0.0,82.72914028167725,93.70752429962158,86.6441978678166,8.6051926612854,7041.375,10.168551921844482,5679.766445006633,0.0006100230384618044,2.5094008445739746,77.80935096944292,0.0,0.0,0.0,36.783288781628784,10.168551921844482,5679.766445006633,0.003261566162109375,76.43482403494157,49.68420817011032,2.5094008445739746,77.80935096944292,77.80935096944292,34.763637113564386,3.5864369869232178,92.12260365486145,111.6743016242981,76.43482403494157,16.840407133102417,94.83389449119568,1.097043752670288,0.8492006944466238,-1.1175870895385742e-08,132.0,0.0,-0.2919197678565979,0.7415730337078652,0.125,-0.29252980649471283,0.0,7168.0,7041.375,7168.0,6155.0,7041.375,-1.1175870895385742e-08,3.725290298461914e-09,-0.2919197678565979,7219.375,0.875,0.875,,,0.28922373056411743,8.0,0.8980014572174211,0.0006100230384618044,6.146728992462158e-07,1e-06,1e-06,1.0,0.0,1.1175870895385742e-08,0.0,21.0,1.0,0.0,0.0,0.0,0.0,7041.375,0.0,3.5864369869232178,0.0,7168.0,7041.375,0.125,92.12260365486145,111.6743016242981,76.43482403494157,16.840407133102417
23,22,495.375,5.155115604400635,-5207.502031645663,0.00016481790225952864,1.0035216808319092,-23.650573732821044,-2.5773072242736816,-0.022492505609989166,-3378.375,1.9746358394622803,0.0,0.0,495.375,-0.125,21.298454523086548,29.601187705993652,-15.340950507676695,8.002334833145142,6286.875,4.7512853145599365,10775.82098534574,0.00031066741212271154,1.3781185150146484,101.82219623598084,2.5773072242736816,0.022492505609989166,3378.375,68.91759323893689,4.7512853145599365,10775.82098534574,0.006450176239013672,89.3057226508206,79.20149709027878,1.3781185150146484,101.82219623598084,101.82219623598084,68.13680264476216,1.6019103527069092,70.39722442626953,81.25216174125671,89.3057226508206,8.425109624862671,72.82705211639404,1.3322749137878418,0.8963091018834429,0.0,84.0,0.0,-0.18778642266988754,0.7433628318584071,0.625,-0.18809707462787628,0.0,7168.0,6286.875,6304.5,5028.0,6286.875,0.0,-1.4901161193847656e-08,-0.18430326133966446,6399.875,0.375,0.375,,,0.18049874901771545,8.0,0.5560872589958687,0.00031066741212271154,0.0017458125948905945,1e-06,1e-06,0.9996523857116699,0.011401364579796791,0.0017454922199249268,0.003483156906440854,22.0,0.9996523857116699,0.022215230390429497,0.0003971059632021934,2.5773072242736816,3378.375,6286.875,0.022492505609989166,1.6019103527069092,0.0,7168.0,6286.875,0.625,70.39722442626953,81.25216174125671,89.3057226508206,8.425109624862671,6782.25,9.906400918960571,5568.318953700076,0.0004754853143822402,2.3816401958465576,78.1716225031598,0.0,0.0,0.0,35.8843601683671,9.906400918960571,5568.318953700076,0.003126382827758789,73.9647721431439,49.753507291343304,2.3816401958465576,78.1716225031598,78.1716225031598,33.131112107219934,3.5765461921691895,91.69567894935608,110.85334944725037,73.9647721431439,16.427444458007812,94.42590498924255,1.108577013015747,0.8518092187568511,7.450580596923828e-09,84.0,0.0,-0.17578859627246857,0.7433628318584071,0.5,-0.17626408487558365,0.0,7168.0,6782.25,7146.5,5559.0,6782.25,7.450580596923828e-09,0.0,-0.17578859627246857,6895.25,0.5,0.5,,,0.17726531624794006,8.0,0.7003269045300331,0.0004754853143822402,4.6938657760620117e-07,1e-06,1e-06,1.0,0.0,-7.450580596923828e-09,0.0,22.0,1.0,0.0,0.0,0.0,0.0,6782.25,0.0,3.5765461921691895,0.0,7168.0,6782.25,0.5,91.69567894935608,110.85334944725037,73.9647721431439,16.427444458007812
24,23,-22.125,2.9321749210357666,-6365.104495797749,-0.00016843911726027727,0.9112188816070557,-7.853190411703181,-1.4814889430999756,-0.03260114789009094,-2553.125,1.698622226715088,0.0,-198.0,-22.125,0.0,1.6487205028533936,7.4172680377960205,-3.406117582545633,5.1408326625823975,3747.5,2.6077916622161865,11965.679794175667,0.0010566319106146693,0.6619746685028076,102.49973998897256,1.4814889430999756,0.03260114789009094,2553.125,73.199645460469,2.6077916622161865,11965.679794175667,0.002933979034423828,83.12438338209796,96.12121338959382,0.6619746685028076,102.49973998897256,102.49973998897256,67.57093501633939,0.9416742324829102,45.083041191101074,52.29608964920044,83.12438338209796,5.153237819671631,47.14285182952881,1.0080111026763916,0.9014603605309824,0.0,108.0,0.0,-0.26945720613002777,0.7058823529411765,1.0,-0.2705138474702835,0.0,4621.0,3747.5,3628.5,2867.0,3747.5,0.0,0.0,-0.2647099420428276,3900.5,0.0,0.0,,1.0,0.2630615830421448,8.0,0.0011673213704607465,0.0010566319106146693,1.0566319588178885e-06,1e-06,1e-06,0.9997332096099854,0.0,0.0,0.004747284110635519,23.0,0.9997332096099854,0.03181273490190506,0.000542580964975059,1.4814889430999756,2553.125,3747.5,0.03260114789009094,0.9416742324829102,0.0,4621.0,3747.5,1.0,45.083041191101074,52.29608964920044,83.12438338209796,5.153237819671631,3725.375,5.539966583251953,5600.5752983779175,0.000888192793354392,1.5731935501098633,94.64654957726938,0.0,0.0,0.0,34.237643366327454,5.539966583251953,5600.5752983779175,0.003053426742553711,79.71826579955233,40.18903673687748,1.5731935501098633,94.64654957726938,94.64654957726938,23.9462251139741,2.640296459197998,46.73176169395447,59.71335768699646,79.71826579955233,10.294070482254028,49.41928720474243,1.0923612117767334,0.8276085807096437,0.0,108.0,0.0,-0.2510753571987152,0.7058823529411765,1.0,-0.2519635409116745,0.0,4423.0,3725.375,3735.5,2747.0,3725.375,0.0,0.0,-0.2510753571987152,3878.375,0.0,0.0,,1.0,0.2487843781709671,8.0,0.0012939090290695523,0.000888192793354392,8.881928579285159e-07,1e-06,1e-06,1.0,0.0,0.0,0.0,23.0,1.0,0.0,0.0,0.0,0.0,3725.375,0.0,2.640296459197998,0.0,4423.0,3725.375,1.0,46.73176169395447,59.71335768699646,79.71826579955233,10.294070482254028
25,24,-439.375,3.7565298080444336,-4945.062491850997,0.0002529089106246829,1.0558803081512451,-33.66806756947186,-2.7257325649261475,-0.03242683410644531,-3393.375,1.9956588745117188,0.0,-1442.0,-439.375,0.125,6.699008941650391,13.593898057937622,-15.534378408297982,6.510589122772217,5328.75,4.455626487731934,9874.705638173114,0.0007633445784449577,1.1933424472808838,119.60734958128437,2.7257325649261475,0.03242683410644531,3393.375,62.40999955286243,4.455626487731934,9874.705638173114,0.006654262542724609,88.91708483276634,77.6741685341279,1.1933424472808838,119.60734958128437,119.60734958128437,64.95081851162078,1.4271087646484375,59.92942762374878,70.11874270439148,88.91708483276634,7.933685779571533,62.185056924819946,1.1775686740875244,0.8868535647734218,-5.587935447692871e-09,120.0,0.0,-0.24951936304569244,0.7017543859649122,0.875,-0.2502827048301697,0.125,7168.0,5328.75,5470.0,3637.0,5328.75,-5.587935447692871e-09,-3.725290298461914e-09,-0.24393513798713684,5499.75,0.125,0.125,,,0.24626559019088745,8.0,0.5202565400786261,0.0007633445784449577,0.0015449058264493942,1e-06,1e-06,0.9996366500854492,0.014170864596962929,0.001544129103422165,0.005584237165749073,24.0,0.9996366500854492,0.03208281844854355,0.00123398017603904,2.7257325649261475,3393.375,5328.75,0.03242683410644531,1.4271087646484375,0.0,7168.0,5328.75,0.875,59.92942762374878,70.11874270439148,88.91708483276634,7.933685779571533,4889.375,8.212156295776367,4929.643146322118,0.0010162534890696406,2.249222755432129,85.93928201181251,0.0,0.0,0.0,30.78128636713172,8.212156295776367,4929.643146322118,0.002973794937133789,73.38270642446835,37.46193865139143,2.249222755432129,85.93928201181251,85.93928201181251,24.617576698249643,3.4227676391601562,66.62843656539917,83.7126407623291,73.38270642446835,14.44427490234375,69.26836585998535,1.0554094314575195,0.8274540765790331,0.0,120.0,0.0,-0.280299536883831,0.7017543859649122,1.0,-0.2813158184289932,0.0,5726.0,4889.375,4677.0,4042.0,4889.375,0.0,0.0,-0.280299536883831,5060.375,0.0,0.0,,1.0,0.27618515491485596,8.0,0.0013085767860578526,0.0010162534890696406,1.016253463603789e-06,1e-06,1e-06,1.0,0.0,0.0,0.0,24.0,1.0,0.0,0.0,0.0,0.0,4889.375,0.0,3.4227676391601562,0.0,5726.0,4889.375,1.0,66.62843656539917,83.7126407623291,73.38270642446835,14.44427490234375
26,25,0.0,5.111637592315674,-5950.740409728894,-0.00023334164870902896,1.196784257888794,-44.85380794074376,-2.458799362182617,-0.033094823360443115,-4806.625,1.9288406372070312,0.0,0.0,0.0,0.0,35.38636302947998,44.17404103279114,-44.85380794074376,8.21854567527771,7168.0,4.989898681640625,11759.757811496615,0.0009606991079635918,1.3848321437835693,120.3489580014605,2.458799362182617,0.033094823360443115,4806.625,76.28866855173078,4.989898681640625,11759.757811496615,0.008441448211669922,120.3489580014605,91.62908981164676,1.3848321437835693,120.3489580014605,120.3489580014605,76.27929817324609,1.663503885269165,59.56013345718384,70.40865635871887,120.3489580014605,8.643523693084717,61.765132665634155,1.0837152004241943,0.8772377696139011,0.0,120.0,0.0,-0.3057743161916733,0.718562874251497,0.0,-0.306735023856163,0.0,7168.0,7168.0,7168.0,7168.0,7168.0,0.0,0.0,-0.30175428092479706,7335.0,1.0,1.0,1.0,,0.30326926708221436,8.0,0.0007471721790965816,0.0009606991079635918,9.606991397959064e-07,1e-06,1e-06,1.00040864944458,0.0,0.0,0.004020010121166706,25.0,1.00040864944458,0.0329776294529438,0.0008021763060241938,2.458799362182617,4806.625,7168.0,0.033094823360443115,1.663503885269165,0.0,7168.0,7168.0,0.0,59.56013345718384,70.40865635871887,120.3489580014605,8.643523693084717,7168.0,10.101536273956299,5809.017401767721,0.0007273574592545629,2.5816164016723633,75.49515006071674,0.0,0.0,0.0,37.68463690140354,10.101536273956299,5809.017401767721,0.003389120101928711,75.49515006071674,49.15172865906819,2.5816164016723633,75.49515006071674,75.49515006071674,35.32258893401859,3.5923445224761963,94.94649648666382,114.58269739151001,75.49515006071674,16.862069368362427,97.72062802314758,1.0612499713897705,0.8528393051287007,0.0,120.0,0.0,-0.3069557398557663,0.718562874251497,0.0,-0.3076831102371216,0.0,7168.0,7168.0,7168.0,7168.0,7168.0,0.0,0.0,-0.3069557398557663,7335.0,1.0,1.0,1.0,,0.30744311213493347,8.0,0.0010246655823934608,0.0007273574592545629,7.273574738064781e-07,1e-06,1e-06,1.0,0.0,0.0,0.0,25.0,1.0,0.0,0.0,0.0,0.0,7168.0,0.0,3.5923445224761963,0.0,7168.0,7168.0,0.0,94.94649648666382,114.58269739151001,75.49515006071674,16.862069368362427
27,26,0.0,5.172202825546265,-6182.104732449945,-7.619836833328009e-05,1.1336913108825684,-6.6030088076386875,-2.870525360107422,-0.036551252007484436,-4908.625,2.2140164375305176,0.0,0.0,0.0,0.0,7.209320783615112,15.864949226379395,-6.6030088076386875,8.243741512298584,7168.0,4.871873140335083,12005.238707011416,0.000904164626263082,1.377406358718872,84.39443307006486,2.870525360107422,0.036551252007484436,4908.625,77.8493038414892,4.871873140335083,12005.238707011416,0.003134489059448242,84.39443307006486,91.78408147999197,1.377406358718872,84.39443307006486,84.39443307006486,89.80173973192957,1.4078121185302734,84.9345121383667,95.73109412193298,84.39443307006486,8.504093170166016,87.22700095176697,1.145833969116211,0.9111668653934496,0.0,96.0,0.0,-0.29291005432605743,0.6713286713286714,0.0,-0.2938142269849777,0.0,7168.0,7168.0,7168.0,7168.0,7168.0,0.0,0.0,-0.2879467159509659,7311.0,1.0,1.0,1.0,,0.2844117283821106,8.0,0.0009188812261391085,0.000904164626263082,9.04164608073188e-07,1e-06,1e-06,1.0001349449157715,0.0,0.0,0.004963361658155918,26.0,1.0001349449157715,0.035937368869781494,0.0007498605409637094,2.870525360107422,4908.625,7168.0,0.036551252007484436,1.4078121185302734,0.0,7168.0,7168.0,0.0,84.9345121383667,95.73109412193298,84.39443307006486,8.504093170166016,7168.0,10.044075965881348,5823.133974561471,0.0008279662579298019,2.5110976696014404,77.79142426242618,0.0,0.0,0.0,37.760759045180684,10.044075965881348,5823.133974561471,0.0032644271850585938,77.79142426242618,50.34610122503834,2.5110976696014404,77.79142426242618,77.79142426242618,34.906118691939,3.621828556060791,92.14383292198181,111.59604334831238,77.79142426242618,16.7478346824646,94.84820866584778,1.0752935409545898,0.8499244759942659,0.0,96.0,0.0,-0.29325178265571594,0.6713286713286714,0.0,-0.2940797507762909,0.0,7168.0,7168.0,7168.0,7168.0,7168.0,0.0,0.0,-0.29325178265571594,7311.0,1.0,1.0,1.0,,0.2924268841743469,8.0,0.0009570625733342843,0.0008279662579298019,8.27966346150788e-07,1e-06,1e-06,1.0,0.0,0.0,0.0,26.0,1.0,0.0,0.0,0.0,0.0,7168.0,0.0,3.621828556060791,0.0,7168.0,7168.0,0.0,92.14383292198181,111.59604334831238,77.79142426242618,16.7478346824646
28,27,2.625,3.026592493057251,-5484.9811978691305,-0.0007823308696970344,0.8714578151702881,-33.414219587985144,-2.6505627632141113,-0.03412024676799774,-2947.5,1.6944074630737305,0.0,-684.0,2.625,0.0,10.241121053695679,16.265668630599976,-15.26462526374118,5.2687835693359375,4183.5,3.1021039485931396,11113.747498898447,0.0018613748252391815,0.8472194671630859,123.32571235488368,2.6505627632141113,0.03412024676799774,2947.5,68.58114783420977,3.1021039485931396,11113.747498898447,0.00279998779296875,87.10672254544248,83.70355724077469,0.8472194671630859,123.32571235488368,123.32571235488368,64.42136174496837,1.1008038520812988,48.027292013168335,56.20138883590698,87.10672254544248,5.953900337219238,50.247488498687744,1.146846055984497,0.8940613308578008,0.0,84.0,0.0,-0.2906508147716522,0.6666666666666666,1.0,-0.2925121933221817,0.0,5923.0,4183.5,3898.5,2929.0,4183.5,0.0,0.0,-0.28576961159706116,4309.5,0.0,0.0,,1.0,0.28218013048171997,8.0,0.0010407214309364557,0.0018613748252391815,1.8613750398799311e-06,1e-06,1e-06,0.999799370765686,0.0,0.0,0.004881199449300766,27.0,0.999799370765686,0.033243387937545776,0.0005248214001767337,2.6505627632141113,2947.5,4183.5,0.03412024676799774,1.1008038520812988,0.0,5923.0,4183.5,1.0,48.027292013168335,56.20138883590698,87.10672254544248,5.953900337219238,4186.125,6.128696441650391,5628.766301029316,0.0010790439555421472,1.718677282333374,89.91149276689853,0.0,0.0,0.0,34.67486595539278,6.128696441650391,5628.766301029316,0.0029549598693847656,71.8420972817013,41.21613944629985,1.718677282333374,89.91149276689853,89.91149276689853,25.34235681852597,2.7952113151550293,58.268413066864014,72.46705746650696,71.8420972817013,11.222683906555176,61.24437355995178,1.063103437423706,0.8451339919280964,0.0,84.0,0.0,-0.28594745695590973,0.6666666666666666,1.0,-0.2870265245437622,0.0,5239.0,4186.125,4004.0,3629.0,4186.125,0.0,0.0,-0.28594745695590973,4312.125,0.0,0.0,,1.0,0.28003525733947754,8.0,0.0012440818074544702,0.0010790439555421472,1.0790440683194902e-06,1e-06,1e-06,1.0,0.0,0.0,0.0,27.0,1.0,0.0,0.0,0.0,0.0,4186.125,0.0,2.7952113151550293,0.0,5239.0,4186.125,1.0,58.268413066864014,72.46705746650696,71.8420972817013,11.222683906555176
29,28,-45.75,5.255445241928101,-6199.056781730478,-0.0005689983954653144,1.187502384185791,-36.97998575966426,-2.879366874694824,-0.04867798835039139,-6233.625,2.1995277404785156,0.0,0.0,-45.75,0.125,31.63927125930786,40.79029846191406,-37.457974253131255,8.353720426559448,7168.0,4.91428279876709,11926.053587047078,0.0018429720075801015,1.399336338043213,111.87007365412057,2.879366874694824,0.04867798835039139,6233.625,77.35560302760528,4.91428279876709,11926.053587047078,0.0029964447021484375,111.87007365412057,90.55419082410685,1.399336338043213,111.87007365412057,111.87007365412057,89.57772853242153,1.4145901203155518,64.07432985305786,74.76299834251404,111.87007365412057,8.617812871932983,66.14518547058105,0.9938161373138428,0.8847315776120704,0.0,108.0,0.0,-0.4569276124238968,0.6835443037974683,0.0,-0.45877058804035187,0.0,7168.0,7168.0,7168.0,7168.0,7168.0,0.0,0.0,-0.45055916905403137,7326.0,1.0,1.0,1.0,,0.4495324492454529,8.0,0.0011029498068068136,0.0018429720075801015,1.84297221039742e-06,1e-06,1e-06,0.9995931386947632,0.0,0.0,0.006368421949446201,28.0,0.9995931386947632,0.04773431643843651,0.0005929130129516125,2.879366874694824,6233.625,7168.0,0.04867798835039139,1.4145901203155518,0.0,7168.0,7168.0,0.0,64.07432985305786,74.76299834251404,111.87007365412057,8.617812871932983,7122.25,10.16972804069519,5726.996805316599,0.001273973612114787,2.586838722229004,74.89008789445631,0.0,0.0,0.0,37.119145703473414,10.16972804069519,5726.996805316599,0.0032749176025390625,74.41209940098932,48.642591394589715,2.586838722229004,74.89008789445631,74.89008789445631,34.81639055939405,3.6141178607940674,95.71360111236572,115.5532968044281,74.41209940098932,16.97153329849243,98.58176350593567,1.220820665359497,0.8531280909516892,-5.21540641784668e-08,108.0,0.0,-0.43668243288993835,0.6835443037974683,0.125,-0.43795640766620636,0.0,7168.0,7122.25,7168.0,6802.0,7122.25,-5.21540641784668e-08,3.725290298461914e-09,-0.43668243288993835,7280.25,0.875,0.875,,,0.44246822595596313,8.0,1.0226054995703204,0.001273973612114787,1.3206154108047485e-06,1e-06,1e-06,1.0000001192092896,0.0,5.21540641784668e-08,0.0,28.0,1.0000001192092896,0.0,0.0,0.0,0.0,7122.25,0.0,3.6141178607940674,0.0,7168.0,7122.25,0.125,95.71360111236572,115.5532968044281,74.41209940098932,16.97153329849243
30,29,125.5,3.970837116241455,-4046.3573175909223,-0.0005432808538898826,1.029632568359375,-4.823314230035891,-2.644202709197998,-0.03122163936495781,-3438.5,2.191572427749634,0.0,1292.0,125.5,-0.125,20.823879718780518,28.37835693359375,-15.7425825143795,6.885572195053101,5305.875,4.7432861328125,9132.698046683996,0.0017116810195147991,1.3628525733947754,83.22166743955226,2.644202709197998,0.03122163936495781,3438.5,57.38470699792204,4.7432861328125,9132.698046683996,0.0032541751861572266,75.14699876205486,66.57410841847688,1.3628525733947754,83.22166743955226,83.22166743955226,63.13310964804737,1.4371333122253418,70.60661220550537,81.01354193687439,75.14699876205486,8.407278776168823,72.60626316070557,0.9531533718109131,0.8962237846270225,0.0,72.0,0.0,-0.2728240042924881,0.6605504587155964,1.0,-0.2745356634259224,0.0,5876.0,5305.875,5580.0,3909.0,5305.875,0.0,0.0,-0.2683948650956154,5414.875,0.0,0.0,,1.0,0.2663126587867737,8.0,0.0008592578798457638,0.0017116810195147991,1.7116810795414494e-06,1e-06,1e-06,0.9997288584709167,0.0,0.0,0.004429122898727655,29.0,0.9997288584709167,0.03064614161849022,0.0005985631723888218,2.644202709197998,3438.5,5305.875,0.03122163936495781,1.4371333122253418,0.0,5876.0,5305.875,1.0,70.60661220550537,81.01354193687439,75.14699876205486,8.407278776168823,5431.375,8.714123249053955,5086.340729093074,0.0011684001656249166,2.3924851417541504,78.39835320951637,0.0,0.0,0.0,32.05821098707004,8.714123249053955,5086.340729093074,0.003635406494140625,59.404416247675364,38.92176058694073,2.3924851417541504,78.39835320951637,78.39835320951637,25.66196891341489,3.6287057399749756,91.43049192428589,109.39189887046814,59.404416247675364,15.292850971221924,94.09904789924622,1.0047647953033447,0.8602012477237431,0.0,72.0,0.0,-0.27113769948482513,0.6605504587155964,0.875,-0.27230608463287354,0.0,7168.0,5431.375,5397.5,4096.0,5431.375,0.0,-3.725290298461914e-09,-0.27113769948482513,5540.375,0.125,0.125,,,0.27088838815689087,8.0,1.027752407007129,0.0011684001656249166,1.1771917343139648e-06,1e-06,1e-06,1.0,0.0,0.0,0.0,29.0,1.0,0.0,0.0,0.0,0.0,5431.375,0.0,3.6287057399749756,0.0,7168.0,5431.375,0.875,91.43049192428589,109.39189887046814,59.404416247675364,15.292850971221924
31,30,0.0,5.358195781707764,-6497.773132798174,-0.0006231337320059538,1.1789703369140625,-28.853768564333237,-3.3711957931518555,-0.04506198316812515,-6248.75,2.1954424381256104,0.0,0.0,0.0,0.0,25.1451735496521,34.24465489387512,-28.853768564333237,8.483386993408203,7168.0,4.767655611038208,12279.410422274905,0.0016761822625994682,1.364928960800171,106.26001727684756,3.3711957931518555,0.04506198316812515,6248.75,79.63670681381798,4.767655611038208,12279.410422274905,0.0036606788635253906,106.26001727684756,92.72287007594436,1.364928960800171,106.26001727684756,106.26001727684756,87.46798619038442,1.4469308853149414,67.45716953277588,77.98531460762024,106.26001727684756,8.424909353256226,69.56040525436401,1.0392999649047852,0.8919680019802986,0.0,108.0,0.0,-0.42586973309516907,0.72,0.0,-0.4275458753108978,0.0,7168.0,7168.0,7168.0,7168.0,7168.0,0.0,0.0,-0.4206093102693558,7318.0,1.0,1.0,1.0,,0.42192500829696655,8.0,0.0010017340385574203,0.0016761822625994682,1.6761823644628748e-06,1e-06,1e-06,1.000380277633667,0.0,0.0,0.0052604153752326965,30.0,1.000380277633667,0.04456978291273117,0.0007672992069274187,3.3711957931518555,6248.75,7168.0,0.04506198316812515,1.4469308853149414,0.0,7168.0,7168.0,0.0,67.45716953277588,77.98531460762024,106.26001727684756,8.424909353256226,7168.0,10.125851392745972,5781.637289476731,0.0010530485305935144,2.5438992977142334,77.40624871251433,0.0,0.0,0.0,37.4961450014467,10.125851392745972,5781.637289476731,0.003704547882080078,77.40624871251433,49.750448380124915,2.5438992977142334,77.40624871251433,77.40624871251433,34.7466114691452,3.6423733234405518,92.60234308242798,112.22996950149536,77.40624871251433,16.90829634666443,95.32167315483093,1.071824073791504,0.8493424134233669,0.0,108.0,0.0,-0.3970388174057007,0.72,0.0,-0.3980918675661087,0.0,7168.0,7168.0,7168.0,7168.0,7168.0,0.0,0.0,-0.3970388174057007,7318.0,1.0,1.0,1.0,,0.39592689275741577,8.0,0.0010946906951032243,0.0010530485305935144,1.0530484360060655e-06,1e-06,1e-06,1.0,0.0,0.0,0.0,30.0,1.0,0.0,0.0,0.0,0.0,7168.0,0.0,3.6423733234405518,0.0,7168.0,7168.0,0.0,92.60234308242798,112.22996950149536,77.40624871251433,16.90829634666443
32,31,0.0,5.568988561630249,-6607.57122342562,0.00013385643251240253,1.2039499282836914,-23.366147904024444,-2.807373285293579,-0.025747310370206833,-3883.625,2.1369714736938477,0.0,0.0,0.0,0.0,21.807688236236572,31.311149835586548,-23.366147904024444,8.703430891036987,7168.0,4.756025075912476,12250.566191310852,0.0008495491929352283,1.3644835948944092,100.09544037909443,2.807373285293579,0.025747310370206833,3883.625,79.4022223531888,4.756025075912476,12250.566191310852,0.0029239654541015625,100.09544037909443,92.2544279774864,1.3644835948944092,100.09544037909443,100.09544037909443,87.11008482811118,1.4450640678405762,71.61165356636047,82.10889053344727,100.09544037909443,8.37449836730957,73.7343921661377,1.0062255859375,0.8980074104898763,0.0,84.0,0.0,-0.2123008891940117,0.7304347826086957,0.0,-0.21315042674541473,0.0,7168.0,7168.0,7168.0,7168.0,7168.0,0.0,0.0,-0.20904959738254547,7283.0,1.0,1.0,1.0,,0.20746757090091705,8.0,0.0006385633842097336,0.0008495491929352283,8.495492807014671e-07,1e-06,1e-06,1.0002449750900269,0.0,0.0,0.003251274349167943,31.0,1.0002449750900269,0.025308748707175255,0.0004534040344879031,2.807373285293579,3883.625,7168.0,0.025747310370206833,1.4450640678405762,0.0,7168.0,7168.0,0.0,71.61165356636047,82.10889053344727,100.09544037909443,8.37449836730957,7168.0,10.325013637542725,5642.994967885233,0.0009834056254476309,2.5684335231781006,76.72929247506998,0.0,0.0,0.0,36.5751536852032,10.325013637542725,5642.994967885233,0.005436420440673828,76.72929247506998,49.01028288086211,2.5684335231781006,76.72929247506998,76.72929247506998,35.141933147242135,3.582035541534424,93.41934180259705,113.42004036903381,76.72929247506998,17.077929258346558,96.34211111068726,1.0612266063690186,0.8494275861410361,0.0,84.0,0.0,-0.21926433593034744,0.7304347826086957,0.0,-0.22024773806333542,0.0,7168.0,7168.0,7168.0,7168.0,7168.0,0.0,0.0,-0.21926433593034744,7283.0,1.0,1.0,1.0,,0.21752578020095825,8.0,0.0008305268340933046,0.0009834056254476309,9.83405698207207e-07,1e-06,1e-06,1.0,0.0,0.0,0.0,31.0,1.0,0.0,0.0,0.0,0.0,7168.0,0.0,3.582035541534424,0.0,7168.0,7168.0,0.0,93.41934180259705,113.42004036903381,76.72929247506998,17.077929258346558
33,32,214.0,3.9866714477539062,-4113.895849727141,-0.0011278667952865362,0.9380967617034912,-27.1316495875559,-2.7711453437805176,-0.03418318182229996,-3850.625,1.9366679191589355,0.0,1050.0,214.0,0.0,33.80628538131714,40.89567470550537,-33.07509306461667,6.755053758621216,5434.5,4.703328371047974,9396.749814887464,0.002254065591841936,1.3749456405639648,103.98841570132412,2.7711453437805176,0.03418318182229996,3850.625,59.12174617928154,4.703328371047974,9396.749814887464,0.003030061721801758,95.23509355053015,67.41332843695933,1.3749456405639648,103.98841570132412,103.98841570132412,60.366120304457105,1.5354583263397217,57.064048528671265,67.73888897895813,95.23509355053015,8.312700033187866,59.426188945770264,1.1983952522277832,0.8772831949492107,0.0,60.0,0.0,-0.2968288064002991,0.6666666666666666,1.0,-0.2990828603506088,0.0,5934.0,5434.5,5603.0,4600.0,5434.5,0.0,0.0,-0.2915308028459549,5524.5,0.0,0.0,,1.0,0.2899770140647888,8.0,0.0009756201872066181,0.002254065591841936,2.2540659756487003e-06,1e-06,1e-06,0.9992640614509583,0.0,0.0,0.005297970026731491,32.0,0.9992640614509583,0.03327744081616402,0.0007045158417895436,2.7711453437805176,3850.625,5434.5,0.03418318182229996,1.5354583263397217,0.0,5934.0,5434.5,1.0,57.064048528671265,67.73888897895813,95.23509355053015,8.312700033187866,5648.5,8.68999981880188,5282.853965160323,0.0011261987965554,2.313042402267456,76.85676611376822,0.0,0.0,0.0,33.425342195645705,8.68999981880188,5282.853965160323,0.003772735595703125,62.160000485913486,41.85918617240658,2.313042402267456,76.85676611376822,76.85676611376822,27.885527683996607,3.4721262454986572,90.8703339099884,108.6345636844635,62.160000485913486,15.067753791809082,93.56680989265442,1.04734468460083,0.8612987130359874,0.0,60.0,0.0,-0.2820780873298645,0.6666666666666666,1.0,-0.2832042723894119,0.0,6984.0,5648.5,5608.0,4237.0,5648.5,0.0,0.0,-0.2820780873298645,5738.5,0.0,0.0,,1.0,0.2824331820011139,8.0,0.0011207651410096422,0.0011261987965554,1.126198753809149e-06,1e-06,1e-06,1.0,0.0,0.0,0.0,32.0,1.0,0.0,0.0,0.0,0.0,5648.5,0.0,3.4721262454986572,0.0,6984.0,5648.5,1.0,90.8703339099884,108.6345636844635,62.160000485913486,15.067753791809082
34,33,0.0,5.100160598754883,-6072.84354014791,-0.0007288504857569933,1.135228157043457,-32.822865788211416,-2.7251172065734863,-0.03241138905286789,-4770.625,2.030900001525879,0.0,0.0,0.0,0.0,28.553749799728394,37.231528997421265,-32.822865788211416,8.20893144607544,7168.0,4.906195878982544,11914.730157924863,0.001690917881205678,1.3959698677062988,108.65585857967125,2.7251172065734863,0.03241138905286789,4770.625,77.25712040662138,4.906195878982544,11914.730157924863,0.003058910369873047,108.65585857967125,90.50781933753763,1.3959698677062988,108.65585857967125,108.65585857967125,79.15262205767685,1.5962350368499756,65.9697515964508,76.71964526176453,108.65585857967125,8.540935516357422,68.1787097454071,1.0795938968658447,0.8886734227300442,0.0,96.0,0.0,-0.28408247232437134,0.6906474820143885,0.0,-0.2857733815908432,0.0,7168.0,7168.0,7168.0,7168.0,7168.0,0.0,0.0,-0.2796906381845474,7307.0,1.0,1.0,1.0,,0.2797853350639343,8.0,0.000770804390162994,0.001690917881205678,1.6909179976209998e-06,1e-06,1e-06,0.9998841881752014,0.0,0.0,0.004391840659081936,33.0,0.9998841881752014,0.03193569928407669,0.0005231585237197578,2.7251172065734863,4770.625,7168.0,0.03241138905286789,1.5962350368499756,0.0,7168.0,7168.0,0.0,65.9697515964508,76.71964526176453,108.65585857967125,8.540935516357422,7168.0,10.006356477737427,5841.886617776953,0.0009620673954486847,2.531198024749756,75.83299279145983,0.0,0.0,0.0,37.87977837930573,10.006356477737427,5841.886617776953,0.003228425979614258,75.83299279145983,49.91556857725467,2.531198024749756,75.83299279145983,75.83299279145983,34.83360482867019,3.6271350383758545,94.5235013961792,113.95117425918579,75.83299279145983,16.74986696243286,97.20130729675293,1.066875696182251,0.8530083865188197,0.0,96.0,0.0,-0.22735006362199783,0.6906474820143885,0.0,-0.22831213474273682,0.0,7168.0,7168.0,7168.0,7168.0,7168.0,0.0,0.0,-0.22735006362199783,7307.0,1.0,1.0,1.0,,0.2300276756286621,8.0,0.0008458093909102725,0.0009620673954486847,9.62067360887886e-07,1e-06,1e-06,1.0,0.0,0.0,0.0,33.0,1.0,0.0,0.0,0.0,0.0,7168.0,0.0,3.6271350383758545,0.0,7168.0,7168.0,0.0,94.5235013961792,113.95117425918579,75.83299279145983,16.74986696243286
35,34,-600.125,4.368597745895386,-5753.948947027321,-0.0018288108985871077,1.0196454524993896,-11.775040428559493,-3.292041778564453,-0.03538978099822998,-4575.625,1.8809728622436523,0.0,0.0,-600.125,0.0,12.076835870742798,19.770450353622437,-17.485901871829228,7.263634204864502,6673.25,4.884078025817871,11087.865450497498,0.0029091478791087866,1.391768217086792,89.69406742691358,3.292041778564453,0.03538978099822998,4575.625,71.31378747567213,4.884078025817871,11087.865450497498,0.0028972625732421875,83.50319970098369,83.41956610103553,1.391768217086792,89.69406742691358,89.69406742691358,69.7202984514759,1.6652352809906006,79.91609930992126,90.80286598205566,83.50319970098369,8.507556676864624,82.29530930519104,1.2263057231903076,0.9063073991679307,-1.862645149230957e-08,60.0,0.0,-0.29263684153556824,0.625,0.625,-0.2955459952354431,0.0,7168.0,6673.25,7150.5,5585.0,6673.25,-1.862645149230957e-08,-1.4901161193847656e-08,-0.28798437118530273,6769.25,0.5,0.5,,,0.28572168946266174,8.0,0.646843778621563,0.0029091478791087866,0.0028672777116298676,1e-06,1e-06,1.0002775192260742,0.01712885871529579,0.0028643570840358734,0.004652458243072033,34.0,1.0002775192260742,0.03473517298698425,0.0007030351553112268,3.292041778564453,4575.625,6673.25,0.03538978099822998,1.6652352809906006,0.0,7168.0,6673.25,0.625,79.91609930992126,90.80286598205566,83.50319970098369,8.507556676864624,6073.125,9.252675771713257,5333.916503470177,0.001080336980521679,2.4114136695861816,77.91902699835408,0.0,0.0,0.0,33.999962005793414,9.252675771713257,5333.916503470177,0.0033614635467529297,66.01729782915446,43.48633454557278,2.4114136695861816,77.91902699835408,77.91902699835408,29.570611009807553,3.546208143234253,91.99293518066406,110.5733163356781,66.01729782915446,15.771190881729126,94.80212545394897,1.1584112644195557,0.857368925845988,-1.862645149230957e-08,60.0,0.0,-0.2877623289823532,0.625,0.625,-0.28884264826774597,0.0,7168.0,6073.125,5971.0,4588.0,6073.125,-1.862645149230957e-08,-1.4901161193847656e-08,-0.2877623289823532,6169.125,0.375,0.375,,,0.2842772901058197,8.0,0.9447410053996971,0.001080336980521679,1.087784767150879e-06,1e-06,1e-06,1.0,0.0,1.862645149230957e-08,0.0,34.0,1.0,0.0,0.0,0.0,0.0,6073.125,0.0,3.546208143234253,0.0,7168.0,6073.125,0.625,91.99293518066406,110.5733163356781,66.01729782915446,15.771190881729126
36,35,174.125,3.4106881618499756,-3211.074836383903,-0.002564024762250483,0.8861427307128906,-12.04070303641754,-2.849869728088379,-0.030237354338169098,-3428.625,1.8334734439849854,0.0,312.0,174.125,0.0,14.905402183532715,21.458786964416504,-10.26950705120769,5.982634544372559,5258.75,5.120753765106201,8440.554258734915,0.0031158518977463245,1.3821909427642822,91.84190498495308,2.849869728088379,0.030237354338169098,3428.625,53.11891218957034,5.120753765106201,8440.554258734915,0.0029861927032470703,72.16100669948035,65.5984787574742,1.3821909427642822,91.84190498495308,91.84190498495308,57.27494619314695,1.5830590724945068,72.87523055076599,84.04568362236023,72.16100669948035,8.792914628982544,75.25276899337769,1.2313082218170166,0.8953793431142584,0.0,96.0,0.0,-0.23494166880846024,0.6666666666666666,1.0,-0.23805753141641617,0.0,6693.0,5258.75,5243.0,3908.0,5258.75,0.0,0.0,-0.23017991334199905,5402.75,0.0,0.0,,1.0,0.226179301738739,8.0,0.0009191079207640205,0.0031158518977463245,3.1158519959717523e-06,1e-06,1e-06,0.9997222423553467,0.0,0.0,0.0047617522068321705,35.0,0.9997222423553467,0.029591530561447144,0.000766169629059732,2.849869728088379,3428.625,5258.75,0.030237354338169098,1.5830590724945068,0.0,6693.0,5258.75,1.0,72.87523055076599,84.04568362236023,72.16100669948035,8.792914628982544,5432.875,8.531441926956177,5229.4794223510125,0.0005518271354958415,2.268333673477173,79.80120194853554,0.0,0.0,0.0,33.02201145247966,8.531441926956177,5229.4794223510125,0.007010698318481445,61.891499648272664,41.39975470573071,2.268333673477173,79.80120194853554,79.80120194853554,27.48648146029366,3.416532516479492,87.7806327342987,105.50447058677673,61.891499648272664,14.775549173355103,90.72892141342163,1.0472700595855713,0.8599533357100512,0.0,96.0,0.0,-0.22139178216457367,0.6666666666666666,1.0,-0.22194361686706543,0.0,7005.0,5432.875,5144.0,3902.0,5432.875,0.0,0.0,-0.22139178216457367,5576.875,0.0,0.0,,1.0,0.22388580441474915,8.0,0.0010443409262108317,0.0005518271354958415,5.518271564142196e-07,1e-06,1e-06,1.0,0.0,0.0,0.0,35.0,1.0,0.0,0.0,0.0,0.0,5432.875,0.0,3.416532516479492,0.0,7005.0,5432.875,1.0,87.7806327342987,105.50447058677673,61.891499648272664,14.775549173355103
37,36,0.0,5.242705345153809,-5915.381316719953,-0.0011114723747596145,1.146878719329834,-31.815438065200823,-2.8003463745117188,-0.03577412664890289,-4942.625,2.021533727645874,0.0,0.0,0.0,0.0,29.9107403755188,38.73873710632324,-31.815438065200823,8.346333265304565,7168.0,5.082779884338379,11650.31761112907,0.002104726154357195,1.3594334125518799,104.66305346097889,2.8003463745117188,0.03577412664890289,4942.625,75.66502587864191,5.082779884338379,11650.31761112907,0.0032422542572021484,104.66305346097889,94.30121596564456,1.3594334125518799,104.66305346097889,104.66305346097889,81.57647123946226,1.5714852809906006,68.48644065856934,79.39729499816895,104.66305346097889,8.684210538864136,70.71308445930481,1.0820832252502441,0.8906233450514351,0.0,168.0,0.0,-0.2912791669368744,0.717948717948718,0.0,-0.293383926153183,0.0,7168.0,7168.0,7168.0,7168.0,7168.0,0.0,0.0,-0.28637000918388367,7402.0,1.0,1.0,1.0,,0.28667688369750977,8.0,0.0008538714350979706,0.002104726154357195,2.104726263496559e-06,1e-06,1e-06,0.9998308420181274,0.0,0.0,0.004909185692667961,36.0,0.9998308420181274,0.03522169217467308,0.0006626674439758062,2.8003463745117188,4942.625,7168.0,0.03577412664890289,1.5714852809906006,0.0,7168.0,7168.0,0.0,68.48644065856934,79.39729499816895,104.66305346097889,8.684210538864136,7168.0,10.325485229492188,5734.936294409117,0.0009932537795975804,2.506312131881714,72.84761539577806,0.0,0.0,0.0,37.2465470567351,10.325485229492188,5734.936294409117,0.003657102584838867,72.84761539577806,51.14934496674984,2.506312131881714,72.84761539577806,72.84761539577806,35.679250101328456,3.5930190086364746,98.39718103408813,118.13603210449219,72.84761539577806,17.0305438041687,101.10548830032349,1.0597777366638184,0.8558395478434128,0.0,168.0,0.0,-0.28810353577136993,0.717948717948718,0.0,-0.28909680247306824,0.0,7168.0,7168.0,7168.0,7168.0,7168.0,0.0,0.0,-0.28810353577136993,7402.0,1.0,1.0,1.0,,0.28915977478027344,8.0,0.000975476672711228,0.0009932537795975804,9.93253820524842e-07,1e-06,1e-06,1.0,0.0,0.0,0.0,36.0,1.0,0.0,0.0,0.0,0.0,7168.0,0.0,3.5930190086364746,0.0,7168.0,7168.0,0.0,98.39718103408813,118.13603210449219,72.84761539577806,17.0305438041687
38,37,0.0,5.223660707473755,-6279.09986950854,-0.0018905421602539718,1.1510672569274902,-24.524392066135164,-4.287499904632568,-0.03465107083320618,-5084.875,2.13743257522583,0.0,0.0,0.0,0.0,22.48837900161743,31.369425535202026,-24.524392066135164,8.276929378509521,7168.0,4.872217416763306,12135.747431254762,0.002575283870100975,1.3519091606140137,101.52207028610309,4.287499904632568,0.03465107083320618,5084.875,78.80297148610357,4.872217416763306,12135.747431254762,0.003328084945678711,101.52207028610309,94.66740847018517,1.3519091606140137,101.52207028610309,101.52207028610309,87.17707320367016,1.4680664539337158,70.60533714294434,81.29705834388733,101.52207028610309,8.509461641311646,72.78759670257568,1.0964264869689941,0.8953287878471993,0.0,156.0,0.0,-0.3025612086057663,0.6995515695067265,0.0,-0.305136501789093,0.0,7168.0,7168.0,7168.0,7168.0,7168.0,0.0,0.0,-0.2978580445051193,7391.0,1.0,1.0,1.0,,0.3017714023590088,8.0,0.0009053751461241741,0.002575283870100975,2.575283815531293e-06,1e-06,1e-06,1.0003663301467896,0.0,0.0,0.004703170619904995,37.0,1.0003663301467896,0.034349262714385986,0.0009591239504516125,4.287499904632568,5084.875,7168.0,0.03465107083320618,1.4680664539337158,0.0,7168.0,7168.0,0.0,70.60533714294434,81.29705834388733,101.52207028610309,8.509461641311646,7168.0,10.09587812423706,5856.647561746222,0.0006847417098470032,2.502976417541504,76.99767821996792,0.0,0.0,0.0,38.02989749307324,10.09587812423706,5856.647561746222,0.003063201904296875,76.99767821996792,51.13181883197261,2.502976417541504,76.99767821996792,76.99767821996792,35.49626159579496,3.605499029159546,93.09371614456177,112.66648387908936,76.99767821996792,16.786391019821167,95.88009285926819,1.1437628269195557,0.8510081220087078,0.0,156.0,0.0,-0.3203436881303787,0.6995515695067265,0.0,-0.3210284411907196,0.0,7168.0,7168.0,7168.0,7168.0,7168.0,0.0,0.0,-0.3203436881303787,7391.0,1.0,1.0,1.0,,0.322773277759552,8.0,0.00111280236566765,0.0006847417098470032,6.847417921562737e-07,1e-06,1e-06,1.0,0.0,0.0,0.0,37.0,1.0,0.0,0.0,0.0,0.0,7168.0,0.0,3.605499029159546,0.0,7168.0,7168.0,0.0,93.09371614456177,112.66648387908936,76.99767821996792,16.786391019821167
39,38,-144.75,2.5042903423309326,-4136.4577453867605,-0.0022295588860288262,0.6998095512390137,-6.743653624623761,-2.2097694873809814,-0.029230274260044098,-2808.0,1.5208854675292969,0.0,-865.0,-144.75,0.0,-5.182770252227783,-0.27705979347229004,3.347547911426844,4.380249500274658,4182.5,3.5847346782684326,9595.13132408857,0.003176141297444701,1.002744197845459,90.80960946140523,2.2097694873809814,0.029230274260044098,2808.0,59.18256961548479,3.5847346782684326,9595.13132408857,0.0028684139251708984,65.69991205195078,70.52440363338498,1.002744197845459,90.80960946140523,90.80960946140523,56.382485241650606,1.254253625869751,63.66066360473633,72.58400321006775,65.69991205195078,6.743360996246338,65.84064221382141,1.1108067035675049,0.9070957690673225,0.0,84.0,0.0,-0.23965616524219513,0.717948717948718,1.0,-0.24283228814601898,0.0,5781.0,4182.5,4159.0,3121.0,4182.5,0.0,0.0,-0.23661363124847412,4299.5,0.0,0.0,,1.0,0.23458454012870789,8.0,0.0009169100586787301,0.003176141297444701,3.176141490257578e-06,1e-06,1e-06,1.0010137557983398,0.0,0.0,0.003042522119358182,38.0,1.0010137557983398,0.028915081173181534,0.000702323392033577,2.2097694873809814,2808.0,4182.5,0.029230274260044098,1.254253625869751,0.0,5781.0,4182.5,1.0,63.66066360473633,72.58400321006775,65.69991205195078,6.743360996246338,4037.75,6.089025020599365,5458.67357870181,0.000946582411415875,1.7025537490844727,84.06595583678147,0.0,0.0,0.0,33.552694307057,6.089025020599365,5458.67357870181,0.003912448883056641,69.04745996337762,39.9993627717683,1.7025537490844727,84.06595583678147,84.06595583678147,24.539694320205193,2.775139093399048,58.477893352508545,72.30694341659546,69.04745996337762,11.123610496520996,61.18333292007446,1.083012342453003,0.8461612402500204,0.0,84.0,0.0,-0.2361726015806198,0.717948717948718,1.0,-0.2371191754937172,0.0,4916.0,4037.75,3992.0,3100.0,4037.75,0.0,0.0,-0.2361726015806198,4154.75,0.0,0.0,,1.0,0.23693621158599854,8.0,0.0011742593058425965,0.000946582411415875,9.465824746257567e-07,1e-06,1e-06,1.0,0.0,0.0,0.0,38.0,1.0,0.0,0.0,0.0,0.0,4037.75,0.0,2.775139093399048,0.0,4916.0,4037.75,1.0,58.477893352508545,72.30694341659546,69.04745996337762,11.123610496520996
40,39,71.375,4.814184665679932,-5312.582613761943,-0.0012672321172431111,1.1267178058624268,-27.221701423569044,-2.9609146118164062,-0.034851089119911194,-5124.375,2.0176162719726562,0.0,0.0,71.375,0.125,24.268518447875977,32.56805992126465,-25.078437592126775,7.825117588043213,6805.75,5.031867980957031,10983.99246744307,0.002351194154471159,1.3766250610351562,104.30546749138452,2.9609146118164062,0.034851089119911194,5124.375,70.82573827366781,5.031867980957031,10983.99246744307,0.00339508056640625,99.03417067236191,86.29456069394497,1.3766250610351562,104.30546749138452,104.30546749138452,75.1366579863657,1.5810558795928955,68.72122979164124,79.5825629234314,99.03417067236191,8.711611032485962,70.87095189094543,1.0666632652282715,0.8905336707883152,-2.60770320892334e-08,72.0,0.0,-0.3229968398809433,0.6990291262135923,0.25,-0.32534804940223694,0.0,7168.0,6805.75,7168.0,5075.0,6805.75,-2.60770320892334e-08,0.0,-0.3188403397798538,6908.75,0.75,0.75,,,0.31662046909332275,8.0,0.7995608077886025,0.002351194154471159,0.0018980540335178375,1e-06,1e-06,1.0001194477081299,0.020468495786190033,0.0018956996500492096,0.004156501032412052,39.0,1.0001194477081299,0.034237202256917953,0.00041547202272340655,2.9609146118164062,5124.375,6805.75,0.034851089119911194,1.5810558795928955,0.0,7168.0,6805.75,0.25,68.72122979164124,79.5825629234314,99.03417067236191,8.711611032485962,6877.125,9.846052646636963,5671.409853681126,0.0010839620372280478,2.503342866897583,77.08376606781547,0.0,0.0,0.0,36.58707745420026,9.846052646636963,5671.409853681126,0.003676176071166992,73.95573308023513,47.96763234262656,2.503342866897583,77.08376606781547,77.08376606781547,33.36770486709692,3.5986721515655518,92.98974823951721,112.15062284469604,73.95573308023513,16.536728620529175,95.61389422416687,1.042738914489746,0.852548936411803,-7.450580596923828e-09,72.0,0.0,-0.3119913935661316,0.6990291262135923,0.375,-0.31307533383369446,0.0,7168.0,6877.125,7168.0,5932.0,6877.125,-7.450580596923828e-09,1.4901161193847656e-08,-0.3119913935661316,6980.125,0.625,0.625,,,0.314825177192688,8.0,0.9129333695021634,0.0010839620372280478,1.0654330253601074e-06,1e-06,1e-06,1.0,0.0,7.450580596923828e-09,0.0,39.0,1.0,0.0,0.0,0.0,0.0,6877.125,0.0,3.5986721515655518,0.0,7168.0,6877.125,0.375,92.98974823951721,112.15062284469604,73.95573308023513,16.536728620529175
41,40,17.5,5.309072971343994,-6222.65567262745,-0.0018155284342356026,1.191481590270996,-33.94321314755385,-5.876844882965088,-0.03254740312695503,-4786.125,2.0742006301879883,0.0,0.0,17.5,-0.125,28.581958293914795,37.47866725921631,-33.672746917097925,8.441235303878784,7150.5,4.889739274978638,11980.188861962568,0.002784630749374628,1.358349084854126,110.78296799474293,5.876844882965088,0.03254740312695503,4786.125,77.7024897232092,4.889739274978638,11980.188861962568,0.0035202503204345703,110.51250176428701,93.23693494297959,1.358349084854126,110.78296799474293,110.78296799474293,82.29286189226124,1.5389950275421143,64.70308685302734,75.38070917129517,110.51250176428701,8.484217405319214,66.89649176597595,1.061281681060791,0.8874484268111663,-3.725290298461914e-09,120.0,0.0,-0.27622832357883453,0.6976744186046512,0.125,-0.2790129482746124,0.0,7168.0,7150.5,7168.0,7028.0,7150.5,-3.725290298461914e-09,3.725290298461914e-09,-0.27177757024765015,7322.5,0.875,0.875,,,0.2710966467857361,8.0,0.5373735922391012,0.002784630749374628,0.001371106132864952,1e-06,1e-06,1.0000672340393066,0.020675111562013626,0.0013683289289474487,0.004450756125152111,40.0,1.0000672340393066,0.031534165143966675,0.0005057198577560484,5.876844882965088,4786.125,7150.5,0.03254740312695503,1.5389950275421143,0.0,7168.0,7150.5,0.125,64.70308685302734,75.38070917129517,110.51250176428701,8.484217405319214,7168.0,10.198812246322632,5757.533189335118,0.0009691023151390254,2.549830675125122,76.83975484718908,0.0,0.0,0.0,37.35382884317375,10.198812246322632,5757.533189335118,0.0035924911499023438,76.83975484718908,49.80261248577559,2.549830675125122,76.83975484718908,76.83975484718908,35.14568294853346,3.6131956577301025,93.28504514694214,112.85937643051147,76.83975484718908,16.925452709197998,95.93392372131348,1.0366230010986328,0.8500306022901061,0.0,120.0,0.0,-0.26262587308883667,0.6976744186046512,0.0,-0.26359498500823975,0.0,7168.0,7168.0,7168.0,7168.0,7168.0,0.0,0.0,-0.26262587308883667,7340.0,1.0,1.0,1.0,,0.26472365856170654,8.0,0.0008547100559461626,0.0009691023151390254,9.691023024060996e-07,1e-06,1e-06,1.0,0.0,0.0,0.0,40.0,1.0,0.0,0.0,0.0,0.0,7168.0,0.0,3.6131956577301025,0.0,7168.0,7168.0,0.0,93.28504514694214,112.85937643051147,76.83975484718908,16.925452709197998
42,41,0.875,4.888648509979248,-5456.862976226981,-0.002098963363096118,1.1498332023620605,-12.35904809480391,-2.5251903533935547,-0.02479676902294159,-4100.0,2.056823968887329,0.0,0.0,0.875,-0.125,13.632549047470093,21.921788692474365,-12.34842448179991,7.925631523132324,7167.125,5.189385652542114,11250.850083072753,0.0026323129422962666,1.3676133155822754,87.02863772872522,2.5251903533935547,0.02479676902294159,4100.0,72.94136816141362,5.189385652542114,11250.850083072753,0.0033044815063476562,87.01801411572121,92.2582636238989,1.3676133155822754,87.02863772872522,87.02863772872522,79.5914507649347,1.58526611328125,82.36369299888611,93.57993292808533,87.01801411572121,8.8695650100708,84.71036791801453,1.253669023513794,0.9052193698740207,1.862645149230957e-08,96.0,0.0,-0.2050093337893486,0.732824427480916,0.125,-0.20764165371656418,0.0,7168.0,7167.125,7168.0,7161.0,7167.125,1.862645149230957e-08,3.725290298461914e-09,-0.20151516795158386,7298.125,0.875,0.875,,,0.2020891010761261,8.0,0.44604465461643605,0.0026323129422962666,0.0012448355555534363,1e-06,1e-06,0.9998651742935181,0.0167072843760252,0.001242188736796379,0.003494166536256671,41.0,0.9998651742935181,0.024241525679826736,0.0004534381441771984,2.5251903533935547,4100.0,7167.125,0.02479676902294159,1.58526611328125,0.0,7168.0,7167.125,0.125,82.36369299888611,93.57993292808533,87.01801411572121,8.8695650100708,7168.0,10.078034162521362,5793.987106845772,0.0005333495792001486,2.517446517944336,74.6695896339213,0.0,0.0,0.0,37.5640637206119,10.078034162521362,5793.987106845772,0.0030922889709472656,74.6695896339213,50.12644290699575,2.517446517944336,74.6695896339213,74.6695896339213,34.64786326153014,3.642090082168579,95.9962420463562,115.50172162055969,74.6695896339213,16.795196533203125,98.70652508735657,1.080498456954956,0.8545892104675475,0.0,96.0,0.0,-0.21019604057073593,0.732824427480916,0.0,-0.21072937548160553,0.0,7168.0,7168.0,7168.0,7168.0,7168.0,0.0,0.0,-0.21019604057073593,7299.0,1.0,1.0,1.0,,0.2066974639892578,8.0,0.0007938793810914275,0.0005333495792001486,5.333496346793254e-07,1e-06,1e-06,1.0000001192092896,0.0,0.0,0.0,41.0,1.0000001192092896,0.0,0.0,0.0,0.0,7168.0,0.0,3.642090082168579,0.0,7168.0,7168.0,0.0,95.9962420463562,115.50172162055969,74.6695896339213,16.795196533203125
43,42,-284.0,5.143580198287964,-6596.697254258047,-0.0011375485337339342,1.0805091857910156,-9.28633990503586,-3.9704749584198,-0.024314317852258682,-4132.75,2.0174448490142822,0.0,0.0,-284.0,0.0,11.233112573623657,19.825600147247314,-12.157860092623537,8.04963755607605,7168.0,4.751046180725098,12248.24970889229,0.0020611751824617386,1.361051082611084,81.7618916818968,3.9704749584198,0.024314317852258682,4132.75,79.37501701292689,4.751046180725098,12248.24970889229,0.0046215057373046875,81.7618916818968,92.35861319297135,1.361051082611084,81.7618916818968,81.7618916818968,80.53296779445866,1.560910940170288,87.66920447349548,98.23970675468445,81.7618916818968,8.42184567451477,89.81786108016968,1.089210033416748,0.914272487645499,0.0,72.0,0.0,-0.2110445573925972,0.6792452830188679,0.0,-0.2131057232618332,0.0,7168.0,7168.0,7168.0,7168.0,7168.0,0.0,0.0,-0.2077024281024933,7274.0,1.0,1.0,1.0,,0.20515817403793335,8.0,0.0007262288623705297,0.0020611751824617386,2.0611751097021624e-06,1e-06,1e-06,0.999952495098114,0.0,0.0,0.003342125564813614,42.0,0.999952495098114,0.02365683764219284,0.0004185267898719758,3.9704749584198,4132.75,7168.0,0.024314317852258682,1.560910940170288,0.0,7168.0,7168.0,0.0,87.66920447349548,98.23970675468445,81.7618916818968,8.42184567451477,6884.0,9.894626379013062,5651.552454634243,0.0009236266487278044,2.4415602684020996,72.47555177686094,0.0,0.0,0.0,36.47045595711175,9.894626379013062,5651.552454634243,0.0031185150146484375,69.60403158927326,49.26652029824641,2.4415602684020996,72.47555177686094,72.47555177686094,33.61520922156118,3.5783557891845703,98.90231704711914,118.06530690193176,69.60403158927326,16.47148323059082,101.59382367134094,1.073970079421997,0.8604883715393847,0.0,72.0,0.0,-0.21847335994243622,0.6792452830188679,0.0,-0.21939699351787567,0.0,7168.0,6884.0,7168.0,5788.0,6884.0,0.0,0.0,-0.21847335994243622,6990.0,0.75,0.75,1.0,,0.21762362122535706,8.0,0.0008314750099973694,0.0009236266487278044,9.236266578227514e-07,1e-06,1e-06,1.0,0.0,0.0,0.0,42.0,1.0,0.0,0.0,0.0,0.0,6884.0,0.0,3.5783557891845703,0.0,7168.0,6884.0,0.0,98.90231704711914,118.06530690193176,69.60403158927326,16.47148323059082
44,43,0.0,5.298232793807983,-6277.24369248485,-0.004154985479544848,1.1241958141326904,-8.12088469150983,-2.877551794052124,-0.0360543355345726,-4916.625,2.0650880336761475,0.0,0.0,0.0,0.0,8.755329132080078,17.685285091400146,-8.12088469150983,8.360520124435425,7168.0,4.845854997634888,12018.518925643699,0.005130902398377657,1.3642477989196777,85.7003018269887,2.877551794052124,0.0360543355345726,4916.625,77.8942171808749,4.845854997634888,12018.518925643699,0.003046751022338867,85.7003018269887,92.22764415470238,1.3642477989196777,85.7003018269887,85.7003018269887,80.30773357340924,1.5667402744293213,83.64031219482422,94.22153544425964,85.7003018269887,8.478075981140137,85.7434594631195,0.9991905689239502,0.9100197641530087,0.0,72.0,0.0,-0.29125650227069855,0.6428571428571429,0.0,-0.2963873893022537,0.0,7168.0,7168.0,7168.0,7168.0,7168.0,0.0,0.0,-0.28647416830062866,7280.0,1.0,1.0,1.0,,0.2947503626346588,8.0,0.0008440059120270554,0.005130902398377657,5.130902536620852e-06,1e-06,1e-06,1.0003149509429932,0.0,0.0,0.004782307893037796,43.0,1.0003149509429932,0.03575104847550392,0.0009940011659637094,2.877551794052124,4916.625,7168.0,0.0360543355345726,1.5667402744293213,0.0,7168.0,7168.0,0.0,83.64031219482422,94.22153544425964,85.7003018269887,8.478075981140137,7168.0,10.144087791442871,5741.275233158849,0.0009759169188328087,2.488443613052368,77.57941713547888,0.0,0.0,0.0,37.2102538319131,10.144087791442871,5741.275233158849,0.003398418426513672,77.57941713547888,50.5622710828739,2.488443613052368,77.57941713547888,77.57941713547888,34.64408277692904,3.6318283081054688,92.3956413269043,111.90682053565979,77.57941713547888,16.83859610557556,95.06822443008423,1.034935712814331,0.8495302071404143,0.0,72.0,0.0,-0.3346301317214966,0.6428571428571429,0.0,-0.33560605347156525,0.0,7168.0,7168.0,7168.0,7168.0,7168.0,0.0,0.0,-0.3346301317214966,7280.0,1.0,1.0,1.0,,0.3296048045158386,8.0,0.0010503111549956402,0.0009759169188328087,9.759169188328087e-07,1e-06,1e-06,1.0,0.0,0.0,0.0,43.0,1.0,0.0,0.0,0.0,0.0,7168.0,0.0,3.6318283081054688,0.0,7168.0,7168.0,0.0,92.3956413269043,111.90682053565979,77.57941713547888,16.83859610557556
45,44,133.5,4.6934168338775635,-5194.707831580439,-0.004508886486291885,1.0444858074188232,-23.55600312224007,-2.629276990890503,-0.03128334879875183,-3979.25,2.0993807315826416,0.0,-170.0,133.5,0.25,19.806434631347656,27.93559718132019,-17.18368135114197,7.553588390350342,6159.75,4.785423040390015,10718.801570324598,0.0052875252440571785,1.3757166862487793,100.12029303203377,2.629276990890503,0.03128334879875183,3979.25,68.56079655982187,4.785423040390015,10718.801570324598,0.004282236099243164,86.03738490570173,79.49611980537613,1.3757166862487793,100.12029303203377,100.12029303203377,72.53811417181699,1.5076782703399658,71.59387755393982,82.24106955528259,86.03738490570173,8.490783452987671,73.75028610229492,1.060232400894165,0.8967573804803188,1.4901161193847656e-08,180.0,0.0,-0.24382640421390533,0.7142857142857143,0.75,-0.24911394715309143,0.0,7168.0,6159.75,6103.0,5115.0,6159.75,1.4901161193847656e-08,0.0,-0.2383423075079918,6411.75,0.25,0.25,,,0.2426159381866455,8.0,0.6877015641981106,0.0052875252440571785,0.002641882747411728,1e-06,1e-06,0.9990812540054321,0.015543408691883087,0.002636592835187912,0.005484094377607107,44.0,0.9990812540054321,0.03086516633629799,0.0008273082203231752,2.629276990890503,3979.25,6159.75,0.03128334879875183,1.5076782703399658,0.0,7168.0,6159.75,0.75,71.59387755393982,82.24106955528259,86.03738490570173,8.490783452987671,6293.25,9.478839874267578,5524.093738744159,0.0007786387577652931,2.4202024936676025,76.5642899097937,0.0,0.0,0.0,35.36644618529577,9.478839874267578,5524.093738744159,0.0032334327697753906,68.85370355455976,46.171464466223824,2.4202024936676025,76.5642899097937,76.5642899097937,30.97933617883126,3.6070590019226074,91.40031218528748,110.17666673660278,68.85370355455976,16.044371843338013,94.13229489326477,1.0571136474609375,0.854375955285569,0.0,180.0,0.0,-0.2543412894010544,0.7142857142857143,1.0,-0.2551199495792389,0.0,6998.0,6293.25,6325.0,5782.0,6293.25,0.0,0.0,-0.2543412894010544,6545.25,0.0,0.0,,1.0,0.2519901990890503,8.0,0.0008647690007719995,0.0007786387577652931,7.786388209751749e-07,1e-06,1e-06,1.0,0.0,0.0,0.0,44.0,1.0,0.0,0.0,0.0,0.0,6293.25,0.0,3.6070590019226074,0.0,6998.0,6293.25,1.0,91.40031218528748,110.17666673660278,68.85370355455976,16.044371843338013
46,45,0.0,5.255609750747681,-6293.4555198843345,-0.002277235151268542,1.1789257526397705,-0.39134131953748863,-2.7631185054779053,-0.03110843151807785,-4817.375,2.1200764179229736,0.0,0.0,0.0,0.0,0.47339868545532227,9.26152777671814,-0.39134131953748863,8.365240573883057,7168.0,4.848501205444336,12099.40918115618,0.003566431812942028,1.3803651332855225,77.17333509210646,2.7631185054779053,0.03110843151807785,4817.375,78.4894008937074,4.848501205444336,12099.40918115618,0.0031561851501464844,77.17333509210646,91.897413148445,1.3803651332855225,77.17333509210646,77.17333509210646,83.84109993671144,1.5130047798156738,92.88182234764099,103.6274642944336,77.17333509210646,8.480159521102905,95.14730477333069,1.139225721359253,0.9181668722781011,0.0,120.0,0.0,-0.25249572843313217,0.7272727272727273,0.0,-0.2560621500015259,0.0,7168.0,7168.0,7168.0,7168.0,7168.0,0.0,0.0,-0.24825003743171692,7333.0,1.0,1.0,1.0,,0.24349263310432434,8.0,0.000781165731134884,0.003566431812942028,3.566431587387342e-06,1e-06,1e-06,1.000235915184021,0.0,0.0,0.004245687276124954,45.0,1.000235915184021,0.030535683035850525,0.0007672991487197578,2.7631185054779053,4817.375,7168.0,0.03110843151807785,1.5130047798156738,0.0,7168.0,7168.0,0.0,92.88182234764099,103.6274642944336,77.17333509210646,8.480159521102905,7168.0,10.104110956192017,5805.953661271845,0.0012891966616734862,2.559290885925293,76.78199377256897,0.0,0.0,0.0,37.66347742000311,10.104110956192017,5805.953661271845,0.0033288002014160156,76.78199377256897,49.56528609032482,2.559290885925293,76.78199377256897,76.78199377256897,34.91581333998397,3.6330811977386475,93.35522103309631,112.88899207115173,76.78199377256897,16.845400094985962,96.04359197616577,1.0838849544525146,0.8507790725567943,0.0,120.0,0.0,-0.23244860768318176,0.7272727272727273,0.0,-0.2337377965450287,0.0,7168.0,7168.0,7168.0,7168.0,7168.0,0.0,0.0,-0.23244860768318176,7333.0,1.0,1.0,1.0,,0.23419785499572754,8.0,0.000879802192616966,0.0012891966616734862,1.2891966889583273e-06,1e-06,1e-06,1.0,0.0,0.0,0.0,45.0,1.0,0.0,0.0,0.0,0.0,7168.0,0.0,3.6330811977386475,0.0,7168.0,7168.0,0.0,93.35522103309631,112.88899207115173,76.78199377256897,16.845400094985962
47,46,-957.375,3.9636147022247314,-5668.509312777983,-0.004517809255048633,0.9444701671600342,-26.379816758866454,-2.7013351917266846,-0.026989422738552094,-3928.625,1.7805066108703613,0.0,0.0,-957.375,0.125,23.440866231918335,30.27716302871704,-33.978383939713396,6.5779008865356445,6416.875,4.874831914901733,10707.856375608435,0.005596419796347618,1.365978717803955,103.96808615728862,2.7013351917266846,0.026989422738552094,3928.625,68.56998117522214,4.874831914901733,10707.856375608435,0.0030624866485595703,93.07341139237604,81.56962922882032,1.365978717803955,103.96808615728862,103.96808615728862,70.38843886662568,1.5829641819000244,68.94423341751099,79.81492614746094,93.07341139237604,8.492265462875366,71.32266068458557,1.23588228225708,0.8936005347272313,2.9802322387695312e-08,72.0,0.0,-0.2186727672815323,0.6666666666666666,0.75,-0.22426917403936386,0.0,7168.0,6416.875,6516.5,5248.0,6416.875,2.9802322387695312e-08,0.0,-0.21498262882232666,6524.875,0.25,0.25,,,0.21334047615528107,8.0,0.591641673267604,0.005596419796347618,0.0020583681762218475,1e-06,1e-06,1.0000916719436646,0.011587496846914291,0.0020527541637420654,0.003690119832754135,46.0,1.0000916719436646,0.02640218660235405,0.0006261056987568736,2.7013351917266846,3928.625,6416.875,0.026989422738552094,1.5829641819000244,0.0,7168.0,6416.875,0.75,68.94423341751099,79.81492614746094,93.07341139237604,8.492265462875366,5459.5,8.838446617126465,5039.347062830452,0.0010786105412989855,2.3104488849639893,77.58826939842217,0.0,0.0,0.0,31.83124322634289,8.838446617126465,5039.347062830452,0.004353046417236328,59.09502745266265,40.58933393761778,2.3104488849639893,77.58826939842217,77.58826939842217,27.88178852011279,3.3634707927703857,92.38509964942932,110.09208917617798,59.09502745266265,15.07016634941101,95.02192282676697,1.0268282890319824,0.8631130859430367,9.313225746154785e-09,72.0,0.0,-0.1972169429063797,0.6666666666666666,0.875,-0.19829554855823517,0.0,7168.0,5459.5,5447.0,3381.0,5459.5,9.313225746154785e-09,-3.725290298461914e-09,-0.1972169429063797,5567.5,0.125,0.125,,,0.19698423147201538,8.0,0.7912695206438365,0.0010786105412989855,1.0691583156585693e-06,1e-06,1e-06,1.0,0.0,-9.313225746154785e-09,0.0,46.0,1.0,0.0,0.0,0.0,0.0,5459.5,0.0,3.3634707927703857,0.0,7168.0,5459.5,0.875,92.38509964942932,110.09208917617798,59.09502745266265,15.07016634941101
48,47,0.0,5.350627422332764,-6133.355074884944,-0.006852397695183754,1.1557950973510742,-14.692503071300877,-3.9389896392822266,-0.04323013126850128,-5498.0,2.034323215484619,0.0,0.0,0.0,0.0,15.255571365356445,24.346359729766846,-14.692503071300877,8.460033893585205,7168.0,4.9225499629974365,11776.010489632929,0.007926614955067635,1.391291618347168,90.75730300206102,3.9389896392822266,0.04323013126850128,5498.0,76.27819638917732,4.9225499629974365,11776.010489632929,0.011196374893188477,90.75730300206102,89.9603476035034,1.391291618347168,90.75730300206102,90.75730300206102,76.68312256043035,1.632185459136963,78.97987008094788,89.62712073326111,90.75730300206102,8.600821256637573,81.02629947662354,0.9862120151519775,0.9040377378379203,0.0,48.0,0.0,-0.3615451902151108,0.6153846153846154,0.0,-0.36947183310985565,0.0,7168.0,7168.0,7168.0,7168.0,7168.0,0.0,0.0,-0.35573671758174896,7246.0,1.0,1.0,1.0,,0.35424262285232544,8.0,0.0011459647970366333,0.007926614955067635,7.926614671305288e-06,1e-06,1e-06,1.0004152059555054,0.0,0.0,0.0058084712363779545,47.0,1.0004152059555054,0.04236932843923569,0.0009940011659637094,3.9389896392822266,5498.0,7168.0,0.04323013126850128,1.632185459136963,0.0,7168.0,7168.0,0.0,78.97987008094788,89.62712073326111,90.75730300206102,8.600821256637573,7168.0,10.2731773853302,5642.655414747985,0.0010742172598838806,2.547086715698242,76.06479993076015,0.0,0.0,0.0,36.549863662359726,10.2731773853302,5642.655414747985,0.0032355785369873047,76.06479993076015,49.13891499372888,2.547086715698242,76.06479993076015,76.06479993076015,34.1363102372231,3.666508674621582,94.23544144630432,113.97348046302795,76.06479993076015,17.06085515022278,96.91262531280518,1.057878017425537,0.8503085535256846,0.0,48.0,0.0,-0.34524689614772797,0.6153846153846154,0.0,-0.34632110595703125,0.0,7168.0,7168.0,7168.0,7168.0,7168.0,0.0,0.0,-0.34524689614772797,7246.0,1.0,1.0,1.0,,0.3411667048931122,8.0,0.001076691387161059,0.0010742172598838806,1.0742172662503435e-06,1e-06,1e-06,1.0,0.0,0.0,0.0,47.0,1.0,0.0,0.0,0.0,0.0,7168.0,0.0,3.666508674621582,0.0,7168.0,7168.0,0.0,94.23544144630432,113.97348046302795,76.06479993076015,17.06085515022278
49,48,0.0,5.2639946937561035,-5802.15048784004,-0.007272651535458863,1.2022337913513184,-13.016757215114183,-3.2720212936401367,-0.040407512336969376,-5198.0,2.0472054481506348,0.0,0.0,0.0,0.0,13.96561312675476,22.87242579460144,-13.016757215114183,8.409831285476685,7168.0,5.176357984542847,11507.704872397999,0.008604058995842934,1.377838134765625,88.50440636370632,3.2720212936401367,0.040407512336969376,5198.0,74.79479954198892,5.176357984542847,11507.704872397999,0.0073719024658203125,88.50440636370632,93.66476560695911,1.377838134765625,88.50440636370632,88.50440636370632,78.48354308210804,1.6443560123443604,80.99031782150269,91.97514510154724,88.50440636370632,8.8503737449646,83.12477135658264,1.0627450942993164,0.9037742888560475,0.0,204.0,0.0,-0.3321123570203781,0.7338129496402878,0.0,-0.3407164067029953,0.0,7168.0,7168.0,7168.0,7168.0,7168.0,0.0,0.0,-0.3269282728433609,7446.0,1.0,1.0,1.0,,0.32029402256011963,8.0,0.0009723772776123568,0.008604058995842934,8.60405998537317e-06,1e-06,1e-06,1.0005457401275635,0.0,0.0,0.005184073932468891,48.0,1.0005457401275635,0.039797041565179825,0.0009068080689758062,3.2720212936401367,5198.0,7168.0,0.040407512336969376,1.6443560123443604,0.0,7168.0,7168.0,0.0,80.99031782150269,91.97514510154724,88.50440636370632,8.8503737449646,7168.0,10.44035267829895,5705.554384557959,0.0013314074603840709,2.5800719261169434,75.48764914859214,0.0,0.0,0.0,37.08348460451978,10.44035267829895,5705.554384557959,0.003034353256225586,75.48764914859214,50.0198791478585,2.5800719261169434,75.48764914859214,75.48764914859214,34.9594303977394,3.691561460494995,94.95593094825745,114.84757089614868,75.48764914859214,17.260205030441284,97.5873658657074,1.0243782997131348,0.849712058376499,0.0,204.0,0.0,-0.3240693211555481,0.7338129496402878,0.0,-0.3254007250070572,0.0,7168.0,7168.0,7168.0,7168.0,7168.0,0.0,0.0,-0.3240693211555481,7446.0,1.0,1.0,1.0,,0.3197985291481018,8.0,0.0013409227248015391,0.0013314074603840709,1.331407474935986e-06,1e-06,1e-06,1.0,0.0,0.0,0.0,48.0,1.0,0.0,0.0,0.0,0.0,7168.0,0.0,3.691561460494995,0.0,7168.0,7168.0,0.0,94.95593094825745,114.84757089614868,75.48764914859214,17.260205030441284
50,49,-759.625,1.5017814636230469,-4926.562854305233,-0.007059090072289109,0.5635266304016113,23.395663773885943,-1.7047984600067139,-0.028391249477863312,-1490.125,1.2316832542419434,0.0,-413.0,-759.625,0.0,-11.460174798965454,-7.880722522735596,3.8096353069066424,3.024317979812622,2781.75,2.5142486095428467,9127.975615813459,0.008418833836913109,0.6999444961547852,88.53089155946255,1.7047984600067139,0.028391249477863312,1490.125,54.75598459463079,2.5142486095428467,9127.975615813459,0.007121086120605469,74.83160364495136,65.56241668089623,0.6999444961547852,88.53089155946255,88.53089155946255,48.21405701452221,0.9517982006072998,37.17346501350403,44.33491563796997,74.83160364495136,5.043905973434448,39.29100966453552,1.0578217506408691,0.8862317453218593,0.0,60.0,0.0,-0.19610702246427536,0.6896551724137931,1.0,-0.20452586561441422,0.0,3291.0,2781.75,2859.0,2146.0,2781.75,0.0,0.0,-0.19203076511621475,2868.75,0.0,0.0,,1.0,0.18976613879203796,8.0,0.0011109516827972293,0.008418833836913109,8.4188350228942e-06,1e-06,1e-06,1.0009949207305908,0.0,0.0,0.004076269920915365,49.0,1.0009949207305908,0.028251897543668747,0.0011513474164530635,1.7047984600067139,1490.125,2781.75,0.028391249477863312,0.9517982006072998,0.0,3291.0,2781.75,1.0,37.17346501350403,44.33491563796997,74.83160364495136,5.043905973434448,2022.125,4.0160300731658936,4201.412761508226,0.0013597437646239996,1.2634711265563965,111.92655533334849,0.0,0.0,0.0,24.86710914004919,4.0160300731658936,4201.412761508226,0.0029006004333496094,78.641238951858,26.34727353876425,1.2634711265563965,111.92655533334849,111.92655533334849,15.245844797894296,2.183481454849243,25.713290214538574,36.454193115234375,78.641238951858,8.06822395324707,28.385969161987305,1.0389089584350586,0.7786750092714212,0.0,60.0,0.0,-0.17941264063119888,0.6896551724137931,1.0,-0.18077237904071808,0.0,2878.0,2022.125,1857.0,1534.0,2022.125,0.0,0.0,-0.17941264063119888,2109.125,0.0,0.0,,1.0,0.17844465374946594,8.0,0.0016458881202491716,0.0013597437646239996,1.3597436918644235e-06,1e-06,1e-06,1.0,0.0,0.0,0.0,49.0,1.0,0.0,0.0,0.0,0.0,2022.125,0.0,2.183481454849243,0.0,2878.0,2022.125,1.0,25.713290214538574,36.454193115234375,78.641238951858,8.06822395324707
51,50,-1116.5,3.926790237426758,-5933.958657054488,-0.00864367454778403,0.9603524208068848,-5.454032043216316,-3.2104849815368652,-0.03710274025797844,-5167.875,1.985764980316162,0.0,-74.0,-1116.5,0.375,5.377124786376953,12.575178146362305,-16.380928722004057,6.733406066894531,6850.625,5.008607387542725,11228.071128088653,0.010222310200333595,1.393399715423584,81.21449387395745,3.2104849815368652,0.03710274025797844,5167.875,72.48942383534327,5.008607387542725,11228.071128088653,0.0031516551971435547,77.6185884619531,86.85496815727541,1.393399715423584,81.21449387395745,81.21449387395745,79.94560441988736,1.5138254165649414,88.26010799407959,99.09390211105347,77.6185884619531,8.642205476760864,90.4516966342926,1.064671277999878,0.9127877165733606,-4.470348358154297e-08,132.0,0.0,-0.30319325625896454,0.7374301675977654,0.625,-0.3134155720472336,0.0,7168.0,6850.625,6994.5,5894.0,6850.625,-4.470348358154297e-08,-1.4901161193847656e-08,-0.2988010197877884,7029.625,0.375,0.375,,,0.2979543209075928,8.0,0.7492334501636227,0.010222310200333595,0.002781972289085388,1e-06,1e-06,1.0008208751678467,0.01842208206653595,0.0027717500925064087,0.004392229486256838,50.0,1.0008208751678467,0.036701902747154236,0.0009554727002978325,3.2104849815368652,5167.875,6850.625,0.03710274025797844,1.5138254165649414,0.0,7168.0,6850.625,0.625,88.26010799407959,99.09390211105347,77.6185884619531,8.642205476760864,5734.125,8.935397624969482,5294.1124710341655,0.0015786356525495648,2.3537521362304688,75.76046183074114,0.0,0.0,0.0,33.55925780349502,8.935397624969482,5294.1124710341655,0.003041982650756836,61.23765973994904,42.46628292721339,2.3537521362304688,75.76046183074114,75.76046183074114,28.561943776842497,3.4995903968811035,93.63723278045654,111.66908025741577,61.23765973994904,15.375611543655396,96.29346871376038,1.0574512481689453,0.8623109323707865,0.0,132.0,0.0,-0.28960487246513367,0.7374301675977654,1.0,-0.2911834865808487,0.0,7094.0,5734.125,5489.0,4887.0,5734.125,0.0,0.0,-0.28960487246513367,5913.125,0.0,0.0,,1.0,0.2908560633659363,8.0,0.0011615435571666265,0.0015786356525495648,1.578635874466272e-06,1e-06,1e-06,1.0,0.0,0.0,0.0,50.0,1.0,0.0,0.0,0.0,0.0,5734.125,0.0,3.4995903968811035,0.0,7094.0,5734.125,1.0,93.63723278045654,111.66908025741577,61.23765973994904,15.375611543655396
52,51,0.0,5.200016021728516,-6302.04098581032,-0.006052657379768789,1.1241590976715088,-28.63622681450748,-6.004420280456543,-0.031435687094926834,-4606.75,2.101877450942993,0.0,0.0,0.0,0.0,25.120327472686768,33.87711954116821,-28.63622681450748,8.19134521484375,7168.0,4.83534049987793,12162.121778494116,0.0072043160907924175,1.3758602142333984,105.84001400893814,6.004420280456543,0.031435687094926834,4606.75,78.92043087870438,4.83534049987793,12162.121778494116,0.0035338401794433594,105.84001400893814,92.45298607805634,1.3758602142333984,105.84001400893814,105.84001400893814,86.21294909793916,1.4754440784454346,67.72485876083374,78.34140610694885,105.84001400893814,8.511674404144287,69.82973170280457,1.0430171489715576,0.8913515237073425,0.0,132.0,0.0,-0.26348939538002014,0.7213114754098361,0.0,-0.27069371938705444,0.0,7168.0,7168.0,7168.0,7168.0,7168.0,0.0,0.0,-0.25869379937648773,7351.0,1.0,1.0,1.0,,0.2593383491039276,8.0,0.0007996363657345856,0.0072043160907924175,7.2043162617774215e-06,1e-06,1e-06,0.9998826384544373,0.0,0.0,0.004795605316758156,51.0,0.9998826384544373,0.030420850962400436,0.0005057199159637094,6.004420280456543,4606.75,7168.0,0.031435687094926834,1.4754440784454346,0.0,7168.0,7168.0,0.0,67.72485876083374,78.34140610694885,105.84001400893814,8.511674404144287,7168.0,10.035356521606445,5860.080792683796,0.0011516587110236287,2.5000193119049072,77.20378719443066,0.0,0.0,0.0,38.026267913252866,10.035356521606445,5860.080792683796,0.0033257007598876953,77.20378719443066,50.88056105252613,2.5000193119049072,77.20378719443066,77.20378719443066,35.55799616748967,3.5773215293884277,92.84518623352051,112.21852564811707,77.20378719443066,16.703019618988037,95.51550602912903,1.0276005268096924,0.8511563084390933,0.0,132.0,0.0,-0.27681832015514374,0.7213114754098361,0.0,-0.27797000110149384,0.0,7168.0,7168.0,7168.0,7168.0,7168.0,0.0,0.0,-0.27681832015514374,7351.0,1.0,1.0,1.0,,0.2713262736797333,8.0,0.0008921363272210592,0.0011516587110236287,1.1516586937432294e-06,1e-06,1e-06,1.0,0.0,0.0,0.0,51.0,1.0,0.0,0.0,0.0,0.0,7168.0,0.0,3.5773215293884277,0.0,7168.0,7168.0,0.0,92.84518623352051,112.21852564811707,77.20378719443066,16.703019618988037
53,52,14.25,4.628469228744507,-5452.812916520123,-0.006295209052041173,1.0345783233642578,-31.394648564200878,-3.756239652633667,-0.029280900955200195,-4193.0,2.0727405548095703,0.0,0.0,14.25,0.125,26.095146656036377,34.09428882598877,-27.807022544089307,7.481520175933838,6384.5,4.725312948226929,11044.347871093367,0.007230118848383427,1.3828339576721191,109.87858976479045,3.756239652633667,0.029280900955200195,4193.0,70.79218090950941,4.725312948226929,11044.347871093367,0.0032002925872802734,97.86828353143201,80.63518333226723,1.3828339576721191,109.87858976479045,109.87858976479045,76.23822891281698,1.4625873565673828,65.23563885688782,75.76184797286987,97.86828353143201,8.40270209312439,67.35914587974548,1.063020944595337,0.8890905869121174,0.0,96.0,0.0,-0.27160367369651794,0.6906474820143885,0.625,-0.2788337916135788,0.0,7168.0,6384.5,6694.0,4885.0,6384.5,0.0,-1.4901161193847656e-08,-0.2678724527359009,6523.5,0.375,0.375,,,0.2641763985157013,8.0,0.5787542372645248,0.007230118848383427,0.001746632158756256,1e-06,1e-06,1.000007152557373,0.013818122446537018,0.0017393901944160461,0.00373120978474617,52.0,1.000007152557373,0.02859358862042427,0.000405811530072242,3.756239652633667,4193.0,6384.5,0.029280900955200195,1.4625873565673828,0.0,7168.0,6384.5,0.625,65.23563885688782,75.76184797286987,97.86828353143201,8.40270209312439,6398.75,9.353782176971436,5591.534954573244,0.0009349097963422537,2.417412281036377,78.48394120058957,0.0,0.0,0.0,35.81035118623191,9.353782176971436,5591.534954573244,0.0033690929412841797,70.0612609873427,46.187435948832196,2.417412281036377,78.48394120058957,78.48394120058957,31.582381519116435,3.535327911376953,91.3307855129242,109.85613679885864,70.0612609873427,15.884222269058228,93.97191452980042,1.0376296043395996,0.8554088762638588,2.9802322387695312e-08,96.0,0.0,-0.2681727111339569,0.6906474820143885,0.75,-0.2691076397895813,0.0,7168.0,6398.75,6288.5,5476.0,6398.75,2.9802322387695312e-08,0.0,-0.2681727111339569,6537.75,0.25,0.25,,,0.26509591937065125,8.0,0.8593114309207848,0.0009349097963422537,9.164214134216309e-07,1e-06,1e-06,1.0,0.0,-2.9802322387695312e-08,0.0,52.0,1.0,0.0,0.0,0.0,0.0,6398.75,0.0,3.535327911376953,0.0,7168.0,6398.75,0.75,91.3307855129242,109.85613679885864,70.0612609873427,15.884222269058228
54,53,0.0,5.335301399230957,-6379.6910858785295,-0.00889124401146546,1.2223167419433594,-29.875682459131937,-2.7872231006622314,-0.030118906870484352,-4012.875,2.001452684402466,0.0,0.0,0.0,0.0,25.97904896736145,35.025150775909424,-29.875682459131937,8.477030038833618,7168.0,4.840841770172119,12168.131659032853,0.009610738605260849,1.3590388298034668,106.95021722425074,2.7872231006622314,0.030118906870484352,4012.875,78.97557757857282,4.840841770172119,12168.131659032853,0.007676601409912109,106.95021722425074,93.7692792832393,1.3590388298034668,106.95021722425074,106.95021722425074,79.49124195737394,1.6031463146209717,67.02183675765991,77.67567873001099,106.95021722425074,8.496216773986816,69.17946195602417,1.092000961303711,0.8906193429796939,0.0,144.0,0.0,-0.21508538722991943,0.7384615384615385,0.0,-0.2246961146593094,0.0,7168.0,7168.0,7168.0,7168.0,7168.0,0.0,0.0,-0.20971180498600006,7363.0,1.0,1.0,1.0,,0.21017736196517944,8.0,0.0008402568228538633,0.009610738605260849,9.610739652998745e-06,1e-06,1e-06,0.9991365671157837,0.0,0.0,0.005373573396354914,53.0,0.9991365671157837,0.029676225036382675,0.0008370536379516125,2.7872231006622314,4012.875,7168.0,0.030118906870484352,1.6031463146209717,0.0,7168.0,7168.0,0.0,67.02183675765991,77.67567873001099,106.95021722425074,8.496216773986816,7168.0,10.176143169403076,5788.440573154324,0.0007194945937953889,2.581355571746826,77.0745347651188,0.0,0.0,0.0,37.5690739017236,10.176143169403076,5788.440573154324,0.003213644027709961,77.0745347651188,49.367895296334886,2.581355571746826,77.0745347651188,77.0745347651188,35.353749924231,3.6045989990234375,93.00088572502136,112.70082950592041,77.0745347651188,16.973246812820435,95.72758269309998,1.0825824737548828,0.8493955467122024,0.0,144.0,0.0,-0.2152327075600624,0.7384615384615385,0.0,-0.21595219522714615,0.0,7168.0,7168.0,7168.0,7168.0,7168.0,0.0,0.0,-0.2152327075600624,7363.0,1.0,1.0,1.0,,0.2157222032546997,8.0,0.0008762756615485856,0.0007194945937953889,7.194946078925568e-07,1e-06,1e-06,1.0,0.0,0.0,0.0,53.0,1.0,0.0,0.0,0.0,0.0,7168.0,0.0,3.6045989990234375,0.0,7168.0,7168.0,0.0,93.00088572502136,112.70082950592041,77.0745347651188,16.973246812820435
55,54,-1126.625,3.9234137535095215,-6130.653572916325,-0.009273186675272882,0.9803729057312012,-29.83892975635345,-2.7800285816192627,-0.024729400873184204,-3376.5,1.7762038707733154,0.0,-12.0,-1126.625,0.5,24.349241733551025,31.479905605316162,-40.08088322369944,6.597364664077759,6643.875,4.834978818893433,11388.467677424513,0.009849245660007,1.354121208190918,109.53805264335787,2.7800285816192627,0.024729400873184204,3376.5,73.37079457467856,4.834978818893433,11388.467677424513,0.004595279693603516,101.52861739758501,87.32508226199502,1.354121208190918,109.53805264335787,109.53805264335787,75.63875575481156,1.5633354187011719,65.43844652175903,76.040940284729,101.52861739758501,8.444187879562378,67.59675240516663,1.045689582824707,0.888952084917101,2.9802322387695312e-08,168.0,0.0,-0.2126190885901451,0.702928870292887,0.5,-0.2224683240056038,0.0,7168.0,6643.875,6905.5,5769.0,6643.875,2.9802322387695312e-08,0.0,-0.2089642956852913,6882.875,0.5,0.5,,,0.2066161185503006,8.0,0.5468153239796513,0.009849245660007,0.0015719197690486908,1e-06,1e-06,0.9997541904449463,0.013875977136194706,0.0015620701014995575,0.0036547756753861904,54.0,0.9997541904449463,0.024226441979408264,0.00033540153526701033,2.7800285816192627,3376.5,6643.875,0.024729400873184204,1.5633354187011719,0.0,7168.0,6643.875,0.5,65.43844652175903,76.040940284729,101.52861739758501,8.444187879562378,5517.25,8.758392572402954,5257.8141045081875,0.000576058984734118,2.334494113922119,79.69912288700442,0.0,0.0,0.0,33.28896358862071,8.758392572402954,5257.8141045081875,0.0031044483184814453,61.44773417388557,41.63040573384723,2.334494113922119,79.69912288700442,79.69912288700442,29.101600167473777,3.3395392894744873,89.78768825531006,107.52084589004517,61.44773417388557,15.041552543640137,92.47929334640503,1.0536863803863525,0.8601057086267514,0.0,168.0,0.0,-0.1792798638343811,0.702928870292887,1.0,-0.17985591292381287,0.0,7156.0,5517.25,5484.5,3583.0,5517.25,0.0,0.0,-0.1792798638343811,5756.25,0.0,0.0,,1.0,0.18098267912864685,8.0,0.0008331912741534735,0.000576058984734118,5.760590511272312e-07,1e-06,1e-06,1.0,0.0,0.0,0.0,54.0,1.0,0.0,0.0,0.0,0.0,5517.25,0.0,3.3395392894744873,0.0,7156.0,5517.25,1.0,89.78768825531006,107.52084589004517,61.44773417388557,15.041552543640137
56,55,-1001.375,3.7788455486297607,-5652.958923610391,-0.009425320662558079,0.9247839450836182,-37.53759721903586,-8.385920524597168,-0.027910850942134857,-3688.25,1.7623474597930908,0.0,0.0,-1001.375,0.25,32.71910381317139,40.24099135398865,-44.028527757659646,6.433027505874634,6437.75,4.881094217300415,10834.865635773293,0.010071705095469952,1.3762731552124023,111.37489140958014,8.385920524597168,0.027910850942134857,3688.25,69.52735875614034,4.881094217300415,10834.865635773293,0.006193399429321289,100.02841896931146,82.19530826988886,1.3762731552124023,111.37489140958014,111.37489140958014,66.50076848842387,1.7010810375213623,64.35920977592468,75.07157588005066,100.02841896931146,8.564604759216309,66.50697112083435,1.0895240306854248,0.8859141471480386,-2.9802322387695312e-08,120.0,0.0,-0.21976535767316818,0.6936416184971098,0.625,-0.229837067425251,0.0,7168.0,6437.75,6750.0,5083.0,6437.75,-2.9802322387695312e-08,-1.4901161193847656e-08,-0.21422363072633743,6610.75,0.375,0.375,,,0.21373701095581055,8.0,0.6013428918849922,0.010071705095469952,0.002876490354537964,1e-06,1e-06,0.9990321397781372,0.012925416231155396,0.0028664246201515198,0.005541726015508175,55.0,0.9990321397781372,0.026205262169241905,0.000409274420235306,8.385920524597168,3688.25,6437.75,0.027910850942134857,1.7010810375213623,0.0,7168.0,6437.75,0.625,64.35920977592468,75.07157588005066,100.02841896931146,8.564604759216309,5436.375,8.659939765930176,5181.906712162901,0.0006463844329118729,2.3010571002960205,73.83729419054428,0.0,0.0,0.0,32.756581905097654,8.659939765930176,5181.906712162901,0.0031964778900146484,55.999891211651814,41.09271143241239,2.3010571002960205,73.83729419054428,73.83729419054428,27.301466014178544,3.463428497314453,97.07831358909607,115.3125672340393,55.999891211651814,14.997632265090942,100.31493496894836,1.2981257438659668,0.8699393082225667,2.7939677238464355e-08,120.0,0.0,-0.17684561014175415,0.6936416184971098,0.875,-0.17749199271202087,0.0,7168.0,5436.375,5334.5,3496.0,5436.375,2.7939677238464355e-08,-3.725290298461914e-09,-0.17684561014175415,5609.375,0.125,0.125,,,0.17752662301063538,8.0,0.6852117083211122,0.0006463844329118729,6.202608346939087e-07,1e-06,1e-06,1.0,0.0,-2.7939677238464355e-08,0.0,55.0,1.0,0.0,0.0,0.0,0.0,5436.375,0.0,3.463428497314453,0.0,7168.0,5436.375,0.875,97.07831358909607,115.3125672340393,55.999891211651814,14.997632265090942
57,56,0.0,5.438085079193115,-6559.309853631062,-0.013892688322812319,1.2118909358978271,-32.01747408567637,-4.700092315673828,-0.040535733103752136,-4669.875,2.170114278793335,0.0,0.0,0.0,0.0,27.987826108932495,37.57879447937012,-32.01747408567637,8.555354833602905,7168.0,4.775975465774536,12319.996285922653,0.014987999573349953,1.3462657928466797,107.96697895390997,4.700092315673828,0.040535733103752136,4669.875,79.95033401598003,4.775975465774536,12319.996285922653,0.0035314559936523438,107.96697895390997,94.54320134248215,1.3462657928466797,107.96697895390997,107.96697895390997,88.79010257998755,1.4334962368011475,66.39066934585571,76.94950222969055,107.96697895390997,8.420311212539673,68.52919101715088,1.079796552658081,0.8905735453959734,0.0,132.0,0.0,-0.3238600343465805,0.7058823529411765,0.0,-0.3388480097055435,0.0,7168.0,7168.0,7168.0,7168.0,7168.0,0.0,0.0,-0.31683744490146637,7355.0,1.0,1.0,1.0,,0.3190478980541229,8.0,0.0010015258194360035,0.014987999573349953,1.4987998838478234e-05,1e-06,1e-06,0.9992815256118774,0.0,0.0,0.007022594101727009,56.0,0.9992815256118774,0.039583802223205566,0.0010114398319274187,4.700092315673828,4669.875,7168.0,0.040535733103752136,1.4334962368011475,0.0,7168.0,7168.0,0.0,66.39066934585571,76.94950222969055,107.96697895390997,8.420311212539673,7168.0,10.214060544967651,5760.686432291591,0.001095311250537634,2.558156728744507,75.9495048682336,0.0,0.0,0.0,37.383842797850704,10.214060544967651,5760.686432291591,0.003100872039794922,75.9495048682336,49.75468331686881,2.558156728744507,75.9495048682336,75.9495048682336,35.32020937412621,3.6036105155944824,94.37849545478821,114.52829670906067,75.9495048682336,16.975666046142578,97.55263066291809,1.2307405471801758,0.8517775385303571,0.0,132.0,0.0,-0.34358011186122894,0.7058823529411765,0.0,-0.3446754366159439,0.0,7168.0,7168.0,7168.0,7168.0,7168.0,0.0,0.0,-0.34358011186122894,7355.0,1.0,1.0,1.0,,0.34731850028038025,8.0,0.0009712228321781391,0.001095311250537634,1.0953112905554008e-06,1e-06,1e-06,1.0000001192092896,0.0,0.0,0.0,56.0,1.0000001192092896,0.0,0.0,0.0,0.0,7168.0,0.0,3.6036105155944824,0.0,7168.0,7168.0,0.0,94.37849545478821,114.52829670906067,75.9495048682336,16.975666046142578
58,57,-689.625,1.655721664428711,-5167.684610588162,-0.016563198994845152,0.5606582164764404,-3.1270974686281505,-1.5256249904632568,-0.03555066138505936,-2204.0,1.2618608474731445,0.0,-486.0,-689.625,0.0,-3.835303783416748,-0.05159568786621094,-12.11768446520199,3.1693050861358643,2907.5,2.51167631149292,9674.813545363366,0.01795434206724167,0.6962203979492188,103.84906592273065,1.5256249904632568,0.03555066138505936,2204.0,58.20514804874055,2.51167631149292,9674.813545363366,0.010776281356811523,91.19334315020821,69.99339672302212,0.6962203979492188,103.84906592273065,103.84906592273065,48.20300336743373,1.0109500885009766,31.88280963897705,39.136314868927,91.19334315020821,5.101615905761719,34.03469896316528,1.1122987270355225,0.869644959602156,0.0,96.0,0.0,-0.310869038105011,0.7384615384615385,1.0,-0.32882340252399445,0.0,3311.0,2907.5,2889.5,2471.0,2907.5,0.0,0.0,-0.3067028969526291,3037.5,0.0,0.0,,1.0,0.3012888431549072,8.0,0.0012450115929559372,0.01795434206724167,1.795434218365699e-05,1e-06,1e-06,1.0004174709320068,0.0,0.0,0.004166155122220516,57.0,1.0004174709320068,0.03477815166115761,0.0007235447410494089,1.5256249904632568,2204.0,2907.5,0.03555066138505936,1.0109500885009766,0.0,3311.0,2907.5,1.0,31.88280963897705,39.136314868927,91.19334315020821,5.101615905761719,2217.875,4.167397975921631,4507.128934775204,0.0013911430723965168,1.2568786144256592,100.7219684541025,0.0,0.0,0.0,26.782304357075137,4.167397975921631,4507.128934775204,0.0029456615447998047,79.07565868500622,29.600450854249555,1.2568786144256592,100.7219684541025,100.7219684541025,16.36923382723798,2.272810935974121,28.047505855560303,39.08471918106079,79.07565868500622,8.270920991897583,30.813798189163208,1.1105670928955078,0.7883847916731251,0.0,96.0,0.0,-0.2633158639073372,0.7384615384615385,1.0,-0.2647070065140724,0.0,2825.0,2217.875,2093.0,1791.0,2217.875,0.0,0.0,-0.2633158639073372,2347.875,0.0,0.0,,1.0,0.2644663453102112,8.0,0.0018808012253910765,0.0013911430723965168,1.391143086948432e-06,1e-06,1e-06,1.0,0.0,0.0,0.0,57.0,1.0,0.0,0.0,0.0,0.0,2217.875,0.0,2.272810935974121,0.0,2825.0,2217.875,1.0,28.047505855560303,39.08471918106079,79.07565868500622,8.270920991897583
59,58,-1546.75,3.661154270172119,-6426.382145954116,-0.014922917820513248,0.920487642288208,-24.583197777902782,-2.624030113220215,-0.036258675158023834,-4905.25,1.9197120666503906,0.0,-25.0,-1546.75,0.875,20.99867558479309,28.306992292404175,-41.12962719455572,6.275232315063477,7055.25,4.913876295089722,11671.844498265455,0.01593552716076374,1.3792948722839355,104.04564948085117,2.624030113220215,0.036258675158023834,4905.25,75.52042151792106,4.913876295089722,11671.844498265455,0.003227710723876953,102.40904973490167,89.6830248916983,1.3792948722839355,104.04564948085117,104.04564948085117,85.20180149244939,1.4518394470214844,68.89283728599548,79.5730926990509,102.40904973490167,8.588357925415039,70.98473477363586,1.0260143280029297,0.8920695723377674,3.725290298461914e-09,84.0,0.0,-0.3029894232749939,0.7368421052631579,0.125,-0.3189249485731125,0.0,7168.0,7055.25,7168.0,6266.0,7055.25,3.725290298461914e-09,3.725290298461914e-09,-0.2978898733854294,7169.25,0.875,0.875,,,0.2923143804073334,8.0,0.5868985496159238,0.01593552716076374,0.0021582264453172684,1e-06,1e-06,0.9996926784515381,0.024360306560993195,0.0021422933787107468,0.005099561531096697,58.0,0.9996926784515381,0.035346806049346924,0.0005082301795482635,2.624030113220215,4905.25,7055.25,0.036258675158023834,1.4518394470214844,0.0,7168.0,7055.25,0.125,68.89283728599548,79.5730926990509,102.40904973490167,8.588357925415039,5508.5,8.57503056526184,5245.462352311339,0.001012609340250492,2.2997825145721436,79.46245170294839,0.0,0.0,0.0,33.136871588223826,8.57503056526184,5245.462352311339,0.0037817955017089844,61.279422540345955,41.185008423726224,2.2997825145721436,79.46245170294839,79.46245170294839,28.092871145913026,3.371551513671875,89.89151287078857,107.88008499145508,61.279422540345955,14.863590240478516,93.01649475097656,1.2388243675231934,0.8622211852942475,0.0,84.0,0.0,-0.2583458721637726,0.7368421052631579,1.0,-0.2593584954738617,0.0,7143.0,5508.5,5235.0,4278.0,5508.5,0.0,0.0,-0.2583458721637726,5622.5,0.0,0.0,,1.0,0.2579009532928467,8.0,0.0010647978740107643,0.001012609340250492,1.0126095730811357e-06,1e-06,1e-06,1.0,0.0,0.0,0.0,58.0,1.0,0.0,0.0,0.0,0.0,5508.5,0.0,3.371551513671875,0.0,7143.0,5508.5,1.0,89.89151287078857,107.88008499145508,61.279422540345955,14.863590240478516
60,59,-157.375,5.012544631958008,-6199.204982485472,-0.018056353321298957,1.0784459114074707,-26.252938275867436,-3.123067855834961,-0.03398603945970535,-4184.375,2.1027750968933105,0.0,0.0,-157.375,0.25,24.12656021118164,33.04548358917236,-27.622887037192314,7.935581207275391,7085.5,4.836660861968994,11929.717970035726,0.019334707409143448,1.36979079246521,102.41281201016949,3.123067855834961,0.03398603945970535,4184.375,77.23834222702109,4.836660861968994,11929.717970035726,0.0033311843872070312,101.2340931219386,90.90820509421894,1.36979079246521,102.41281201016949,102.41281201016949,86.16846761249327,1.4451367855072021,69.9912428855896,80.60502028465271,101.2340931219386,8.504237651824951,72.10078263282776,1.055534839630127,0.8944949381342173,-2.0489096641540527e-08,84.0,0.0,-0.2506522908806801,0.6614173228346457,0.125,-0.26998698711395264,0.0,7168.0,7085.5,7168.0,6508.0,7085.5,-2.0489096641540527e-08,3.725290298461914e-09,-0.24529903382062912,7212.5,0.875,0.875,,,0.2433532476425171,8.0,0.5656206404797223,0.019334707409143448,0.0017321836203336716,1e-06,1e-06,0.9998990893363953,0.02369348332285881,0.0017128214240074158,0.005353237502276897,59.0,0.9998990893363953,0.033418718725442886,0.0011686338111758232,3.123067855834961,4184.375,7085.5,0.03398603945970535,1.4451367855072021,0.0,7168.0,7085.5,0.125,69.9912428855896,80.60502028465271,101.2340931219386,8.504237651824951,6928.125,9.849205493927002,5730.512987550254,0.001278354087844491,2.4482367038726807,76.15987373430205,0.0,0.0,0.0,37.01508224962191,9.849205493927002,5730.512987550254,0.0031490325927734375,73.61120608474629,49.63696945294704,2.4482367038726807,76.15987373430205,76.15987373430205,34.25199230187466,3.5479118824005127,94.11780309677124,113.65050387382507,73.61120608474629,16.439818859100342,97.21068501472473,1.1939387321472168,0.8553475937304084,1.4901161193847656e-08,84.0,0.0,-0.2562449350953102,0.6614173228346457,0.375,-0.2575232684612274,0.0,7168.0,6928.125,7168.0,5859.0,6928.125,1.4901161193847656e-08,1.4901161193847656e-08,-0.2562449350953102,7055.125,0.625,0.625,,,0.2555067539215088,8.0,0.8929887156953625,0.001278354087844491,1.259148120880127e-06,1e-06,1e-06,1.0,0.0,-1.4901161193847656e-08,0.0,59.0,1.0,0.0,0.0,0.0,0.0,6928.125,0.0,3.5479118824005127,0.0,7168.0,6928.125,0.375,94.11780309677124,113.65050387382507,73.61120608474629,16.439818859100342
61,60,0.0,5.019984722137451,-6001.604782653806,-0.030992393963970244,1.0832951068878174,-31.726289193453667,-5.446011066436768,-0.0437348335981369,-4620.25,1.876199722290039,0.0,0.0,0.0,0.0,27.74472165107727,36.58789420127869,-31.726289193453667,7.977133274078369,7168.0,4.942275047302246,11910.304351056113,0.032368600368499756,1.3975446224212646,107.77777359465308,5.446011066436768,0.0437348335981369,4620.25,77.29559913155147,4.942275047302246,11910.304351056113,0.0075016021728515625,107.77777359465308,91.11601989311225,1.3975446224212646,107.77777359465308,107.77777359465308,76.76921309208518,1.6587209701538086,66.50721907615662,77.29251480102539,107.77777359465308,8.57595181465149,68.7165629863739,1.079458236694336,0.8890455067126666,0.0,132.0,0.0,-0.27298909425735474,0.6947368421052632,0.0,-0.3053576946258545,0.0,7168.0,7168.0,7168.0,7168.0,7168.0,0.0,0.0,-0.26572829484939575,7358.0,1.0,1.0,1.0,,0.2734052836894989,8.0,0.001247940874772876,0.032368600368499756,3.2368603569921106e-05,1e-06,1e-06,1.0012977123260498,0.0,0.0,0.007260816637426615,60.0,1.0012977123260498,0.043629832565784454,0.0022147041745483875,5.446011066436768,4620.25,7168.0,0.0437348335981369,1.6587209701538086,0.0,7168.0,7168.0,0.0,66.50721907615662,77.29251480102539,107.77777359465308,8.57595181465149,7168.0,9.962259769439697,5908.699568402307,0.001376206404529512,2.480839729309082,76.05148440119942,0.0,0.0,0.0,38.34633102280865,9.962259769439697,5908.699568402307,0.004417896270751953,76.05148440119942,51.32887147591434,2.480839729309082,76.05148440119942,76.05148440119942,36.023072282850315,3.5349206924438477,94.25194072723389,113.88040900230408,76.05148440119942,16.55308508872986,97.32732391357422,1.1627411842346191,0.8546450154706158,0.0,132.0,0.0,-0.40013910830020905,0.6947368421052632,0.0,-0.40151531994342804,0.0,7168.0,7168.0,7168.0,7168.0,7168.0,0.0,0.0,-0.40013910830020905,7358.0,1.0,1.0,1.0,,0.40461206436157227,8.0,0.0010353428848918819,0.001376206404529512,1.376206569148053e-06,1e-06,1e-06,1.0,0.0,0.0,0.0,60.0,1.0,0.0,0.0,0.0,0.0,7168.0,0.0,3.5349206924438477,0.0,7168.0,7168.0,0.0,94.25194072723389,113.88040900230408,76.05148440119942,16.55308508872986
62,61,-1093.0,4.256071329116821,-6135.904727595837,-0.014529990265145898,0.88201904296875,-15.857903009587659,-4.9685516357421875,-0.034666724503040314,-4725.75,1.8015668392181396,0.0,0.0,-1093.0,0.625,15.479573011398315,23.41645121574402,-27.519970268600957,6.878434419631958,7054.375,5.0590736865997314,11375.007277009654,0.016152985394001007,1.4170348644256592,93.9874110993147,4.9685516357421875,0.034666724503040314,4725.75,73.62255724207893,5.0590736865997314,11375.007277009654,0.007314920425415039,92.4975506659777,87.61533241798469,1.4170348644256592,93.9874110993147,93.9874110993147,75.79200971597861,1.6380879878997803,76.26553297042847,87.13561272621155,92.4975506659777,8.775150537490845,78.3604621887207,1.031470775604248,0.8992931791842308,-1.4901161193847656e-08,96.0,0.0,-0.28601980209350586,0.6906474820143885,0.25,-0.30217278003692627,0.0,7168.0,7054.375,7168.0,6544.0,7054.375,-1.4901161193847656e-08,0.0,-0.2818610817193985,7193.375,0.75,0.75,,,0.28140032291412354,8.0,0.6451536698958436,0.016152985394001007,0.0025963783264160156,1e-06,1e-06,1.000960111618042,0.020796652883291245,0.0025802291929721832,0.004158728756010532,61.0,1.000960111618042,0.034185051918029785,0.0008805297547951341,4.9685516357421875,4725.75,7054.375,0.034666724503040314,1.6380879878997803,0.0,7168.0,7054.375,0.25,76.26553297042847,87.13561272621155,92.4975506659777,8.775150537490845,5961.375,9.315145015716553,5239.102549413817,0.0016229951288551092,2.299053907394409,78.12950808972704,0.0,0.0,0.0,33.328192883485514,9.315145015716553,5239.102549413817,0.0033943653106689453,64.97758039737674,45.01227640101905,2.299053907394409,78.12950808972704,78.12950808972704,30.086056637023205,3.43965482711792,91.74510598182678,110.55206394195557,64.97758039737674,15.653584957122803,94.89847898483276,1.1666224002838135,0.8584053124024751,1.4901161193847656e-08,96.0,0.0,-0.2577754631638527,0.6906474820143885,0.875,-0.2593984454870224,0.0,7168.0,5961.375,6128.0,4553.0,5961.375,1.4901161193847656e-08,-3.725290298461914e-09,-0.2577754631638527,6100.375,0.125,0.125,,,0.2585173547267914,8.0,0.8527776465138001,0.0016229951288551092,1.6093254089355469e-06,1e-06,1e-06,1.0,0.0,-1.4901161193847656e-08,0.0,61.0,1.0,0.0,0.0,0.0,0.0,5961.375,0.0,3.43965482711792,0.0,7168.0,5961.375,0.875,91.74510598182678,110.55206394195557,64.97758039737674,15.653584957122803
63,62,0.0,5.219450235366821,-5850.555939723305,-0.02048554946668446,0.9930305480957031,-27.619952688534156,-3.3640589714050293,-0.043819427490234375,-5511.5,2.033041477203369,0.0,0.0,0.0,0.0,25.98167586326599,35.19373631477356,-27.619952688534156,8.03441047668457,7168.0,5.056320428848267,11518.257361166876,0.021791178733110428,1.4257636070251465,102.18810886808723,3.3640589714050293,0.043819427490234375,5511.5,74.65193057370755,5.056320428848267,11518.257361166876,0.0043447017669677734,102.18810886808723,88.2484024123228,1.4257636070251465,102.18810886808723,102.18810886808723,83.46416038733959,1.5074896812438965,70.14514780044556,81.03953957557678,102.18810886808723,8.791631937026978,72.2479076385498,1.0375967025756836,0.8915142906404598,0.0,72.0,0.0,-0.3453351855278015,0.6428571428571429,0.0,-0.36712636053562164,0.0,7168.0,7168.0,7168.0,7168.0,7168.0,0.0,0.0,-0.3385096490383148,7280.0,1.0,1.0,1.0,,0.33134007453918457,8.0,0.0011565360642900031,0.021791178733110428,2.179118018830195e-05,1e-06,1e-06,0.9994368553161621,0.0,0.0,0.006825515069067478,62.0,0.9994368553161621,0.042748190462589264,0.0009765625,3.3640589714050293,5511.5,7168.0,0.043819427490234375,1.5074896812438965,0.0,7168.0,7168.0,0.0,70.14514780044556,81.03953957557678,102.18810886808723,8.791631937026978,7168.0,10.275770664215088,5667.701421443571,0.0013056292664259672,2.4187941551208496,74.56815617955307,0.0,0.0,0.0,36.733408514779505,10.275770664215088,5667.701421443571,0.0032892227172851562,74.56815617955307,52.0182175367104,2.4187941551208496,74.56815617955307,74.56815617955307,35.53742500963617,3.5405311584472656,96.12682366371155,116.23327589035034,74.56815617955307,16.826042413711548,99.4072334766388,1.5174779891967773,0.8552390244116965,0.0,72.0,0.0,-0.352263867855072,0.6428571428571429,0.0,-0.35356947779655457,0.0,7168.0,7168.0,7168.0,7168.0,7168.0,0.0,0.0,-0.352263867855072,7280.0,1.0,1.0,1.0,,0.3551974892616272,8.0,0.0010748637787383526,0.0013056292664259672,1.3056294392299606e-06,1e-06,1e-06,1.0,0.0,0.0,0.0,62.0,1.0,0.0,0.0,0.0,0.0,7168.0,0.0,3.5405311584472656,0.0,7168.0,7168.0,0.0,96.12682366371155,116.23327589035034,74.56815617955307,16.826042413711548
64,63,0.0,4.959505558013916,-5536.854985133148,-0.015700320480391383,1.0636591911315918,-16.928493944917463,-2.6507458686828613,-0.03452882170677185,-5013.25,1.940964698791504,0.0,0.0,0.0,0.0,17.051390647888184,25.507253170013428,-16.928493944917463,7.859412431716919,7168.0,5.155348062515259,11292.351029272078,0.017092334106564522,1.3682565689086914,93.24620625161505,2.6507458686828613,0.03452882170677185,5013.25,73.18404382803733,5.155348062515259,11292.351029272078,0.007892131805419922,93.24620625161505,91.9148321372763,1.3682565689086914,93.24620625161505,93.24620625161505,77.39553313404724,1.6249396800994873,76.87176012992859,87.87648677825928,93.24620625161505,8.816596031188965,79.05989074707031,1.0831108093261719,0.8996705904568525,0.0,72.0,0.0,-0.279005765914917,0.6605504587155964,0.0,-0.29609809815883636,0.0,7168.0,7168.0,7168.0,7168.0,7168.0,0.0,0.0,-0.2745148092508316,7277.0,1.0,1.0,1.0,,0.2708696126937866,8.0,0.0008505043384927078,0.017092334106564522,1.709233401925303e-05,1e-06,1e-06,1.0005173683166504,0.0,0.0,0.004490931052714586,63.0,1.0005173683166504,0.03414013609290123,0.0009416852844879031,2.6507458686828613,5013.25,7168.0,0.03452882170677185,1.6249396800994873,0.0,7168.0,7168.0,0.0,76.87176012992859,87.87648677825928,93.24620625161505,8.816596031188965,7168.0,10.114853620529175,5755.49604413893,0.0013920136261731386,2.431915760040283,76.31771230669759,0.0,0.0,0.0,37.30051197084605,10.114853620529175,5755.49604413893,0.003244161605834961,76.31771230669759,51.7135810863304,2.431915760040283,76.31771230669759,76.31771230669759,35.26821234928368,3.565904378890991,93.92315077781677,113.3837399482727,76.31771230669759,16.676008462905884,96.70773148536682,1.1251490116119385,0.8529241629310013,0.0,72.0,0.0,-0.3056754022836685,0.6605504587155964,0.0,-0.3070674240589142,0.0,7168.0,7168.0,7168.0,7168.0,7168.0,0.0,0.0,-0.3056754022836685,7277.0,1.0,1.0,1.0,,0.30394458770751953,8.0,0.0008892494281132402,0.0013920136261731386,1.3920138144385419e-06,1e-06,1e-06,1.0,0.0,0.0,0.0,63.0,1.0,0.0,0.0,0.0,0.0,7168.0,0.0,3.565904378890991,0.0,7168.0,7168.0,0.0,93.92315077781677,113.3837399482727,76.31771230669759,16.676008462905884
65,64,-1653.75,1.5473735332489014,-4773.430211447207,-0.016506066545844078,0.43426942825317383,-39.94160209677939,-2.627443790435791,-0.02492961287498474,-2740.375,1.2471802234649658,0.0,-2213.0,-1653.75,0.125,0.35062527656555176,3.9042956829071045,-29.86683964541963,3.030912160873413,5528.0,4.494243860244751,10087.570102956332,0.017793435603380203,1.2586355209350586,127.60034342897622,2.627443790435791,0.02492961287498474,2740.375,63.8784822293247,4.494243860244751,10087.570102956332,0.0030024051666259766,98.40606842569483,76.0308741187748,1.2586355209350586,127.60034342897622,127.60034342897622,61.11697157963481,1.5657706260681152,56.17539739608765,66.39559841156006,98.40606842569483,8.06650710105896,58.3290913105011,1.0950942039489746,0.8785084057672337,2.421438694000244e-08,96.0,0.0,-0.17221491783857346,0.6906474820143885,0.875,-0.19000835716724396,0.0,7168.0,5528.0,5756.5,3274.0,5528.0,2.421438694000244e-08,-3.725290298461914e-09,-0.1683369278907776,5667.0,0.125,0.125,,,0.164445698261261,8.0,0.5867762348240882,0.017793435603380203,0.0018671751022338867,1e-06,1e-06,1.0000998973846436,0.01126579474657774,0.001849362626671791,0.003877993207424879,64.0,1.0000998973846436,0.02427421323955059,0.0009356377413496375,2.627443790435791,2740.375,5528.0,0.02492961287498474,1.5657706260681152,0.0,7168.0,5528.0,0.875,56.17539739608765,66.39559841156006,98.40606842569483,8.06650710105896,3874.25,6.041617393493652,5314.139891509125,0.0012873690575361252,1.6929049491882324,87.65874133219683,0.0,0.0,0.0,32.611973288550324,6.041617393493652,5314.139891509125,0.0040683746337890625,68.5392287802752,38.79506350917373,1.6929049491882324,87.65874133219683,87.65874133219683,23.347850187163264,2.812950849533081,56.5260226726532,70.29989409446716,68.5392287802752,11.097419261932373,59.20247483253479,1.0714848041534424,0.8421417357041826,0.0,96.0,0.0,-0.16936729475855827,0.6906474820143885,1.0,-0.17065466567873955,0.0,4955.0,3874.25,3807.0,2966.0,3874.25,0.0,0.0,-0.16936729475855827,4013.25,0.0,0.0,,1.0,0.166640967130661,8.0,0.0009821930514010277,0.0012873690575361252,1.2873690593551146e-06,1e-06,1e-06,1.0,0.0,0.0,0.0,64.0,1.0,0.0,0.0,0.0,0.0,3874.25,0.0,2.812950849533081,0.0,4955.0,3874.25,1.0,56.5260226726532,70.29989409446716,68.5392287802752,11.097419261932373
66,65,-1419.5,2.5010669231414795,-4612.322435984466,-0.03147940256167203,0.695793628692627,-24.268667526198456,-2.979464054107666,-0.04439094290137291,-4630.875,1.5093274116516113,0.0,-1272.0,-1419.5,0.0,1.034170150756836,6.554728031158447,-26.580237163473058,4.7361249923706055,5714.125,5.014355659484863,9319.04379610771,0.03339476138353348,1.3853399753570557,115.89585103206225,2.979464054107666,0.04439094290137291,4630.875,58.97428895988838,5.014355659484863,9319.04379610771,0.015216350555419922,101.4621387741049,71.15414864953854,1.3853399753570557,115.89585103206225,115.89585103206225,57.432571239838886,1.716320276260376,56.31780552864075,67.1031334400177,101.4621387741049,8.678804874420166,58.424328565597534,1.0351595878601074,0.8706646853953848,0.0,84.0,0.0,-0.3631780743598938,0.6614173228346457,1.0,-0.39657285809516907,0.0,6527.0,5714.125,5689.5,4856.0,5714.125,0.0,0.0,-0.35679613053798676,5841.125,0.0,0.0,,1.0,0.35044217109680176,8.0,0.001243067052029681,0.03339476138353348,3.339476461405866e-05,1e-06,1e-06,1.0000008344650269,0.0,0.0,0.006381938233971596,65.0,1.0000008344650269,0.04324931651353836,0.0009266898268833756,2.979464054107666,4630.875,5714.125,0.04439094290137291,1.716320276260376,0.0,6527.0,5714.125,1.0,56.31780552864075,67.1031334400177,101.4621387741049,8.678804874420166,4294.625,7.515422582626343,4706.721360123243,0.001915358821861446,2.0811336040496826,91.6271835058638,0.0,0.0,0.0,29.046849313386314,7.515422582626343,4706.721360123243,0.003019571304321289,74.88190161063184,34.96481386541431,2.0811336040496826,91.6271835058638,91.6271835058638,22.558709485647167,3.2256476879119873,57.35197567939758,73.65786147117615,74.88190161063184,13.414929866790771,60.242931604385376,1.2908194065093994,0.8178751106962246,0.0,84.0,0.0,-0.3518020361661911,0.6614173228346457,1.0,-0.3537174016237259,0.0,5255.0,4294.625,4254.0,3632.0,4294.625,0.0,0.0,-0.3518020361661911,4421.625,0.0,0.0,,1.0,0.351118266582489,8.0,0.001211844558531326,0.001915358821861446,1.915359007398365e-06,1e-06,1e-06,1.0,0.0,0.0,0.0,65.0,1.0,0.0,0.0,0.0,0.0,4294.625,0.0,3.2256476879119873,0.0,5255.0,4294.625,1.0,57.35197567939758,73.65786147117615,74.88190161063184,13.414929866790771
67,66,0.0,5.210385322570801,-6234.401673927922,-0.016651925863698125,1.10707426071167,-18.401700421588316,-2.699371814727783,-0.029761264100670815,-4303.5,1.9794204235076904,0.0,0.0,0.0,0.0,17.673014640808105,26.41985058784485,-18.401700421588316,8.19129228591919,7168.0,4.854577302932739,12043.067058522443,0.01754378154873848,1.3777596950531006,96.08124726648528,2.699371814727783,0.029761264100670815,4303.5,78.09061038791671,4.854577302932739,12043.067058522443,0.006018400192260742,96.08124726648528,91.71819684823754,1.3777596950531006,96.08124726648528,96.08124726648528,78.61350812637214,1.607429027557373,74.60352778434753,85.3146960735321,96.08124726648528,8.540796995162964,76.77389907836914,1.0764310359954834,0.8998906707960173,0.0,96.0,0.0,-0.23839911073446274,0.6857142857142857,0.0,-0.2559428960084915,0.0,7168.0,7168.0,7168.0,7168.0,7168.0,0.0,0.0,-0.23395221680402756,7308.0,1.0,1.0,1.0,,0.2317410558462143,8.0,0.0008472974664226098,0.01754378154873848,1.7543781723361462e-05,1e-06,1e-06,0.9997525215148926,0.0,0.0,0.004446891136467457,66.0,0.9997525215148926,0.02919866144657135,0.000732421875,2.699371814727783,4303.5,7168.0,0.029761264100670815,1.607429027557373,0.0,7168.0,7168.0,0.0,74.60352778434753,85.3146960735321,96.08124726648528,8.540796995162964,7168.0,10.06496262550354,5808.665384594521,0.0008918556850403547,2.4848339557647705,77.67954684489696,0.0,0.0,0.0,37.66500869071813,10.06496262550354,5808.665384594521,0.0030832290649414062,77.67954684489696,50.85476018519547,2.4848339557647705,77.67954684489696,77.67954684489696,35.230258934599426,3.5868494510650635,92.27654242515564,111.73454666137695,77.67954684489696,16.732089281082153,95.0024573802948,1.117807388305664,0.8502514237446144,0.0,96.0,0.0,-0.26003094017505646,0.6857142857142857,0.0,-0.26092279702425003,0.0,7168.0,7168.0,7168.0,7168.0,7168.0,0.0,0.0,-0.26003094017505646,7308.0,1.0,1.0,1.0,,0.260536789894104,8.0,0.0008565997657470509,0.0008918556850403547,8.918556773096498e-07,1e-06,1e-06,1.0,0.0,0.0,0.0,66.0,1.0,0.0,0.0,0.0,0.0,7168.0,0.0,3.5868494510650635,0.0,7168.0,7168.0,0.0,92.27654242515564,111.73454666137695,77.67954684489696,16.732089281082153
68,67,-1142.25,4.036124229431152,-6292.275264647738,-0.051776254549622536,0.9903347492218018,-41.288882743546665,-4.737783908843994,-0.04460812360048294,-4602.0,2.0361745357513428,0.0,0.0,-1142.25,0.625,33.334041118621826,40.63072443008423,-52.33880423673952,6.766844749450684,6988.875,4.896962642669678,11662.535364751075,0.05327944457530975,1.3514227867126465,117.10565524049927,4.737783908843994,0.04460812360048294,4602.0,75.44132967060332,4.896962642669678,11662.535364751075,0.003042459487915039,114.17923915582372,91.12208178979614,1.3514227867126465,117.10565524049927,117.10565524049927,84.5052764166763,1.4572398662567139,61.20968270301819,71.88398766517639,114.17923915582372,8.559655666351318,63.32433199882507,1.0522799491882324,0.8809240285024147,-2.2351741790771484e-08,108.0,0.0,-0.26205766201019287,0.72,0.25,-0.3153371214866638,0.0,7168.0,6988.875,7168.0,5804.0,6988.875,-2.2351741790771484e-08,0.0,-0.2523743212223053,7138.875,0.75,0.75,,,0.25166597962379456,8.0,0.9152330907339674,0.05327944457530975,0.005060993134975433,1e-06,1e-06,0.9992426633834839,0.03057743050158024,0.00500769168138504,0.009683343581855297,67.0,0.9992426633834839,0.042961183935403824,0.00202915258705616,4.737783908843994,4602.0,6988.875,0.04460812360048294,1.4572398662567139,0.0,7168.0,6988.875,0.25,61.20968270301819,71.88398766517639,114.17923915582372,8.559655666351318,5846.625,8.93308687210083,5370.260100103336,0.0015031900256872177,2.3417575359344482,75.81677249695261,0.0,0.0,0.0,34.09254146939438,8.93308687210083,5370.260100103336,0.0033311843872070312,61.8404349190842,43.35086360898199,2.3417575359344482,75.81677249695261,75.81677249695261,29.059596103813703,3.4934144020080566,94.54372382164001,112.51471209526062,61.8404349190842,15.326500415802002,97.18821167945862,1.0093815326690674,0.8637822545124071,3.725290298461914e-09,108.0,0.0,-0.3499192148447037,0.72,0.875,-0.35142236948013306,0.0,7168.0,5846.625,5800.5,4850.0,5846.625,3.725290298461914e-09,-3.725290298461914e-09,-0.3499192148447037,5996.625,0.125,0.125,,,0.3508465588092804,8.0,1.06408925968081,0.0015031900256872177,1.514330506324768e-06,1e-06,1e-06,1.0,0.0,-3.725290298461914e-09,0.0,67.0,1.0,0.0,0.0,0.0,0.0,5846.625,0.0,3.4934144020080566,0.0,7168.0,5846.625,0.875,94.54372382164001,112.51471209526062,61.8404349190842,15.326500415802002
69,68,-175.375,4.88521933555603,-5702.601951531257,-0.026502495631575584,1.0482540130615234,-15.914156879006356,-3.421417236328125,-0.0325951874256134,-4434.5,1.8806447982788086,0.0,0.0,-175.375,0.25,15.45349407196045,23.77482771873474,-17.830541739655857,7.803926467895508,7168.0,5.113582134246826,11384.582954112377,0.027630241587758064,1.410459280014038,94.24143660037828,3.421417236328125,0.0325951874256134,4434.5,73.7817851852055,5.113582134246826,11384.582954112377,0.009845972061157227,94.24143660037828,89.16462505086733,1.410459280014038,94.24143660037828,94.24143660037828,70.91883623837539,1.7733380794525146,76.05996108055115,87.114675283432,94.24143660037828,8.83629560470581,78.2783796787262,1.0963690280914307,0.8985670832617297,0.0,72.0,0.0,-0.24250338226556778,0.6605504587155964,0.0,-0.2701335996389389,0.0,7168.0,7168.0,7168.0,7168.0,7168.0,0.0,0.0,-0.23642459511756897,7277.0,1.0,1.0,1.0,,0.23310637474060059,8.0,0.0010105536218105613,0.027630241587758064,2.763024349405896e-05,1e-06,1e-06,0.9991624355316162,0.0,0.0,0.0060787927359342575,68.0,0.9991624355316162,0.03168649971485138,0.0006801060517318547,3.421417236328125,4434.5,7168.0,0.0325951874256134,1.7733380794525146,0.0,7168.0,7168.0,0.0,76.05996108055115,87.114675283432,94.24143660037828,8.83629560470581,6992.625,9.998801469802856,5681.981002581119,0.0011277459561824799,2.4587132930755615,78.32727972137192,0.0,0.0,0.0,36.72520298962672,9.998801469802856,5681.981002581119,0.003172159194946289,76.41089486072242,49.78322261290768,2.4587132930755615,78.32727972137192,78.32727972137192,33.49842495334655,3.6539828777313232,91.5134551525116,110.88950300216675,76.41089486072242,16.64022207260132,94.24928092956543,1.0920052528381348,0.8499387081545836,-2.9802322387695312e-08,72.0,0.0,-0.2285858541727066,0.6605504587155964,0.25,-0.22971359640359879,0.0,7168.0,6992.625,7168.0,6088.0,6992.625,-2.9802322387695312e-08,0.0,-0.2285858541727066,7101.625,0.75,0.75,,,0.22739093005657196,8.0,0.8320584001723089,0.0011277459561824799,1.1585652828216553e-06,1e-06,1e-06,1.0,0.0,2.9802322387695312e-08,0.0,68.0,1.0,0.0,0.0,0.0,0.0,6992.625,0.0,3.6539828777313232,0.0,7168.0,6992.625,0.25,91.5134551525116,110.88950300216675,76.41089486072242,16.64022207260132
70,69,-1746.625,0.33968019485473633,-4031.4995067135033,-0.045223168563097715,0.13429045677185059,-26.340689249150714,-3.197850227355957,-0.03214273601770401,-2569.25,0.7739465236663818,0.0,-2715.0,-1746.625,0.0,-15.81297755241394,-14.233105897903442,-10.871203442999146,0.938589334487915,4234.25,3.8888044357299805,9050.08225063743,0.04667534679174423,1.1214890480041504,118.24224124159068,3.197850227355957,0.03214273601770401,2569.25,55.887484913992914,3.8888044357299805,9050.08225063743,0.003086566925048828,88.39463452987383,64.59730172194058,1.1214890480041504,118.24224124159068,118.24224124159068,51.195549024194825,1.4150676727294922,47.901663064956665,57.338438987731934,88.39463452987383,7.322237730026245,50.01620125770569,1.064162254333496,0.8722979233600534,0.0,120.0,0.0,-0.20787376910448074,0.7272727272727273,1.0,-0.2545491009950638,0.0,5664.0,4234.25,4107.0,3171.0,4234.25,0.0,0.0,-0.20180602371692657,4399.25,0.0,0.0,,1.0,0.19960275292396545,8.0,0.001333301754757032,0.04667534679174423,4.667534813052043e-05,1e-06,1e-06,0.9997289776802063,0.0,0.0,0.006067747250199318,69.0,0.9997289776802063,0.030865713953971863,0.0010484037920832634,3.197850227355957,2569.25,4234.25,0.03214273601770401,1.4150676727294922,0.0,5664.0,4234.25,1.0,47.901663064956665,57.338438987731934,88.39463452987383,7.322237730026245,2487.625,4.228484630584717,5018.5827439239265,0.0014521782286465168,1.255779504776001,91.90155199243996,0.0,0.0,0.0,29.975007903945276,4.228484630584717,5018.5827439239265,0.0029823780059814453,77.52343108687468,33.64413889047525,1.255779504776001,91.90155199243996,91.90155199243996,19.3007519750481,2.189014196395874,32.088685512542725,43.10533308982849,77.52343108687468,8.26082706451416,34.84450602531433,1.0474185943603516,0.8083571921994159,0.0,120.0,0.0,-0.21672995388507843,0.7272727272727273,1.0,-0.21818212419748306,0.0,2949.0,2487.625,2492.0,2027.0,2487.625,0.0,0.0,-0.21672995388507843,2652.625,0.0,0.0,,1.0,0.217960923910141,8.0,0.001777532590591689,0.0014521782286465168,1.4521782532028737e-06,1e-06,1e-06,1.0,0.0,0.0,0.0,69.0,1.0,0.0,0.0,0.0,0.0,2487.625,0.0,2.189014196395874,0.0,2949.0,2487.625,1.0,32.088685512542725,43.10533308982849,77.52343108687468,8.26082706451416
71,70,0.0,5.236212491989136,-5727.84150575183,-0.04216817580163479,1.0819816589355469,-34.2017507992736,-7.804863929748535,-0.039246127009391785,-4541.625,1.7128303050994873,0.0,0.0,0.0,0.0,28.245572328567505,37.33802056312561,-34.2017507992736,8.074287414550781,7168.0,5.137805223464966,11348.036265313975,0.04348541796207428,1.4312984943389893,111.82133194729616,7.804863929748535,0.039246127009391785,4541.625,73.55873656489949,5.137805223464966,11348.036265313975,0.0031118392944335938,111.82133194729616,88.01575689240654,1.4312984943389893,111.82133194729616,111.82133194729616,68.42005315367095,1.841226577758789,64.10225915908813,75.19251203536987,111.82133194729616,8.980490684509277,66.2120213508606,1.0365519523620605,0.8805666888707624,0.0,84.0,0.0,-0.27772803604602814,0.7,0.0,-0.3212134689092636,0.0,7168.0,7168.0,7168.0,7168.0,7168.0,0.0,0.0,-0.2705547958612442,7288.0,1.0,1.0,1.0,,0.2647058367729187,8.0,0.001252248279572619,0.04348541796207428,4.3485422793310136e-05,1e-06,1e-06,0.9996650218963623,0.0,0.0,0.007173248566687107,70.0,0.9996650218963623,0.03743460029363632,0.0011683872435241938,7.804863929748535,4541.625,7168.0,0.039246127009391785,1.841226577758789,0.0,7168.0,7168.0,0.0,64.10225915908813,75.19251203536987,111.82133194729616,8.980490684509277,7168.0,10.374017715454102,5620.194759562145,0.0013172421604394913,2.513280153274536,77.61958114802256,0.0,0.0,0.0,36.430481547339525,10.374017715454102,5620.194759562145,0.003596067428588867,77.61958114802256,50.124463901914645,2.513280153274536,77.61958114802256,77.61958114802256,35.44592123041479,3.5540568828582764,92.34783148765564,112.53053259849548,77.61958114802256,17.05477809906006,95.47575449943542,1.4402341842651367,0.8484431051267585,0.0,84.0,0.0,-0.2871583178639412,0.7,0.0,-0.28847557306289673,0.0,7168.0,7168.0,7168.0,7168.0,7168.0,0.0,0.0,-0.2871583178639412,7288.0,1.0,1.0,1.0,,0.28708142042160034,8.0,0.0008642166057028198,0.0013172421604394913,1.3172422086427105e-06,1e-06,1e-06,0.9999998807907104,0.0,0.0,0.0,70.0,0.9999998807907104,0.0,0.0,0.0,0.0,7168.0,0.0,3.5540568828582764,0.0,7168.0,7168.0,0.0,92.34783148765564,112.53053259849548,77.61958114802256,17.05477809906006
72,71,-111.75,4.880601644515991,-5755.562074785307,-0.07295079610776156,1.0666959285736084,-16.460195531389232,-4.8532185554504395,-0.04958169907331467,-5150.625,2.0546114444732666,0.0,0.0,-111.75,0.125,17.37216329574585,25.94855570793152,-17.623088683917388,7.775099754333496,7168.0,5.071534156799316,11553.111580929952,0.07377750426530838,1.4100584983825684,91.05185653650614,4.8532185554504395,0.04958169907331467,5150.625,74.93404513605724,5.071534156799316,11553.111580929952,0.0029070377349853516,91.05185653650614,89.83801495956291,1.4100584983825684,91.05185653650614,91.05185653650614,83.15970545237845,1.5232961177825928,78.72436952590942,89.62294673919678,91.05185653650614,8.786050081253052,80.83689665794373,1.0515761375427246,0.9019665119155198,0.0,108.0,0.0,-0.2959696352481842,0.6923076923076923,0.0,-0.3697471022605896,0.0,7168.0,7168.0,7168.0,7168.0,7168.0,0.0,0.0,-0.2855290472507477,7324.0,1.0,1.0,1.0,,0.2948474884033203,8.0,0.0016777637212098946,0.07377750426530838,7.377751171588898e-05,1e-06,1e-06,0.9992313385009766,0.0,0.0,0.010440563783049583,71.0,0.9992313385009766,0.048265840858221054,0.0022147041745483875,4.8532185554504395,5150.625,7168.0,0.04958169907331467,1.5232961177825928,0.0,7168.0,7168.0,0.0,78.72436952590942,89.62294673919678,91.05185653650614,8.786050081253052,7056.25,9.952135801315308,5797.5495061446445,0.0008267081575468183,2.4767544269561768,74.5916610051169,0.0,0.0,0.0,37.539310155117484,9.952135801315308,5797.5495061446445,0.0041162967681884766,73.42876785258875,50.28035998581116,2.4767544269561768,74.5916610051169,74.5916610051169,34.80584727719766,3.5779075622558594,96.09653282165527,115.5715024471283,73.42876785258875,16.561149835586548,99.01035261154175,1.2053859233856201,0.856702132576645,7.450580596923828e-09,108.0,0.0,-0.48445314168930054,0.6923076923076923,0.125,-0.485279843211174,0.0,7168.0,7056.25,7168.0,6274.0,7056.25,7.450580596923828e-09,3.725290298461914e-09,-0.48445314168930054,7212.25,0.875,0.875,,,0.4865271747112274,8.0,1.0848673205841737,0.0008267081575468183,8.344650268554688e-07,1e-06,1e-06,1.0,0.0,-7.450580596923828e-09,0.0,71.0,1.0,0.0,0.0,0.0,0.0,7056.25,0.0,3.5779075622558594,0.0,7168.0,7056.25,0.125,96.09653282165527,115.5715024471283,73.42876785258875,16.561149835586548
73,72,0.0,5.206311464309692,-6075.887134538863,-0.059713718481361866,1.1680870056152344,-23.55683240341253,-9.497108459472656,-0.05250568315386772,-6498.375,2.081329584121704,0.0,0.0,0.0,0.0,21.857749938964844,30.831156969070435,-23.55683240341253,8.323705196380615,7168.0,4.948716163635254,11851.154533970694,0.060954902321100235,1.4005165100097656,100.45719505871804,9.497108459472656,0.05250568315386772,6498.375,76.87634076461379,4.948716163635254,11851.154533970694,0.004446744918823242,100.45719505871804,90.54735340471477,1.4005165100097656,100.45719505871804,100.45719505871804,79.62012613524988,1.592726230621338,71.35377407073975,82.1044135093689,100.45719505871804,8.647548198699951,73.45686531066895,1.014075756072998,0.8946762076594922,0.0,120.0,0.0,-0.43839773535728455,0.7361963190184049,0.0,-0.4993526488542557,0.0,7168.0,7168.0,7168.0,7168.0,7168.0,0.0,0.0,-0.4302111864089966,7331.0,1.0,1.0,1.0,,0.41316694021224976,8.0,0.001627451228553465,0.060954902321100235,6.095490243751556e-05,1e-06,1e-06,0.9999440312385559,0.0,0.0,0.008186561055481434,72.0,0.9999440312385559,0.050099559128284454,0.0009940011659637094,9.497108459472656,6498.375,7168.0,0.05250568315386772,1.592726230621338,0.0,7168.0,7168.0,0.0,71.35377407073975,82.1044135093689,100.45719505871804,8.647548198699951,7168.0,10.155027627944946,5775.26739943183,0.001241183839738369,2.568603515625,76.90036265530551,0.0,0.0,0.0,37.463136889561056,10.155027627944946,5775.26739943183,0.002981424331665039,76.90036265530551,49.37043129061337,2.568603515625,76.90036265530551,76.90036265530551,34.51582386748829,3.674055814743042,93.21152400970459,112.93557047843933,76.90036265530551,16.971253395080566,95.96431708335876,1.0931689739227295,0.849726234850688,0.0,120.0,0.0,-0.35787929594516754,0.7361963190184049,0.0,-0.3591204583644867,0.0,7168.0,7168.0,7168.0,7168.0,7168.0,0.0,0.0,-0.35787929594516754,7331.0,1.0,1.0,1.0,,0.35736197233200073,8.0,0.0010678285081927505,0.001241183839738369,1.2411840089043835e-06,1e-06,1e-06,1.0,0.0,0.0,0.0,72.0,1.0,0.0,0.0,0.0,0.0,7168.0,0.0,3.674055814743042,0.0,7168.0,7168.0,0.0,93.21152400970459,112.93557047843933,76.90036265530551,16.971253395080566
74,73,-81.625,4.905894994735718,-5540.720573595409,-0.05375616520177573,1.177126169204712,-31.13724981708927,-7.5632219314575195,-0.042753640562295914,-4911.125,2.0536394119262695,0.0,0.0,-81.625,0.0,26.67661213874817,35.37188243865967,-32.01653858120048,7.933397531509399,7168.0,5.168067932128906,11244.434237934185,0.05527910590171814,1.3550286293029785,108.35307659992672,7.5632219314575195,0.042753640562295914,4911.125,72.85733616753555,5.168067932128906,11244.434237934185,0.0031125545501708984,108.35307659992672,92.62575823741389,1.3550286293029785,108.35307659992672,108.35307659992672,81.12581976465805,1.547109842300415,66.15409755706787,77.20801591873169,108.35307659992672,8.832996606826782,68.37501931190491,1.1123309135437012,0.8855948245565033,0.0,60.0,0.0,-0.3081846088171005,0.625,0.0,-0.36346371471881866,0.0,7168.0,7168.0,7168.0,7168.0,7168.0,0.0,0.0,-0.3014223575592041,7264.0,1.0,1.0,1.0,,0.2983717918395996,8.0,0.0012797296628951657,0.05527910590171814,5.527910980163142e-05,1e-06,1e-06,1.0005414485931396,0.0,0.0,0.006762241013348103,73.0,1.0005414485931396,0.04128217324614525,0.0013950893189758062,7.5632219314575195,4911.125,7168.0,0.042753640562295914,1.547109842300415,0.0,7168.0,7168.0,0.0,66.15409755706787,77.20801591873169,108.35307659992672,8.832996606826782,7086.375,10.073962926864624,5703.713664338776,0.00152294069994241,2.5321547985076904,77.21582678283745,0.0,0.0,0.0,36.908800266605205,10.073962926864624,5703.713664338776,0.0031249523162841797,76.33653801872624,48.94617630011674,2.5321547985076904,77.21582678283745,77.21582678283745,34.42041820642183,3.6007492542266846,92.83070969581604,112.57989835739136,76.33653801872624,16.76639413833618,95.81350421905518,1.0844838619232178,0.8510711558371611,0.0,60.0,0.0,-0.3351134806871414,0.625,0.0,-0.3366364389657974,0.0,7168.0,7086.375,7168.0,6554.0,7086.375,0.0,0.0,-0.3351134806871414,7182.375,0.75,0.75,1.0,,0.33736029267311096,8.0,0.0009664603761127538,0.00152294069994241,1.5229405789796147e-06,1e-06,1e-06,1.0,0.0,0.0,0.0,73.0,1.0,0.0,0.0,0.0,0.0,7086.375,0.0,3.6007492542266846,0.0,7168.0,7086.375,0.0,92.83070969581604,112.57989835739136,76.33653801872624,16.76639413833618
75,74,0.0,5.296239614486694,-6247.981223168535,-0.052865817211568356,1.1859173774719238,-31.98144339525716,-3.545362949371338,-0.047362539917230606,-5379.5,2.2257137298583984,0.0,0.0,0.0,0.0,27.962825775146484,36.79259634017944,-31.98144339525716,8.420514583587646,7168.0,4.892599105834961,12019.787178120727,0.054410211741924286,1.3607292175292969,107.935471135385,3.545362949371338,0.047362539917230606,5379.5,77.99681671046942,4.892599105834961,12019.787178120727,0.0032019615173339844,107.935471135385,93.48104207157094,1.3607292175292969,107.935471135385,107.935471135385,89.35905453549356,1.4234974384307861,66.41004967689514,77.22944712638855,107.935471135385,8.555075645446777,68.67437148094177,1.1460607051849365,0.8892252118360227,0.0,132.0,0.0,-0.3400985896587372,0.7213114754098361,0.0,-0.3945087790489197,0.0,7168.0,7168.0,7168.0,7168.0,7168.0,0.0,0.0,-0.33273421227931976,7351.0,1.0,1.0,1.0,,0.3298320174217224,8.0,0.0012507506376542006,0.054410211741924286,5.441021130536683e-05,1e-06,1e-06,1.0001100301742554,0.0,0.0,0.007364370860159397,74.0,1.0001100301742554,0.04618509113788605,0.001307896338403225,3.545362949371338,5379.5,7168.0,0.047362539917230606,1.4234974384307861,0.0,7168.0,7168.0,0.0,66.41004967689514,77.22944712638855,107.935471135385,8.555075645446777,7168.0,10.188838720321655,5771.805954952192,0.0015443945303559303,2.5466465950012207,75.95402774012784,0.0,0.0,0.0,37.453449423485324,10.188838720321655,5771.805954952192,0.0034894943237304688,75.95402774012784,49.94897426347099,2.5466465950012207,75.95402774012784,75.95402774012784,34.857501899926156,3.6492111682891846,94.37287545204163,114.022043466568,75.95402774012784,16.975590229034424,97.04645323753357,1.0205392837524414,0.851120101754607,0.0,132.0,0.0,-0.49328072369098663,0.7213114754098361,0.0,-0.4948251098394394,0.0,7168.0,7168.0,7168.0,7168.0,7168.0,0.0,0.0,-0.49328072369098663,7351.0,1.0,1.0,1.0,,0.4961254596710205,8.0,0.001117132431372274,0.0015443945303559303,1.5443945358128985e-06,1e-06,1e-06,1.0,0.0,0.0,0.0,74.0,1.0,0.0,0.0,0.0,0.0,7168.0,0.0,3.6492111682891846,0.0,7168.0,7168.0,0.0,94.37287545204163,114.022043466568,75.95402774012784,16.975590229034424
76,75,0.0,5.05255913734436,-5640.243152467109,-0.033550057327374816,1.1701734066009521,-33.484122116574,-6.298383712768555,-0.026293311268091202,-3218.375,1.9834022521972656,0.0,0.0,0.0,0.0,29.99964690208435,38.941553354263306,-33.484122116574,8.104099750518799,7168.0,5.131381988525391,11368.477367393196,0.034604430198669434,1.3651118278503418,107.74131207526767,6.298383712768555,0.026293311268091202,3218.375,73.69626621804805,5.131381988525391,11368.477367393196,0.006746053695678711,107.74131207526767,92.34010122290688,1.3651118278503418,107.74131207526767,107.74131207526767,78.55975586684121,1.6045691967010498,66.52972626686096,77.42751169204712,107.74131207526767,8.787524938583374,68.63998675346375,1.0243594646453857,0.886506427152999,0.0,84.0,0.0,-0.1637311428785324,0.6774193548387096,0.0,-0.19833556562662125,0.0,7168.0,7168.0,7168.0,7168.0,7168.0,0.0,0.0,-0.15903261303901672,7292.0,1.0,1.0,1.0,,0.15527813136577606,8.0,0.000916000333437368,0.034604430198669434,3.460443258518353e-05,1e-06,1e-06,1.000205397605896,0.0,0.0,0.004698522388935089,75.0,1.000205397605896,0.025011299178004265,0.0010288783814758062,6.298383712768555,3218.375,7168.0,0.026293311268091202,1.6045691967010498,0.0,7168.0,7168.0,0.0,66.52972626686096,77.42751169204712,107.74131207526767,8.787524938583374,7168.0,10.183941125869751,5728.234214926087,0.0010543728712946177,2.535285234451294,74.25718995869367,0.0,0.0,0.0,37.13333457243128,10.183941125869751,5728.234214926087,0.003197908401489258,74.25718995869367,49.72007198691776,2.535285234451294,74.25718995869367,74.25718995869367,35.132543878796184,3.5879714488983154,96.52937316894531,116.36906504631042,74.25718995869367,16.891624689102173,99.47744035720825,1.0286893844604492,0.8548443722360409,0.0,84.0,0.0,-0.18008121848106384,0.6774193548387096,0.0,-0.18113559484481812,0.0,7168.0,7168.0,7168.0,7168.0,7168.0,0.0,0.0,-0.18008121848106384,7292.0,1.0,1.0,1.0,,0.17924311757087708,8.0,0.0007729767499223343,0.0010543728712946177,1.05437300135236e-06,1e-06,1e-06,1.0,0.0,0.0,0.0,75.0,1.0,0.0,0.0,0.0,0.0,7168.0,0.0,3.5879714488983154,0.0,7168.0,7168.0,0.0,96.52937316894531,116.36906504631042,74.25718995869367,16.891624689102173
77,76,-1695.375,0.407329797744751,-3179.7000766192214,-0.055780610418878496,0.14532923698425293,-27.205937477960603,-3.3060462474823,-0.03319184109568596,-2881.875,0.9501743316650391,0.0,-2040.0,-1695.375,0.0,-8.325020790100098,-5.910060882568359,-23.03477876608784,1.3723583221435547,4561.375,4.852369546890259,7760.950528620506,0.056710317730903625,1.379607915878296,120.65828473953079,3.3060462474823,0.03319184109568596,2881.875,48.15128004204585,4.852369546890259,7760.950528620506,0.0030117034912109375,98.3326216819327,56.45270713770428,1.379607915878296,120.65828473953079,120.65828473953079,50.89109260489621,1.5303778648376465,46.387200117111206,57.029314041137695,98.3326216819327,8.446541786193848,48.58277225494385,1.0602307319641113,0.8518912259736985,0.0,108.0,0.0,-0.24256178736686707,0.7397260273972602,1.0,-0.2992721050977707,0.0,5597.0,4561.375,4288.5,3875.0,4561.375,0.0,0.0,-0.2366476058959961,4707.375,0.0,0.0,,1.0,0.22939208149909973,8.0,0.0013491180269764426,0.056710317730903625,5.671031976817176e-05,1e-06,1e-06,0.9996275901794434,0.0,0.0,0.005914171226322651,76.0,0.9996275901794434,0.03194170072674751,0.0010568626457825303,3.3060462474823,2881.875,4561.375,0.03319184109568596,1.5303778648376465,0.0,5597.0,4561.375,1.0,46.387200117111206,57.029314041137695,98.3326216819327,8.446541786193848,2866.0,5.25969934463501,4581.250452001284,0.0009297073120251298,1.5249371528625488,93.45234726157018,0.0,0.0,0.0,27.557945067936267,5.25969934463501,4581.250452001284,0.0028579235076904297,75.29784291584485,31.68360202937422,1.5249371528625488,93.45234726157018,93.45234726157018,19.47772029922358,2.4805521965026855,38.06217932701111,51.119253158569336,75.29784291584485,9.818900108337402,41.300353050231934,1.2968649864196777,0.8079216830911111,0.0,108.0,0.0,-0.18125686794519424,0.7397260273972602,1.0,-0.1821865811944008,0.0,3557.0,2866.0,2794.0,2212.0,2866.0,0.0,0.0,-0.18125686794519424,3012.0,0.0,0.0,,1.0,0.17664174735546112,8.0,0.0012696990775628789,0.0009297073120251298,9.297073688685487e-07,1e-06,1e-06,1.0,0.0,0.0,0.0,76.0,1.0,0.0,0.0,0.0,0.0,2866.0,0.0,2.4805521965026855,0.0,3557.0,2866.0,1.0,38.06217932701111,51.119253158569336,75.29784291584485,9.818900108337402
78,77,-2426.25,0.4953329563140869,-5962.112765115975,-0.0820526285097003,0.19603538513183594,-16.683185853088304,-5.223155975341797,-0.034706197679042816,-2855.75,1.098724365234375,0.0,-4760.0,-2426.25,0.125,-37.55475854873657,-35.28743934631348,14.051081765747426,1.4519250392913818,4553.875,3.6220855712890625,10373.857618893153,0.08355970680713654,1.058661937713623,115.97471527508415,5.223155975341797,0.034706197679042816,2855.75,64.84809327190102,3.6220855712890625,10373.857618893153,0.0034456253051757812,73.67945822032978,73.95667260033248,1.058661937713623,115.97471527508415,115.97471527508415,73.54556212536683,1.064579725265503,61.806575536727905,70.76935744285583,73.67945822032978,6.695378303527832,64.073979139328,1.1681957244873047,0.9053915628818002,5.587935447692871e-09,96.0,0.0,-0.228319950401783,0.6713286713286714,0.875,-0.31187964975833893,0.0,7168.0,4553.875,4374.5,2566.0,4553.875,5.587935447692871e-09,-3.725290298461914e-09,-0.22142842411994934,4696.875,0.125,0.125,,,0.21717709302902222,8.0,0.8599954272858346,0.08355970680713654,0.002486562356352806,1e-06,1e-06,1.0001318454742432,0.01439037173986435,0.002402976155281067,0.006891537923365831,77.0,1.0001318454742432,0.03321008384227753,0.0016115379985421896,5.223155975341797,2855.75,4553.875,0.034706197679042816,1.064579725265503,0.0,7168.0,4553.875,0.875,61.806575536727905,70.76935744285583,73.67945822032978,6.695378303527832,2127.625,4.117418527603149,4411.744853777178,0.0015070782974362373,1.254697322845459,99.29152942199585,0.0,0.0,0.0,26.15724283673222,4.117418527603149,4411.744853777178,0.003568887710571289,87.7305399860772,28.612562388812727,1.254697322845459,99.29152942199585,99.29152942199585,16.595034228727645,2.163304090499878,24.251816987991333,35.48191809654236,87.7305399860772,8.147303342819214,27.334614753723145,1.2112839221954346,0.7703815413628061,0.0,96.0,0.0,-0.1994703933596611,0.6713286713286714,1.0,-0.20097745954990387,0.0,2408.0,2127.625,2144.5,1868.0,2127.625,0.0,0.0,-0.1994703933596611,2270.625,0.0,0.0,,1.0,0.19829460978507996,8.0,0.0016766067786799644,0.0015070782974362373,1.5070784229465062e-06,1e-06,1e-06,1.0,0.0,0.0,0.0,77.0,1.0,0.0,0.0,0.0,0.0,2127.625,0.0,2.163304090499878,0.0,2408.0,2127.625,1.0,24.251816987991333,35.48191809654236,87.7305399860772,8.147303342819214
79,78,0.0,5.354909896850586,-6236.200647102923,-0.05896571232005954,1.2365045547485352,-27.275250409298124,-5.506765365600586,-0.053109847009181976,-6387.625,2.0865211486816406,0.0,0.0,0.0,0.0,26.788188457489014,36.405335903167725,-27.275250409298124,8.558976888656616,7168.0,4.932630777359009,11980.625079674162,0.06081990525126457,1.384526014328003,100.14955015654078,5.506765365600586,0.053109847009181976,6387.625,77.79039109908561,4.932630777359009,11980.625079674162,0.0032541751861572266,100.14955015654078,92.38089987650228,1.384526014328003,100.14955015654078,100.14955015654078,79.45466459694751,1.6097702980041504,71.57296252250671,82.3202805519104,100.14955015654078,8.607295751571655,73.71298480033875,1.0676991939544678,0.895441370050434,0.0,156.0,0.0,-0.42289870977401733,0.7123287671232876,0.0,-0.4837186187505722,0.0,7168.0,7168.0,7168.0,7168.0,7168.0,0.0,0.0,-0.41505560278892517,7387.0,1.0,1.0,1.0,,0.4023485779762268,8.0,0.0015701842165246626,0.06081990525126457,6.0819907957920805e-05,1e-06,1e-06,1.000075101852417,0.0,0.0,0.007843123748898506,78.0,1.000075101852417,0.05153919383883476,0.0012032645754516125,5.506765365600586,6387.625,7168.0,0.053109847009181976,1.6097702980041504,0.0,7168.0,7168.0,0.0,71.57296252250671,82.3202805519104,100.14955015654078,8.607295751571655,7168.0,10.287540674209595,5744.42443257124,0.0018541929312050343,2.621030569076538,72.87429974724266,0.0,0.0,0.0,37.29864011911914,10.287540674209595,5744.42443257124,0.010718584060668945,72.87429974724266,48.79903371409821,2.621030569076538,72.87429974724266,72.87429974724266,34.60326680157498,3.696291446685791,98.36115097999573,118.72561645507812,72.87429974724266,17.16627264022827,101.55934381484985,1.4647762775421143,0.8554122256613136,0.0,156.0,0.0,-0.4058570861816406,0.7123287671232876,0.0,-0.40771129727363586,0.0,7168.0,7168.0,7168.0,7168.0,7168.0,0.0,0.0,-0.4058570861816406,7387.0,1.0,1.0,1.0,,0.40725159645080566,8.0,0.001100978276532951,0.0018541929312050343,1.8541929875937058e-06,1e-06,1e-06,1.0,0.0,0.0,0.0,78.0,1.0,0.0,0.0,0.0,0.0,7168.0,0.0,3.696291446685791,0.0,7168.0,7168.0,0.0,98.36115097999573,118.72561645507812,72.87429974724266,17.16627264022827
80,79,-20.625,5.252553701400757,-6321.789031561872,-0.08497825206723064,1.169992208480835,-29.451743094444637,-4.7822957038879395,-0.05402803421020508,-5644.625,2.0675950050354004,0.0,0.0,-20.625,0.125,25.42436194419861,34.3803391456604,-29.67496856327118,8.343870639801025,7168.0,4.840465545654297,12116.189950500395,0.08620691299438477,1.3845534324645996,107.03138724225491,4.7822957038879395,0.05402803421020508,5644.625,78.5955785770501,4.840465545654297,12116.189950500395,0.0063266754150390625,107.03138724225491,91.59131053198583,1.3845534324645996,107.03138724225491,107.03138724225491,79.53579676818276,1.5944149494171143,66.97100901603699,77.56608557701111,107.03138724225491,8.520185947418213,69.0458996295929,1.000068187713623,0.890155782852301,0.0,120.0,0.0,-0.34577716886997223,0.7361963190184049,0.0,-0.4319840967655182,0.0,7168.0,7168.0,7168.0,7168.0,7168.0,0.0,0.0,-0.33558501303195953,7331.0,1.0,1.0,1.0,,0.33341148495674133,8.0,0.00182000348160105,0.08620691299438477,8.620692824479192e-05,1e-06,1e-06,0.9999278783798218,0.0,0.0,0.010192149318754673,79.0,0.9999278783798218,0.05267002433538437,0.0022321429569274187,4.7822957038879395,5644.625,7168.0,0.05402803421020508,1.5944149494171143,0.0,7168.0,7168.0,0.0,66.97100901603699,77.56608557701111,107.03138724225491,8.520185947418213,7147.375,10.093019247055054,5794.400918938522,0.0012286609271541238,2.5545456409454346,77.57964414781027,0.0,0.0,0.0,37.574296868429165,10.093019247055054,5794.400918938522,0.004427671432495117,77.35641867898373,49.48539515977753,2.5545456409454346,77.57964414781027,77.57964414781027,34.520031913668355,3.6620099544525146,92.3953709602356,111.94642472267151,77.35641867898373,16.86405658721924,95.08236813545227,1.0440483093261719,0.8493560055267767,3.725290298461914e-09,120.0,0.0,-0.40908119082450867,0.7361963190184049,0.125,-0.4103098660707474,0.0,7168.0,7147.375,7168.0,7003.0,7147.375,3.725290298461914e-09,3.725290298461914e-09,-0.40908119082450867,7310.375,0.875,0.875,,,0.4083091914653778,8.0,1.0457173679594494,0.0012286609271541238,1.2069940567016602e-06,1e-06,1e-06,1.0,0.0,-3.725290298461914e-09,0.0,79.0,1.0,0.0,0.0,0.0,0.0,7147.375,0.0,3.6620099544525146,0.0,7168.0,7147.375,0.125,92.3953709602356,111.94642472267151,77.35641867898373,16.86405658721924
81,80,0.0,5.394750595092773,-6139.788293228101,-0.0826888142619282,1.1489429473876953,-38.63501288611347,-4.6785888671875,-0.046037156134843826,-4660.375,1.9580326080322266,0.0,0.0,0.0,0.0,32.47568464279175,41.44959545135498,-38.63501288611347,8.45613980293274,7168.0,4.970747947692871,11797.017393975335,0.08391823619604111,1.3801164627075195,113.6607452288058,4.6785888671875,0.046037156134843826,4660.375,76.5238580687541,4.970747947692871,11797.017393975335,0.004131317138671875,113.6607452288058,91.87166946248556,1.3801164627075195,113.6607452288058,113.6607452288058,78.84214404974763,1.6081957817077637,63.06486892700195,73.97074770927429,113.6607452288058,8.630334854125977,65.34041285514832,1.143930196762085,0.8833277326322886,0.0,120.0,0.0,-0.26761263608932495,0.7407407407407407,0.0,-0.35153084993362427,0.0,7168.0,7168.0,7168.0,7168.0,7168.0,0.0,0.0,-0.2592080682516098,7330.0,1.0,1.0,1.0,,0.25383472442626953,8.0,0.0016227170640489327,0.08391823619604111,8.391823939746246e-05,1e-06,1e-06,1.000758409500122,0.0,0.0,0.008404569700360298,80.0,1.000758409500122,0.044629015028476715,0.002162388525903225,4.6785888671875,4660.375,7168.0,0.046037156134843826,1.6081957817077637,0.0,7168.0,7168.0,0.0,63.06486892700195,73.97074770927429,113.6607452288058,8.630334854125977,7168.0,10.365498542785645,5657.229100747234,0.0012294219341129065,2.529059410095215,75.02573234269232,0.0,0.0,0.0,36.69681770487961,10.365498542785645,5657.229100747234,0.007723093032836914,75.02573234269232,50.134687613695256,2.529059410095215,75.02573234269232,75.02573234269232,35.55397737463595,3.5662283897399902,95.5405535697937,115.42034316062927,75.02573234269232,17.086474657058716,98.33386850357056,1.1161513328552246,0.8519630579049687,0.0,120.0,0.0,-0.3421708047389984,0.7407407407407407,0.0,-0.3434002101421356,0.0,7168.0,7168.0,7168.0,7168.0,7168.0,0.0,0.0,-0.3421708047389984,7330.0,1.0,1.0,1.0,,0.33995378017425537,8.0,0.0011932665292796471,0.0012294219341129065,1.2294219686737051e-06,1e-06,1e-06,1.0,0.0,0.0,0.0,80.0,1.0,0.0,0.0,0.0,0.0,7168.0,0.0,3.5662283897399902,0.0,7168.0,7168.0,0.0,95.5405535697937,115.42034316062927,75.02573234269232,17.086474657058716
82,81,0.0,5.0439183712005615,-5908.213837735635,-0.06311285914853215,1.1501307487487793,-36.716172910286986,-4.224940776824951,-0.039274439215660095,-4342.75,1.9362027645111084,0.0,0.0,0.0,0.0,30.922670602798462,39.31386351585388,-36.716172910286986,8.076915502548218,7168.0,4.979035377502441,11740.426722840923,0.06463486701250076,1.3823163509368896,112.42177011636683,4.224940776824951,0.039274439215660095,4342.75,76.12690752785039,4.979035377502441,11740.426722840923,0.0030975341796875,112.42177011636683,91.40178983007371,1.3823163509368896,112.42177011636683,112.42177011636683,75.76281871688515,1.667654275894165,63.75989270210266,74.82080459594727,112.42177011636683,8.665213584899902,66.15559101104736,1.3032526969909668,0.8841871103673047,0.0,96.0,0.0,-0.25621403753757477,0.6906474820143885,0.0,-0.3208489269018173,0.0,7168.0,7168.0,7168.0,7168.0,7168.0,0.0,0.0,-0.24972542375326157,7307.0,1.0,1.0,1.0,,0.24461150169372559,8.0,0.0012715791115456702,0.06463486701250076,6.463487079599872e-05,1e-06,1e-06,1.0003507137298584,0.0,0.0,0.006488624960184097,81.0,1.0003507137298584,0.03843273967504501,0.0012904576724395156,4.224940776824951,4342.75,7168.0,0.039274439215660095,1.667654275894165,0.0,7168.0,7168.0,0.0,63.75989270210266,74.82080459594727,112.42177011636683,8.665213584899902,7168.0,10.022953748703003,5832.212885105288,0.0015220078639686108,2.532447099685669,75.70559720607984,0.0,0.0,0.0,37.81705226466526,10.022953748703003,5832.212885105288,0.0030760765075683594,75.70559720607984,49.890948799163574,2.532447099685669,75.70559720607984,75.70559720607984,35.05860170657593,3.6038570404052734,94.68256330490112,114.13466811180115,75.70559720607984,16.74212908744812,97.39253902435303,1.058889389038086,0.853312500360992,0.0,96.0,0.0,-0.2513798326253891,0.6906474820143885,0.0,-0.2529018670320511,0.0,7168.0,7168.0,7168.0,7168.0,7168.0,0.0,0.0,-0.2513798326253891,7307.0,1.0,1.0,1.0,,0.2554967701435089,8.0,0.0008814987481422171,0.0015220078639686108,1.5220078921629465e-06,1e-06,1e-06,1.0,0.0,0.0,0.0,81.0,1.0,0.0,0.0,0.0,0.0,7168.0,0.0,3.6038570404052734,0.0,7168.0,7168.0,0.0,94.68256330490112,114.13466811180115,75.70559720607984,16.74212908744812
83,82,-67.75,5.132815361022949,-5885.481053817717,-0.06407899910118431,1.188370943069458,-37.88551210623474,-9.827383041381836,-0.040757060050964355,-5414.375,2.0090765953063965,0.0,0.0,-67.75,0.375,31.55813503265381,40.28878903388977,-38.60134525658813,8.189115285873413,7168.0,5.040861368179321,11559.929096214546,0.06590576469898224,1.3297944068908691,113.62118770377117,9.827383041381836,0.040757060050964355,5414.375,74.92712644552537,5.040861368179321,11559.929096214546,0.00298309326171875,113.62118770377117,94.6756017749171,1.3297944068908691,113.62118770377117,113.62118770377117,80.04098591995617,1.5729327201843262,63.086825132369995,73.92785382270813,113.62118770377117,8.673371315002441,65.25448250770569,1.093186855316162,0.8826778965367682,0.0,84.0,0.0,-0.30654312670230865,0.7241379310344828,0.0,-0.3724488615989685,0.0,7168.0,7168.0,7168.0,7168.0,7168.0,0.0,0.0,-0.2982587367296219,7284.0,1.0,1.0,1.0,,0.2900441884994507,8.0,0.001310674083442641,0.06590576469898224,6.590576231246814e-05,1e-06,1e-06,0.9988890886306763,0.0,0.0,0.008284371346235275,82.0,0.9988890886306763,0.03823887184262276,0.0008893694030120969,9.827383041381836,5414.375,7168.0,0.040757060050964355,1.5729327201843262,0.0,7168.0,7168.0,0.0,63.086825132369995,73.92785382270813,113.62118770377117,8.673371315002441,7100.25,10.17367672920227,5674.448042396829,0.0018267655977979302,2.518165349960327,75.73567559753643,0.0,0.0,0.0,36.73865729457,10.17367672920227,5674.448042396829,0.004383087158203125,75.01984244718304,49.47612922317864,2.518165349960327,75.73567559753643,75.73567559753643,34.78189565872185,3.5820093154907227,94.6449601650238,114.2166428565979,75.01984244718304,16.862486600875854,97.35415625572205,1.0401511192321777,0.8523640147430426,7.450580596923828e-09,84.0,0.0,-0.3049536496400833,0.7241379310344828,0.375,-0.3067804127931595,0.0,7168.0,7100.25,7168.0,6763.0,7100.25,7.450580596923828e-09,1.4901161193847656e-08,-0.3049536496400833,7216.25,0.625,0.625,,,0.30295640230178833,8.0,0.9566211055136512,0.0018267655977979302,1.817941665649414e-06,1e-06,1e-06,1.0,0.0,-7.450580596923828e-09,0.0,82.0,1.0,0.0,0.0,0.0,0.0,7100.25,0.0,3.5820093154907227,0.0,7168.0,7100.25,0.375,94.6449601650238,114.2166428565979,75.01984244718304,16.862486600875854
84,83,0.0,5.249345779418945,-6273.378887501335,-0.07335796626284719,1.1342387199401855,-34.34206734943665,-5.3271074295043945,-0.03921901807188988,-5035.5,1.9999141693115234,0.0,0.0,0.0,0.0,29.619525909423828,38.5295193195343,-34.34206734943665,8.253360033035278,7168.0,4.8391828536987305,12056.580989785487,0.07512632012367249,1.3682453632354736,109.93800700515762,5.3271074295043945,0.03921901807188988,5035.5,78.1582380715409,4.8391828536987305,12056.580989785487,0.007568359375,109.93800700515762,92.14283142333646,1.3682453632354736,109.93800700515762,109.93800700515762,78.64193410925489,1.6031396389007568,65.20038151741028,75.89227962493896,109.93800700515762,8.489289999008179,67.40298962593079,1.103466510772705,0.8881402687999043,0.0,84.0,0.0,-0.28155579417943954,0.672,0.0,-0.35668209195137024,0.0,7168.0,7168.0,7168.0,7168.0,7168.0,0.0,0.0,-0.2748710811138153,7293.0,1.0,1.0,1.0,,0.2680659592151642,8.0,0.0014296332683581714,0.07512632012367249,7.512632146244869e-05,1e-06,1e-06,0.9997296929359436,0.0,0.0,0.006684698164463043,83.0,0.9997296929359436,0.03757639601826668,0.0008021764224395156,5.3271074295043945,5035.5,7168.0,0.03921901807188988,1.6031396389007568,0.0,7168.0,7168.0,0.0,65.20038151741028,75.89227962493896,109.93800700515762,8.489289999008179,7168.0,10.088528633117676,5783.202102284152,0.0017683538608253002,2.502484083175659,75.59593965572097,0.0,0.0,0.0,37.490304018121364,10.088528633117676,5783.202102284152,0.003148794174194336,75.59593965572097,50.37954195112392,2.502484083175659,75.59593965572097,75.59593965572097,34.99087400887912,3.6030538082122803,94.8199074268341,114.42179894447327,75.59593965572097,16.742650032043457,97.67914891242981,1.183413028717041,0.8536760461162795,0.0,84.0,0.0,-0.278144046664238,0.672,0.0,-0.27991239726543427,0.0,7168.0,7168.0,7168.0,7168.0,7168.0,0.0,0.0,-0.278144046664238,7293.0,1.0,1.0,1.0,,0.2788901627063751,8.0,0.0008739940259943223,0.0017683538608253002,1.7683538544588373e-06,1e-06,1e-06,1.0,0.0,0.0,0.0,83.0,1.0,0.0,0.0,0.0,0.0,7168.0,0.0,3.6030538082122803,0.0,7168.0,7168.0,0.0,94.8199074268341,114.42179894447327,75.59593965572097,16.742650032043457
85,84,-478.0,4.773784160614014,-6025.329428588604,-0.1070810433011502,1.1407599449157715,-3.924653288684624,-4.438658714294434,-0.04963666945695877,-5665.75,1.9631390571594238,0.0,0.0,-478.0,0.625,4.57293701171875,13.426803588867188,-9.025795997528718,7.810328960418701,7168.0,5.044035196304321,11590.720073253171,0.10952688753604889,1.3665733337402344,80.42045022800355,4.438658714294434,0.04963666945695877,5665.75,75.15746619672716,5.044035196304321,11590.720073253171,0.0035202503204345703,80.42045022800355,92.46897462472238,1.3665733337402344,80.42045022800355,80.42045022800355,77.84365555910775,1.623326063156128,89.13155770301819,99.92294454574585,80.42045022800355,8.710687637329102,91.21225690841675,1.021770715713501,0.9128259512674664,0.0,96.0,0.0,-0.3571197986602783,0.6857142857142857,0.0,-0.4666466563940048,0.0,7168.0,7168.0,7168.0,7168.0,7168.0,0.0,0.0,-0.34787651896476746,7308.0,1.0,1.0,1.0,,0.34274527430534363,8.0,0.0019721359984571974,0.10952688753604889,0.00010952690354315564,1e-06,1e-06,0.999445378780365,0.0,0.0,0.009243282489478588,84.0,0.999445378780365,0.04822704941034317,0.0015171595150604844,4.438658714294434,5665.75,7168.0,0.04963666945695877,1.623326063156128,0.0,7168.0,7168.0,0.0,89.13155770301819,99.92294454574585,80.42045022800355,8.710687637329102,6690.0,9.817819356918335,5565.390644664567,0.0024458442348986864,2.507333278656006,76.49579693931892,0.0,0.0,0.0,35.81164141545903,9.817819356918335,5565.390644664567,0.0032711029052734375,71.39465423047483,46.741855086263115,2.507333278656006,76.49579693931892,76.49579693931892,32.67769372690637,3.5864651203155518,93.70449471473694,113.34974813461304,71.39465423047483,16.521016597747803,96.82873153686523,1.133199691772461,0.854247434426342,1.862645149230957e-08,96.0,0.0,-0.3098991811275482,0.6857142857142857,0.625,-0.3123450428247452,0.0,7168.0,6690.0,6736.5,6105.0,6690.0,1.862645149230957e-08,-1.4901161193847656e-08,-0.3098991811275482,6830.0,0.375,0.375,,,0.30736953020095825,8.0,0.9748323602098146,0.0024458442348986864,2.4400651454925537e-06,1e-06,1e-06,0.9999999403953552,0.0,-1.862645149230957e-08,0.0,84.0,0.9999999403953552,0.0,0.0,0.0,0.0,6690.0,0.0,3.5864651203155518,0.0,7168.0,6690.0,0.625,93.70449471473694,113.34974813461304,71.39465423047483,16.521016597747803
86,85,-1599.875,3.7995076179504395,-6469.485718862,-0.05797154386527836,0.9206087589263916,-27.298287877609113,-4.451486587524414,-0.028962861746549606,-3876.625,1.8326044082641602,0.0,-917.0,-1599.875,0.875,11.197414636611938,18.474008798599243,-36.07983378969578,6.4940407276153564,7168.0,5.001968145370483,11617.826885560022,0.05938567966222763,1.4027156829833984,107.68407370437657,4.451486587524414,0.028962861746549606,3876.625,75.27670143526818,5.001968145370483,11617.826885560022,0.0029823780059814453,107.68407370437657,89.4768310821527,1.4027156829833984,107.68407370437657,107.68407370437657,78.1844487907907,1.6053135395050049,66.56508946418762,77.36360049247742,107.68407370437657,8.68201470375061,68.6815857887268,1.0311882495880127,0.8877764911601442,-2.0489096641540527e-08,60.0,0.0,-0.2194710373878479,0.625,0.125,-0.27885669469833374,0.0,7168.0,7168.0,7168.0,7168.0,7168.0,-2.0489096641540527e-08,3.725290298461914e-09,-0.2150139883160591,7264.0,0.875,0.875,,,0.2104167938232422,8.0,0.5792044794193948,0.05938567966222763,0.0019337721168994904,1e-06,1e-06,1.0001627206802368,0.0195486880838871,0.0018744021654129028,0.004457051865756512,85.0,1.0001627206802368,0.028119444847106934,0.0006626674439758062,4.451486587524414,3876.625,7168.0,0.028962861746549606,1.6053135395050049,0.0,7168.0,7168.0,0.125,66.56508946418762,77.36360049247742,107.68407370437657,8.68201470375061,5568.125,8.801475763320923,5148.341166698022,0.0014141357969492674,2.32332444190979,80.38578582676746,0.0,0.0,0.0,32.4988009468169,8.801475763320923,5148.341166698022,0.0037965774536132812,71.60423991468079,41.03852274649383,2.32332444190979,80.38578582676746,80.38578582676746,27.733588877148467,3.437917947769165,77.76250410079956,95.83760929107666,71.60423991468079,15.176055431365967,80.6615538597107,1.1965110301971436,0.841648226164809,0.0,60.0,0.0,-0.16929001361131668,0.625,1.0,-0.17070415616035461,0.0,6251.0,5568.125,5877.5,4346.0,5568.125,0.0,0.0,-0.16929001361131668,5664.125,0.0,0.0,,1.0,0.16639038920402527,8.0,0.0008965041395045941,0.0014141357969492674,1.414135795130278e-06,1e-06,1e-06,0.9999999403953552,0.0,0.0,0.0,85.0,0.9999999403953552,0.0,0.0,0.0,0.0,5568.125,0.0,3.437917947769165,0.0,6251.0,5568.125,1.0,77.76250410079956,95.83760929107666,71.60423991468079,15.176055431365967
87,86,-1294.125,4.461790561676025,-6660.196176772602,-0.12551029725000262,1.1347177028656006,-12.535417227135468,-4.916377067565918,-0.055457763373851776,-6392.75,1.9707438945770264,0.0,-72.0,-1294.125,1.0,12.523797512054443,20.821866989135742,-25.560798329711936,7.583414793014526,7168.0,4.981231212615967,11775.402003312338,0.12791626155376434,1.4029293060302734,88.16442760159195,4.916377067565918,0.055457763373851776,6392.75,76.38624977835552,4.981231212615967,11775.402003312338,0.006657838821411133,88.16442760159195,90.40549892645204,1.4029293060302734,88.16442760159195,88.16442760159195,73.27002544313768,1.7310287952423096,81.30263185501099,92.15386605262756,88.16442760159195,8.661461353302002,83.49240469932556,1.104048728942871,0.9060108737233489,0.0,120.0,0.0,-0.4527106434106827,0.7317073170731707,0.0,-0.5806268751621246,0.0,7168.0,7168.0,7168.0,7168.0,7168.0,0.0,0.0,-0.4439277797937393,7332.0,1.0,1.0,1.0,,0.43556010723114014,8.0,0.0017393796024460157,0.12791626155376434,0.00012791626795660704,1e-06,1e-06,0.9998494386672974,0.0,0.0,0.00878285150974989,86.0,0.9998494386672974,0.05380527675151825,0.0013776507694274187,4.916377067565918,6392.75,7168.0,0.055457763373851776,1.7310287952423096,0.0,7168.0,7168.0,0.0,81.30263185501099,92.15386605262756,88.16442760159195,8.661461353302002,5873.875,9.443021774291992,5115.205826539736,0.0024059643037617207,2.537647008895874,75.62901037445648,0.0,0.0,0.0,32.512004264530965,9.443021774291992,5115.205826539736,0.008898019790649414,62.60362927188002,40.32758997076065,2.537647008895874,75.62901037445648,75.62901037445648,27.64545439181857,3.701772689819336,93.82642936706543,112.9757330417633,62.60362927188002,16.24487614631653,96.73085689544678,1.2445085048675537,0.856209154754399,0.0,120.0,0.0,-0.3904886096715927,0.7317073170731707,1.0,-0.39289458096027374,0.0,7096.0,5873.875,6089.5,4268.0,5873.875,0.0,0.0,-0.3904886096715927,6037.875,0.0,0.0,,1.0,0.39464831352233887,8.0,0.0012869989486789203,0.0024059643037617207,2.405964323770604e-06,1e-06,1e-06,1.0,0.0,0.0,0.0,86.0,1.0,0.0,0.0,0.0,0.0,5873.875,0.0,3.701772689819336,0.0,7096.0,5873.875,1.0,93.82642936706543,112.9757330417633,62.60362927188002,16.24487614631653
88,87,-1843.625,3.7609894275665283,-6954.895163577464,-0.10326621378771961,1.0773816108703613,-27.04353721413625,-6.075133323669434,-0.040997542440891266,-4180.25,2.0522663593292236,0.0,-1026.0,-1843.625,1.0,8.83249545097351,16.253814697265625,-38.10571936756192,6.602697849273682,7168.0,4.868953227996826,12037.08420590279,0.10503287613391876,1.3498539924621582,110.14266308032245,6.075133323669434,0.040997542440891266,4180.25,78.07577759444105,4.868953227996826,12037.08420590279,0.004111766815185547,110.14266308032245,93.87368596150176,1.3498539924621582,110.14266308032245,110.14266308032245,87.31417842362704,1.4512622356414795,65.0792326927185,75.73015236854553,110.14266308032245,8.521762609481812,67.20838975906372,1.0745906829833984,0.8874719996863321,0.0,108.0,0.0,-0.23189188539981842,0.6835443037974683,0.0,-0.3369247317314148,0.0,7168.0,7168.0,7168.0,7168.0,7168.0,0.0,0.0,-0.2228122130036354,7326.0,1.0,1.0,1.0,,0.2201678454875946,8.0,0.0017431761760167226,0.10503287613391876,0.00010503287194296718,1e-06,1e-06,0.9996777772903442,0.0,0.0,0.009079692885279655,87.0,0.9996777772903442,0.03906472027301788,0.0016392299439758062,6.075133323669434,4180.25,7168.0,0.040997542440891266,1.4512622356414795,0.0,7168.0,7168.0,0.0,65.0792326927185,75.73015236854553,110.14266308032245,8.521762609481812,5324.375,8.629942655563354,5082.189042325325,0.0017666623461991549,2.4272356033325195,83.0991258661862,0.0,0.0,0.0,31.973721899138557,8.629942655563354,5082.189042325325,0.006832122802734375,72.03694371276053,37.8937787079879,2.4272356033325195,83.0991258661862,83.0991258661862,26.252712467329275,3.503528594970703,73.91172814369202,91.98396706581116,72.03694371276053,15.124460458755493,76.85950660705566,1.0495753288269043,0.8355750361589156,0.0,108.0,0.0,-0.26233986020088196,0.6835443037974683,1.0,-0.26410653442144394,0.0,6142.0,5324.375,5576.0,3897.0,5324.375,0.0,0.0,-0.26233986020088196,5482.375,0.0,0.0,,1.0,0.26258715987205505,8.0,0.0010959762626487949,0.0017666623461991549,1.7666623080003774e-06,1e-06,1e-06,1.0,0.0,0.0,0.0,87.0,1.0,0.0,0.0,0.0,0.0,5324.375,0.0,3.503528594970703,0.0,6142.0,5324.375,1.0,73.91172814369202,91.98396706581116,72.03694371276053,15.124460458755493
89,88,-149.875,4.717960357666016,-5554.061089468874,-0.10500302060972899,1.087683916091919,-24.892626909413337,-4.348130702972412,-0.044125474989414215,-5219.875,1.861447811126709,0.0,0.0,-149.875,0.125,22.82669472694397,30.9880154132843,-26.499220641344237,7.638421535491943,7168.0,5.145560026168823,11357.364349612315,0.10651515424251556,1.420802354812622,101.73041753814216,4.348130702972412,0.044125474989414215,5219.875,73.6405544084052,5.145560026168823,11357.364349612315,0.003055095672607422,101.73041753814216,88.89857006624798,1.420802354812622,101.73041753814216,101.73041753814216,72.42008941437425,1.7440919876098633,70.46073508262634,81.50351786613464,101.73041753814216,8.890739917755127,72.61277794837952,1.084611415863037,0.8909158751606561,0.0,96.0,0.0,-0.3339574337005615,0.7007299270072993,0.0,-0.4404726028442383,0.0,7168.0,7168.0,7168.0,7168.0,7168.0,0.0,0.0,-0.3263893574476242,7305.0,1.0,1.0,1.0,,0.3201209008693695,8.0,0.001590504404639694,0.10651515424251556,0.00010651517368387431,1e-06,1e-06,0.9996942281723022,0.0,0.0,0.007568094413727522,88.0,0.9996942281723022,0.042659297585487366,0.0012730190064758062,4.348130702972412,5219.875,7168.0,0.044125474989414215,1.7440919876098633,0.0,7168.0,7168.0,0.0,70.46073508262634,81.50351786613464,101.73041753814216,8.890739917755127,7018.125,9.863520383834839,5803.303260143441,0.001512133632786572,2.508486270904541,76.83779062872883,0.0,0.0,0.0,37.546228035541226,9.863520383834839,5803.303260143441,0.003269195556640625,75.23119689679793,49.21134973711071,2.508486270904541,76.83779062872883,76.83779062872883,34.237867858643824,3.6055397987365723,93.28742980957031,112.49153327941895,75.23119689679793,16.52916145324707,95.96237182617188,1.043074369430542,0.8530630619800504,-7.450580596923828e-09,96.0,0.0,-0.2893236577510834,0.7007299270072993,0.125,-0.29083578288555145,0.0,7168.0,7018.125,7168.0,5969.0,7018.125,-7.450580596923828e-09,3.725290298461914e-09,-0.2893236577510834,7155.125,0.875,0.875,,,0.2898341417312622,8.0,1.0331440495871163,0.001512133632786572,1.514330506324768e-06,1e-06,1e-06,1.0,0.0,7.450580596923828e-09,0.0,88.0,1.0,0.0,0.0,0.0,0.0,7018.125,0.0,3.6055397987365723,0.0,7168.0,7018.125,0.125,93.28742980957031,112.49153327941895,75.23119689679793,16.52916145324707
90,89,0.0,5.186812877655029,-6036.4278490226,-0.0929538196651265,1.1688435077667236,-4.510719350325644,-3.5677380561828613,-0.042725108563899994,-5049.25,1.9725282192230225,0.0,0.0,0.0,0.0,5.57727575302124,14.39089560508728,-4.510719350325644,8.258606195449829,7168.0,4.992459297180176,11846.666438203216,0.0941184014081955,1.3856747150421143,78.42839995246,3.5677380561828613,0.042725108563899994,5049.25,76.92845636731154,4.992459297180176,11846.666438203216,0.006815195083618164,78.42839995246,92.3887314099378,1.3856747150421143,78.42839995246,78.42839995246,77.23501900884379,1.6575477123260498,91.39546394348145,102.1685380935669,78.42839995246,8.659586906433105,93.50895118713379,1.041858434677124,0.9152421374718842,0.0,168.0,0.0,-0.3164239078760147,0.7466666666666667,0.0,-0.4105423092842102,0.0,7168.0,7168.0,7168.0,7168.0,7168.0,0.0,0.0,-0.30920934677124023,7393.0,1.0,1.0,1.0,,0.30366256833076477,8.0,0.0014618636684375652,0.0941184014081955,9.411839710082859e-05,1e-06,1e-06,0.9997524619102478,0.0,0.0,0.007214567624032497,89.0,0.9997524619102478,0.04123414307832718,0.001133509911596775,3.5677380561828613,5049.25,7168.0,0.042725108563899994,1.6575477123260498,0.0,7168.0,7168.0,0.0,91.39546394348145,102.1685380935669,78.42839995246,8.659586906433105,7168.0,10.179272174835205,5810.238589180616,0.001164581743068993,2.554518222808838,73.91768060213435,0.0,0.0,0.0,37.72982789065876,10.179272174835205,5810.238589180616,0.0032563209533691406,73.91768060213435,50.11541038403787,2.554518222808838,73.91768060213435,73.91768060213435,35.26668077572068,3.6300759315490723,96.97273969650269,116.55943369865417,73.91768060213435,16.918193101882935,99.64124059677124,1.0448822975158691,0.8548535063612077,0.0,168.0,0.0,-0.2578968405723572,0.7466666666666667,0.0,-0.25906142592430115,0.0,7168.0,7168.0,7168.0,7168.0,7168.0,0.0,0.0,-0.2578968405723572,7393.0,1.0,1.0,1.0,,0.25767144560813904,8.0,0.0008623090129899535,0.001164581743068993,1.1645818176475586e-06,1e-06,1e-06,1.0,0.0,0.0,0.0,89.0,1.0,0.0,0.0,0.0,0.0,7168.0,0.0,3.6300759315490723,0.0,7168.0,7168.0,0.0,96.97273969650269,116.55943369865417,73.91768060213435,16.918193101882935
91,90,-485.875,4.418611526489258,-5478.763783871471,-0.13921090099029243,1.0746304988861084,-34.82649247542568,-4.18559455871582,-0.051634855568408966,-5805.375,1.9525673389434814,0.0,0.0,-485.875,0.375,30.871028900146484,39.136202573776245,-39.85482234596256,7.340706825256348,7168.0,5.273081302642822,11137.321165627778,0.14108067750930786,1.3723859786987305,109.00826456085582,4.18559455871582,0.051634855568408966,5805.375,72.25814710172031,5.273081302642822,11137.321165627778,0.004966020584106445,109.00826456085582,92.54517080949647,1.3723859786987305,109.00826456085582,109.00826456085582,78.8949620614874,1.609832763671875,65.75648212432861,76.8798439502716,109.00826456085582,8.945695161819458,67.93414878845215,1.085392951965332,0.8836405655609053,0.0,120.0,0.0,-0.3423672318458557,0.6936416184971098,0.0,-0.4834479093551636,0.0,7168.0,7168.0,7168.0,7168.0,7168.0,0.0,0.0,-0.33354705572128296,7341.0,1.0,1.0,1.0,,0.32868003845214844,8.0,0.0020133312779376787,0.14108067750930786,0.00014108067261986434,1e-06,1e-06,1.000553011894226,0.0,0.0,0.008820188231766224,90.0,1.000553011894226,0.05017776042222977,0.0020751953125,4.18559455871582,5805.375,7168.0,0.051634855568408966,1.609832763671875,0.0,7168.0,7168.0,0.0,65.75648212432861,76.8798439502716,109.00826456085582,8.945695161819458,6682.125,9.69169282913208,5658.557381756307,0.0018697765190154314,2.447016477584839,74.18177208543014,0.0,0.0,0.0,36.4729203313547,9.69169282913208,5658.557381756307,0.0030760765075683594,69.15344221489326,48.151745015598024,2.447016477584839,74.18177208543014,74.18177208543014,33.07548565112824,3.5624001026153564,96.6275110244751,116.01604652404785,69.15344221489326,16.286401987075806,99.72964453697205,1.2054479122161865,0.8596194020134968,7.450580596923828e-09,120.0,0.0,-0.26873187720775604,0.6936416184971098,0.375,-0.27060163766145706,0.0,7168.0,6682.125,7168.0,4605.0,6682.125,7.450580596923828e-09,1.4901161193847656e-08,-0.26873187720775604,6855.125,0.625,0.625,,,0.2706517279148102,8.0,0.8839594386987895,0.0018697765190154314,1.866370439529419e-06,1e-06,1e-06,0.9999999403953552,0.0,-7.450580596923828e-09,0.0,90.0,0.9999999403953552,0.0,0.0,0.0,0.0,6682.125,0.0,3.5624001026153564,0.0,7168.0,6682.125,0.375,96.6275110244751,116.01604652404785,69.15344221489326,16.286401987075806
92,91,0.0,5.1569647789001465,-6064.433317007187,-0.13530707010068,1.121673583984375,-11.991991478284902,-4.7916717529296875,-0.05688658356666565,-6180.75,1.9618794918060303,0.0,0.0,0.0,0.0,12.40837025642395,21.436893939971924,-11.991991478284902,8.178169250488281,7168.0,4.941798686981201,11875.837871463511,0.1366237998008728,1.3909800052642822,89.44310792215286,4.7916717529296875,0.05688658356666565,6180.75,77.04302406711622,4.941798686981201,11875.837871463511,0.0030689239501953125,89.44310792215286,91.23809921422946,1.3909800052642822,89.44310792215286,89.44310792215286,78.12820726580583,1.6243860721588135,80.14032793045044,91.02212023735046,89.44310792215286,8.623313188552856,82.39880704879761,1.1362521648406982,0.9052613456370101,0.0,120.0,0.0,-0.45944468677043915,0.7142857142857143,0.0,-0.5960684716701508,0.0,7168.0,7168.0,7168.0,7168.0,7168.0,0.0,0.0,-0.45000120997428894,7336.0,1.0,1.0,1.0,,0.4391153156757355,8.0,0.0019932132015360376,0.1366237998008728,0.00013662379933521152,1e-06,1e-06,0.9998432993888855,0.0,0.0,0.009443474933505058,91.0,0.9998432993888855,0.055137112736701965,0.0016566686099395156,4.7916717529296875,6180.75,7168.0,0.05688658356666565,1.6243860721588135,0.0,7168.0,7168.0,0.0,80.14032793045044,91.02212023735046,89.44310792215286,8.623313188552856,7168.0,10.098763465881348,5811.404554456324,0.001316729700192809,2.5126535892486572,77.45111644386796,0.0,0.0,0.0,37.70076568901087,10.098763465881348,5811.404554456324,0.003206014633178711,77.45111644386796,50.50850314915921,2.5126535892486572,77.45111644386796,77.45111644386796,35.38789012183597,3.5862655639648438,92.54869818687439,112.45901417732239,77.45111644386796,16.801482439041138,95.65753173828125,1.1663837432861328,0.8505990599157396,0.0,120.0,0.0,-0.25618644058704376,0.7142857142857143,0.0,-0.2575031667947769,0.0,7168.0,7168.0,7168.0,7168.0,7168.0,0.0,0.0,-0.25618644058704376,7336.0,1.0,1.0,1.0,,0.25637996196746826,8.0,0.0008299428818359248,0.001316729700192809,1.3167297083782614e-06,1e-06,1e-06,1.0,0.0,0.0,0.0,91.0,1.0,0.0,0.0,0.0,0.0,7168.0,0.0,3.5862655639648438,0.0,7168.0,7168.0,0.0,92.54869818687439,112.45901417732239,77.45111644386796,16.801482439041138
93,92,0.0,5.127108812332153,-5934.813039720303,-0.11012529605068266,1.0641882419586182,-7.37782300419093,-4.238807201385498,-0.04593713954091072,-5592.25,1.926790475845337,0.0,0.0,0.0,0.0,8.38244366645813,17.365403652191162,-7.37782300419093,8.0094633102417,7168.0,4.977782249450684,11696.775206755023,0.1119990199804306,1.4082634449005127,83.20328929280834,4.238807201385498,0.04593713954091072,5592.25,75.80635021021776,4.977782249450684,11696.775206755023,0.003296375274658203,83.20328929280834,89.31745118156778,1.4082634449005127,83.20328929280834,83.20328929280834,77.00047290729903,1.6335289478302002,86.15044021606445,97.07038497924805,83.20328929280834,8.701231479644775,88.36915349960327,1.1377153396606445,0.9103616259325134,0.0,72.0,0.0,-0.3185850977897644,0.6545454545454545,0.0,-0.430584117770195,0.0,7168.0,7168.0,7168.0,7168.0,7168.0,0.0,0.0,-0.31154322624206543,7278.0,1.0,1.0,1.0,,0.308529794216156,8.0,0.0016282574437199724,0.1119990199804306,0.00011199901200598106,1e-06,1e-06,1.0009143352508545,0.0,0.0,0.0070419227704405785,92.0,1.0009143352508545,0.044931452721357346,0.0015694755129516125,4.238807201385498,5592.25,7168.0,0.04593713954091072,1.6335289478302002,0.0,7168.0,7168.0,0.0,86.15044021606445,97.07038497924805,83.20328929280834,8.701231479644775,7168.0,10.104891061782837,5761.96216703472,0.0018737239297479391,2.472451686859131,75.8254662886174,0.0,0.0,0.0,37.34305517643923,10.104891061782837,5761.96216703472,0.0035398006439208984,75.8254662886174,50.873593267448356,2.472451686859131,75.8254662886174,75.8254662886174,35.32899341959463,3.560319423675537,94.53288388252258,114.43578863143921,75.8254662886174,16.710694789886475,97.72509384155273,1.192915678024292,0.8539731757893831,0.0,72.0,0.0,-0.34172603487968445,0.6545454545454545,0.0,-0.34359972178936005,0.0,7168.0,7168.0,7168.0,7168.0,7168.0,0.0,0.0,-0.34172603487968445,7278.0,1.0,1.0,1.0,,0.3443782329559326,8.0,0.0009403506830061782,0.0018737239297479391,1.8737239315669285e-06,1e-06,1e-06,1.0,0.0,0.0,0.0,92.0,1.0,0.0,0.0,0.0,0.0,7168.0,0.0,3.560319423675537,0.0,7168.0,7168.0,0.0,94.53288388252258,114.43578863143921,75.8254662886174,16.710694789886475
94,93,-2906.25,1.783912181854248,-6672.0535017479415,-0.14083161880262196,0.5119383335113525,-19.825674915350817,-5.324942111968994,-0.04348033666610718,-4497.875,1.3276052474975586,0.0,-2195.0,-2906.25,0.875,-9.826091527938843,-5.203778266906738,-31.837911424620557,3.554668664932251,7153.375,4.885051012039185,11909.599276776873,0.1425224244594574,1.376492977142334,103.56973926232423,5.324942111968994,0.04348033666610718,4497.875,77.1785172639159,4.885051012039185,11909.599276776873,0.002933979034423828,103.35842405072944,91.29989524791954,1.376492977142334,103.56973926232423,103.56973926232423,76.01370695100091,1.6533026695251465,69.20940470695496,79.91667366027832,103.35842405072944,8.555644512176514,71.3610291481018,1.075756311416626,0.8929429351808845,-5.029141902923584e-08,84.0,0.0,-0.2447921335697174,0.7058823529411765,0.125,-0.3873145431280136,0.0,7168.0,7153.375,7168.0,7051.0,7153.375,-5.029141902923584e-08,3.725290298461914e-09,-0.2352464646100998,7272.375,0.875,0.875,,,0.23167192935943604,8.0,0.8203761848070319,0.1425224244594574,0.003290906548500061,1e-06,1e-06,0.999426543712616,0.03234356269240379,0.0031483806669712067,0.009545671753585339,93.0,0.999426543712616,0.041064344346523285,0.0017284485511481762,5.324942111968994,4497.875,7153.375,0.04348033666610718,1.6533026695251465,0.0,7168.0,7153.375,0.125,69.20940470695496,79.91667366027832,103.35842405072944,8.555644512176514,4247.125,6.668963193893433,5237.5457750289315,0.0016908056568354368,1.8884313106536865,83.74406434697342,0.0,0.0,0.0,32.31013791208445,6.668963193893433,5237.5457750289315,0.012256622314453125,71.52051262610888,38.034234959936946,1.8884313106536865,83.74406434697342,83.74406434697342,24.095021441266788,2.980907917022705,59.38331317901611,74.71289539337158,71.52051262610888,12.110313177108765,62.60258221626282,1.2495994567871094,0.837908662040915,0.0,84.0,0.0,-0.22037674486637115,0.7058823529411765,1.0,-0.22206754237413406,0.0,4973.0,4247.125,4361.0,3008.0,4247.125,0.0,0.0,-0.22037674486637115,4366.125,0.0,0.0,,1.0,0.21916669607162476,8.0,0.001165272701730185,0.0016908056568354368,1.6908059023990063e-06,1e-06,1e-06,1.0,0.0,0.0,0.0,93.0,1.0,0.0,0.0,0.0,0.0,4247.125,0.0,2.980907917022705,0.0,4973.0,4247.125,1.0,59.38331317901611,74.71289539337158,71.52051262610888,12.110313177108765
95,94,-238.125,5.039010047912598,-6367.0940073250595,-0.14868289371952415,1.137782335281372,-20.88045525466144,-5.616556644439697,-0.05972275137901306,-6700.875,2.1674821376800537,0.0,0.0,-238.125,0.25,21.011654138565063,29.810646772384644,-23.358787491742504,8.15095591545105,7168.0,4.8459999561309814,12112.257641632863,0.15130466222763062,1.3748281002044678,95.48280895711599,5.616556644439697,0.05972275137901306,6700.875,78.57810749857376,4.8459999561309814,12112.257641632863,0.0029299259185791016,95.48280895711599,92.32414957533285,1.3748281002044678,95.48280895711599,95.48280895711599,84.66660072284355,1.4991724491119385,75.07110524177551,85.7734477519989,95.48280895711599,8.466159582138062,77.30728816986084,1.1017580032348633,0.9012962658721998,0.0,120.0,0.0,-0.44614630937576294,0.7100591715976331,0.0,-0.5974509716033936,0.0,7168.0,7168.0,7168.0,7168.0,7168.0,0.0,0.0,-0.4364381730556488,7337.0,1.0,1.0,1.0,,0.423095166683197,8.0,0.0020273847576167585,0.15130466222763062,0.00015130467363633215,1e-06,1e-06,1.0005402565002441,0.0,0.0,0.009708147495985031,94.0,1.0005402565002441,0.05769767612218857,0.0018136161379516125,5.616556644439697,6700.875,7168.0,0.05972275137901306,1.4991724491119385,0.0,7168.0,7168.0,0.0,75.07110524177551,85.7734477519989,95.48280895711599,8.466159582138062,6929.875,9.885010004043579,5745.1636343078035,0.00262176850810647,2.51261043548584,74.60235370245455,0.0,0.0,0.0,37.14337518882103,9.885010004043579,5745.1636343078035,0.00552058219909668,72.12402146537349,48.70931974968697,2.51261043548584,74.60235370245455,74.60235370245455,33.37853135916972,3.666654586791992,96.08275938034058,115.58409452438354,72.12402146537349,16.61711549758911,98.96697902679443,1.244370460510254,0.856233545229845,-1.4901161193847656e-08,120.0,0.0,-0.34137119352817535,0.7100591715976331,0.25,-0.3439929783344269,0.0,7168.0,6929.875,7168.0,5626.0,6929.875,-1.4901161193847656e-08,0.0,-0.34137119352817535,7098.875,0.75,0.75,,,0.3388095498085022,8.0,0.9874441650154098,0.00262176850810647,2.644956111907959e-06,1e-06,1e-06,1.0,0.0,1.4901161193847656e-08,0.0,94.0,1.0,0.0,0.0,0.0,0.0,6929.875,0.0,3.666654586791992,0.0,7168.0,6929.875,0.25,96.08275938034058,115.58409452438354,72.12402146537349,16.61711549758911
96,95,0.0,5.246732234954834,-6334.498416205764,-0.1051074534188956,1.2187204360961914,-28.514312588530743,-7.082180976867676,-0.042027778923511505,-5323.5,2.233170747756958,0.0,0.0,0.0,0.0,26.367160320281982,35.41382431983948,-28.514312588530743,8.398454189300537,7168.0,4.8121349811553955,12144.297744941588,0.1066780686378479,1.3645453453063965,103.44783390354003,7.082180976867676,0.042027778923511505,5323.5,78.7429892454556,4.8121349811553955,12144.297744941588,0.0030066967010498047,103.44783390354003,92.56364995421887,1.3645453453063965,103.44783390354003,103.44783390354003,87.90290464184756,1.4368956089019775,69.29096269607544,79.88978433609009,103.44783390354003,8.482961416244507,71.40682291984558,1.0679244995117188,0.8938166940023602,0.0,96.0,0.0,-0.2674059718847275,0.7007299270072993,0.0,-0.3740840405225754,0.0,7168.0,7168.0,7168.0,7168.0,7168.0,0.0,0.0,-0.25931259244680405,7305.0,1.0,1.0,1.0,,0.25503969192504883,8.0,0.0018875968562567578,0.1066780686378479,0.00010667806782294065,1e-06,1e-06,0.9997570514678955,0.0,0.0,0.008093385957181454,95.0,0.9997570514678955,0.039876777678728104,0.0015171596314758062,7.082180976867676,5323.5,7168.0,0.042027778923511505,1.4368956089019775,0.0,7168.0,7168.0,0.0,69.29096269607544,79.88978433609009,103.44783390354003,8.482961416244507,7168.0,10.05886721611023,5809.799328735824,0.0015706152189522982,2.583265781402588,74.93352131500929,0.0,0.0,0.0,37.67043394925432,10.05886721611023,5809.799328735824,0.00371551513671875,74.93352131500929,48.89442603967033,2.583265781402588,74.93352131500929,74.93352131500929,34.41553514704964,3.6700663566589355,95.65812301635742,115.30360865592957,74.93352131500929,16.881415605545044,98.42219305038452,1.0903539657592773,0.853591610858253,0.0,96.0,0.0,-0.2877175882458687,0.7007299270072993,0.0,-0.289288230240345,0.0,7168.0,7168.0,7168.0,7168.0,7168.0,0.0,0.0,-0.2877175882458687,7305.0,1.0,1.0,1.0,,0.2891720235347748,8.0,0.0008840359656708667,0.0015706152189522982,1.570615268065012e-06,1e-06,1e-06,1.0,0.0,0.0,0.0,95.0,1.0,0.0,0.0,0.0,0.0,7168.0,0.0,3.6700663566589355,0.0,7168.0,7168.0,0.0,95.65812301635742,115.30360865592957,74.93352131500929,16.881415605545044
97,96,0.0,5.266734600067139,-6271.743337843907,-0.18306158017367125,1.1446430683135986,-6.288884418570504,-4.971872806549072,-0.06111416593194008,-5922.25,2.1734018325805664,0.0,0.0,0.0,0.0,6.918817520141602,15.899294376373291,-6.288884418570504,8.342396020889282,7168.0,4.834887981414795,12029.234229120879,0.18477597832679749,1.3719775676727295,83.92356859252499,4.971872806549072,0.06111416593194008,5922.25,77.95036164989209,4.834887981414795,12029.234229120879,0.003155946731567383,83.92356859252499,91.56643071730383,1.3719775676727295,83.92356859252499,83.92356859252499,86.87582338170695,1.4460535049438477,85.41104865074158,95.9529857635498,83.92356859252499,8.458086252212524,87.49489951133728,0.9699275493621826,0.9118517658944434,0.0,72.0,0.0,-0.4030836671590805,0.7058823529411765,0.0,-0.5878596305847168,0.0,7168.0,7168.0,7168.0,7168.0,7168.0,0.0,0.0,-0.39235125482082367,7270.0,1.0,1.0,1.0,,0.38263341784477234,8.0,0.0026184336704402804,0.18477597832679749,0.00018477598496247083,1e-06,1e-06,1.0016491413116455,0.0,0.0,0.010732423514127731,96.0,1.0016491413116455,0.05965554714202881,0.0028599328361451626,4.971872806549072,5922.25,7168.0,0.06111416593194008,1.4460535049438477,0.0,7168.0,7168.0,0.0,85.41104865074158,95.9529857635498,83.92356859252499,8.458086252212524,7168.0,10.101622581481934,5757.4908912769715,0.0017143981531262398,2.516620635986328,77.63468417395448,0.0,0.0,0.0,37.30898315077523,10.101622581481934,5757.4908912769715,0.003223896026611328,77.63468417395448,49.91896160255538,2.516620635986328,77.63468417395448,77.63468417395448,34.70883798276807,3.619455337524414,92.32986617088318,111.8522801399231,77.63468417395448,16.800482273101807,95.05179786682129,1.088949203491211,0.8497975879250291,0.0,72.0,0.0,-0.3641979843378067,0.7058823529411765,0.0,-0.36591237783432007,0.0,7168.0,7168.0,7168.0,7168.0,7168.0,0.0,0.0,-0.3641979843378067,7270.0,1.0,1.0,1.0,,0.3624679148197174,8.0,0.0008941226625633385,0.0017143981531262398,1.714398194962996e-06,1e-06,1e-06,1.0000001192092896,0.0,0.0,0.0,96.0,1.0000001192092896,0.0,0.0,0.0,0.0,7168.0,0.0,3.619455337524414,0.0,7168.0,7168.0,0.0,92.32986617088318,111.8522801399231,77.63468417395448,16.800482273101807
98,97,-2431.75,3.233774423599243,-7379.7835924969795,-0.15765345201361924,0.8573017120361328,-16.4875139674989,-6.043182373046875,-0.04864927753806114,-4708.375,2.011401414871216,0.0,-1847.0,-2431.75,0.875,-8.142841339111328,-1.8507840633392334,-26.18464624799246,5.8719987869262695,7168.0,4.791475057601929,12298.509183827975,0.15910059213638306,1.4073033332824707,104.72768645917273,6.043182373046875,0.04864927753806114,4708.375,79.82585524256577,4.791475057601929,12298.509183827975,0.0032019615173339844,104.72768645917273,90.59491897276818,1.4073033332824707,104.72768645917273,104.72768645917273,88.35531209724239,1.4429752826690674,68.44417405128479,79.1778039932251,104.72768645917273,8.423629999160767,70.75417399406433,1.1628317832946777,0.893611219630674,0.0,144.0,0.0,-0.2734782546758652,0.7272727272727273,0.0,-0.4325788617134094,0.0,7168.0,7168.0,7168.0,7168.0,7168.0,0.0,0.0,-0.26264526695013046,7366.0,1.0,1.0,1.0,,0.25996649265289307,8.0,0.0023889772905155322,0.15910059213638306,0.00015910060028545558,1e-06,1e-06,0.9996498227119446,0.0,0.0,0.010833010077476501,97.0,0.9996498227119446,0.046259861439466476,0.002476283349096775,6.043182373046875,4708.375,7168.0,0.04864927753806114,1.4429752826690674,0.0,7168.0,7168.0,0.0,68.44417405128479,79.1778039932251,104.72768645917273,8.423629999160767,4736.25,8.025249481201172,4918.7255913309955,0.0014471401227638125,2.2646050453186035,88.24017249167383,0.0,0.0,0.0,30.614842404357294,8.025249481201172,4918.7255913309955,0.003324747085571289,78.54304021118027,36.16403202117127,2.2646050453186035,88.24017249167383,88.24017249167383,23.708256668279287,3.454376697540283,60.30133271217346,77.32701992988586,78.54304021118027,14.295628786087036,63.03139114379883,1.0959770679473877,0.8151276384496752,3.166496753692627e-08,144.0,0.0,-0.21205557882785797,0.7272727272727273,0.875,-0.21350271254777908,0.0,5321.0,4736.25,4703.0,4269.0,4736.25,3.166496753692627e-08,-3.725290298461914e-09,-0.21205557882785797,4934.25,0.0,0.0,,,0.21410852670669556,8.0,0.8369295882183734,0.0014471401227638125,1.4230608940124512e-06,1e-06,1e-06,1.0,0.0,-3.166496753692627e-08,0.0,97.0,1.0,0.0,0.0,0.0,0.0,4736.25,0.0,3.454376697540283,0.0,5321.0,4736.25,0.875,60.30133271217346,77.32701992988586,78.54304021118027,14.295628786087036
99,98,-2770.0,2.5395469665527344,-7144.316127551544,-0.19642230961471796,0.7119102478027344,-22.309985688294404,-7.6926045417785645,-0.05712507292628288,-5229.125,1.7853403091430664,0.0,-1984.0,-2770.0,1.0,-5.764339208602905,-0.6281774044036865,-35.12753207217469,4.749206781387329,7168.0,4.846922874450684,12053.833228493731,0.19871380925178528,1.3836302757263184,106.84708550258883,7.6926045417785645,0.05712507292628288,5229.125,78.15375595333671,4.846922874450684,12053.833228493731,0.0031518936157226562,106.84708550258883,91.25877871182392,1.3836302757263184,106.84708550258883,106.84708550258883,85.76367344971861,1.472283124923706,67.08652806282043,77.95646691322327,106.84708550258883,8.581566333770752,69.37490057945251,1.2053472995758057,0.88991848048574,0.0,96.0,0.0,-0.31934747099876404,0.7111111111111111,0.0,-0.5180612504482269,0.0,7168.0,7168.0,7168.0,7168.0,7168.0,0.0,0.0,-0.30737778544425964,7303.0,1.0,1.0,1.0,,0.302263081073761,8.0,0.0027684710410515586,0.19871380925178528,0.00019871382392011583,1e-06,1e-06,1.001007318496704,0.0,0.0,0.01196967251598835,98.0,1.001007318496704,0.05434415116906166,0.0030343192629516125,7.6926045417785645,5229.125,7168.0,0.05712507292628288,1.472283124923706,0.0,7168.0,7168.0,0.0,67.08652806282043,77.95646691322327,106.84708550258883,8.581566333770752,4398.0,7.386469841003418,4909.517100942187,0.002291499637067318,2.0955405235290527,84.53709981429442,0.0,0.0,0.0,30.357024558596343,7.386469841003418,4909.517100942187,0.0030846595764160156,71.71955343041414,35.66800448332525,2.0955405235290527,84.53709981429442,84.53709981429442,22.944256848900096,3.2576234340667725,61.32218885421753,77.32828950881958,71.71955343041414,13.330773115158081,63.9975163936615,1.0231177806854248,0.8276080694421973,0.0,96.0,0.0,-0.27582401782274246,0.7111111111111111,1.0,-0.27811550348997116,0.0,5184.0,4398.0,4259.5,3567.0,4398.0,0.0,0.0,-0.27582401782274246,4533.0,0.0,0.0,,1.0,0.2730834484100342,8.0,0.0014099874001584,0.002291499637067318,2.2914998680789722e-06,1e-06,1e-06,1.0,0.0,0.0,0.0,98.0,1.0,0.0,0.0,0.0,0.0,4398.0,0.0,3.2576234340667725,0.0,5184.0,4398.0,1.0,61.32218885421753,77.32828950881958,71.71955343041414,13.330773115158081
100,99,-4601.625,-0.48863887786865234,-7128.3619330788315,-0.23056529508903623,-0.09072256088256836,-20.15371983385002,-5.7335381507873535,-0.06481121480464935,-5933.25,0.7610645294189453,0.0,-4327.0,-4601.625,0.75,-34.250043869018555,-33.75845432281494,-29.814586096349174,-0.0909736156463623,7087.875,4.840137720108032,11857.307233546864,0.2333337813615799,1.3827316761016846,107.11088891602773,5.7335381507873535,0.06481121480464935,5933.25,76.71458258721455,4.840137720108032,11857.307233546864,0.0031995773315429688,105.9135870222782,89.51101438797018,1.3827316761016846,107.11088891602773,107.11088891602773,83.43471780155409,1.4834318161010742,66.92130064964294,77.4996919631958,105.9135870222782,8.537939548492432,68.96175241470337,0.976186990737915,0.8898326002050814,-1.4901161193847656e-08,60.0,0.0,-0.3809874504804611,0.6976744186046512,0.25,-0.614321231842041,0.0,7168.0,7087.875,7168.0,6711.0,7087.875,-1.4901161193847656e-08,0.0,-0.3678809553384781,7173.875,0.75,0.75,,,0.36231714487075806,8.0,1.8437649354491403,0.2333337813615799,0.007789958268404007,1e-06,1e-06,1.0010905265808105,0.04635968804359436,0.007556609809398651,0.013106495141983032,99.0,1.0010905265808105,0.062325842678546906,0.003439138177782297,5.7335381507873535,5933.25,7087.875,0.06481121480464935,1.4834318161010742,0.0,7168.0,7087.875,0.25,66.92130064964294,77.4996919631958,105.9135870222782,8.537939548492432,2486.25,4.35149884223938,4728.945300468033,0.0027684862725436687,1.2920091152191162,86.95716908217771,0.0,0.0,0.0,28.203986762837918,4.35149884223938,4728.945300468033,0.0030493736267089844,76.09900092592902,31.6637641585601,1.2920091152191162,86.95716908217771,86.95716908217771,18.2267491754502,2.2444963455200195,32.67125678062439,43.74123764038086,76.09900092592902,8.44696593284607,35.29427170753479,1.0474023818969727,0.8068878159714431,0.0,60.0,0.0,-0.19812928140163422,0.6976744186046512,1.0,-0.20089776813983917,0.0,2841.0,2486.25,2536.5,2011.0,2486.25,0.0,0.0,-0.19812928140163422,2572.25,0.0,0.0,,1.0,0.20414966344833374,8.0,0.0014226140736334698,0.0027684862725436687,2.768486183413188e-06,1e-06,1e-06,1.0,0.0,0.0,0.0,99.0,1.0,0.0,0.0,0.0,0.0,2486.25,0.0,2.2444963455200195,0.0,2841.0,2486.25,1.0,32.67125678062439,43.74123764038086,76.09900092592902,8.44696593284607
101,100,-173.75,5.199018955230713,-6305.0120382687555,-0.215723913628608,1.1522176265716553,-25.857146958914996,-5.809859275817871,-0.0665842741727829,-5866.375,2.1022424697875977,0.0,0.0,-173.75,0.125,25.564061403274536,34.45332646369934,-27.631378149960625,8.20991563796997,7168.0,4.868341684341431,11941.643329388537,0.21783925592899323,1.3634166717529297,99.05248035410959,5.809859275817871,0.0665842741727829,5866.375,77.37880394198817,4.868341684341431,11941.643329388537,0.003327608108520508,99.05248035410959,92.0986383008252,1.3634166717529297,99.05248035410959,99.05248035410959,84.38131089433197,1.4881117343902588,72.36567902565002,82.95821189880371,99.05248035410959,8.552019357681274,74.40619254112244,0.9935507774353027,0.8969117202271256,0.0,72.0,0.0,-0.35780955851078033,0.7272727272727273,0.0,-0.575648844242096,0.0,7168.0,7168.0,7168.0,7168.0,7168.0,0.0,0.0,-0.3434743285179138,7267.0,1.0,1.0,1.0,,0.33837753534317017,8.0,0.003747348763023127,0.21783925592899323,0.0002178392605856061,1e-06,1e-06,1.0009164810180664,0.0,0.0,0.014335224404931068,100.0,1.0009164810180664,0.06403115391731262,0.003871372900903225,5.809859275817871,5866.375,7168.0,0.0665842741727829,1.4881117343902588,0.0,7168.0,7168.0,0.0,72.36567902565002,82.95821189880371,99.05248035410959,8.552019357681274,6994.25,10.067360639572144,5636.631291119781,0.0021153423003852367,2.515634298324585,73.1953333951946,0.0,0.0,0.0,36.434195108136365,10.067360639572144,5636.631291119781,0.0037381649017333984,71.42110220414897,48.60221297009541,2.515634298324585,73.1953333951946,73.1953333951946,34.05385289835078,3.5903542041778564,97.92974042892456,117.41153836250305,71.42110220414897,16.761934995651245,100.6496033668518,1.125950574874878,0.8572377533807666,-2.60770320892334e-08,72.0,0.0,-0.31543096899986267,0.7272727272727273,0.125,-0.3175462931394577,0.0,7168.0,6994.25,7168.0,5778.0,6994.25,-2.60770320892334e-08,3.725290298461914e-09,-0.31543096899986267,7093.25,0.875,0.875,,,0.31444624066352844,8.0,0.9625326733183414,0.0021153423003852367,2.1383166313171387e-06,1e-06,1e-06,1.0,0.0,2.60770320892334e-08,0.0,100.0,1.0,0.0,0.0,0.0,0.0,6994.25,0.0,3.5903542041778564,0.0,7168.0,6994.25,0.125,97.92974042892456,117.41153836250305,71.42110220414897,16.761934995651245
102,101,-2289.875,2.9957268238067627,-7020.4345628011315,-0.1953464342514053,0.6697473526000977,-29.527746578092206,-7.212961196899414,-0.0529971569776535,-4692.625,1.6145167350769043,0.0,-345.0,-2289.875,0.0,21.729864597320557,27.2815682888031,-51.25582338160608,5.154500722885132,7168.0,4.799840927124023,12153.736110366028,0.19682720303535461,1.4392271041870117,105.75406859383881,7.212961196899414,0.0529971569776535,4692.625,78.78671373375133,4.799840927124023,12153.736110366028,0.003120899200439453,105.75406859383881,87.58490164447917,1.4392271041870117,105.75406859383881,105.75406859383881,80.22259190601798,1.571310043334961,67.7798981666565,78.64032196998596,105.75406859383881,8.531851768493652,70.10847020149231,1.237433910369873,0.8915079242459112,0.0,84.0,0.0,-0.2950441837310791,0.6774193548387096,0.0,-0.4918713867664337,0.0,7168.0,7168.0,7168.0,7168.0,7168.0,0.0,0.0,-0.28336934745311737,7292.0,1.0,1.0,1.0,,0.28048771619796753,8.0,0.0027422528122534864,0.19682720303535461,0.00019682719721458852,1e-06,1e-06,1.0006873607635498,0.0,0.0,0.011674825102090836,101.0,1.0006873607635498,0.0505121685564518,0.0029122489504516125,7.212961196899414,4692.625,7168.0,0.0529971569776535,1.571310043334961,0.0,7168.0,7168.0,0.0,67.7798981666565,78.64032196998596,105.75406859383881,8.531851768493652,4878.125,7.795567750930786,5133.301547564896,0.0014807687839493155,2.1089744567871094,76.2263220157466,0.0,0.0,0.0,32.15514647190623,7.795567750930786,5133.301547564896,0.0031709671020507812,54.49824521223273,39.619196912848416,2.1089744567871094,76.2263220157466,76.2263220157466,26.22737521506697,3.1858267784118652,89.50976276397705,105.92189025878906,54.49824521223273,13.686352491378784,92.23553776741028,1.0662765502929688,0.8707882529480904,0.0,84.0,0.0,-0.2871898263692856,0.6774193548387096,0.0,-0.2886705994606018,0.0,6823.0,4878.125,4789.5,2854.0,4878.125,0.0,0.0,-0.2871898263692856,5002.125,0.0,0.0,1.0,,0.2906673550605774,8.0,0.0011869554443914164,0.0014807687839493155,1.480768901274132e-06,1e-06,1e-06,1.0,0.0,0.0,0.0,101.0,1.0,0.0,0.0,0.0,0.0,4878.125,0.0,3.1858267784118652,0.0,6823.0,4878.125,0.0,89.50976276397705,105.92189025878906,54.49824521223273,13.686352491378784
103,102,0.0,5.003634691238403,-5729.005794240967,-0.2480620825663209,1.1782360076904297,-13.370274871578133,-5.5720906257629395,-0.06812769174575806,-5997.875,1.7786056995391846,0.0,0.0,0.0,0.0,14.383768796920776,23.12157154083252,-13.370274871578133,8.033123254776001,7168.0,5.073380708694458,11537.868604988482,0.25016629695892334,1.3656275272369385,88.5852413253601,5.5720906257629395,0.06812769174575806,5997.875,74.82624647897808,5.073380708694458,11537.868604988482,0.0031092166900634766,88.5852413253601,92.66119490101126,1.3656275272369385,88.5852413253601,88.5852413253601,72.94226214876696,1.7348060607910156,80.91641330718994,92.06780362129211,88.5852413253601,8.733885288238525,83.33391833305359,1.3098456859588623,0.9051363783569322,0.0,108.0,0.0,-0.40609365701675415,0.7248322147651006,0.0,-0.6562599539756775,0.0,7168.0,7168.0,7168.0,7168.0,7168.0,0.0,0.0,-0.39131030440330505,7317.0,1.0,1.0,1.0,,0.38768017292022705,8.0,0.0035743280813231755,0.25016629695892334,0.00025016634026542306,1e-06,1e-06,0.9997297525405884,0.0,0.0,0.014783363789319992,102.0,0.9997297525405884,0.06519743800163269,0.00324358232319355,5.5720906257629395,5997.875,7168.0,0.06812769174575806,1.7348060607910156,0.0,7168.0,7168.0,0.0,80.91641330718994,92.06780362129211,88.5852413253601,8.733885288238525,7168.0,10.077015399932861,5808.862810747515,0.0021042143926024437,2.543863534927368,75.21496645378197,0.0,0.0,0.0,37.67207058083818,10.077015399932861,5808.862810747515,0.004013776779174805,75.21496645378197,49.7435010668137,2.543863534927368,75.21496645378197,75.21496645378197,36.01646692603868,3.5134117603302,95.30018210411072,115.18937516212463,75.21496645378197,16.767008543014526,98.42236661911011,1.1482083797454834,0.8544396258820259,0.0,108.0,0.0,-0.38504745066165924,0.7248322147651006,0.0,-0.3871516287326813,0.0,7168.0,7168.0,7168.0,7168.0,7168.0,0.0,0.0,-0.38504745066165924,7317.0,1.0,1.0,1.0,,0.3856852948665619,8.0,0.0009175576109834115,0.0021042143926024437,2.104214217979461e-06,1e-06,1e-06,1.0,0.0,0.0,0.0,102.0,1.0,0.0,0.0,0.0,0.0,7168.0,0.0,3.5134117603302,0.0,7168.0,7168.0,0.0,95.30018210411072,115.18937516212463,75.21496645378197,16.767008543014526
104,103,-2359.25,2.769958019256592,-6715.131096536302,-0.2528337298426777,0.689828634262085,6.576082827561663,-7.0287957191467285,-0.07306493073701859,-5637.375,1.6104376316070557,0.0,-646.0,-2359.25,1.0,-17.859039306640625,-12.725401401519775,-13.082967045819245,5.039888381958008,7168.0,4.934906721115112,11864.864587910457,0.25542697310447693,1.3850586414337158,68.26198708295364,7.0287957191467285,0.07306493073701859,5637.375,76.94952954738092,4.934906721115112,11864.864587910457,0.003098011016845703,68.26198708295364,91.38933163555132,1.3850586414337158,68.26198708295364,68.26198708295364,81.86078116307118,1.546278715133667,105.00719809532166,116.15006422996521,68.26198708295364,8.538938283920288,107.61112594604492,1.4460525512695312,0.9264835681277449,0.0,108.0,0.0,-0.3774299919605255,0.7152317880794702,0.0,-0.6328569650650024,0.0,7168.0,7168.0,7168.0,7168.0,7168.0,0.0,0.0,-0.358135387301445,7319.0,1.0,1.0,1.0,,0.35071736574172974,8.0,0.0044781519870456905,0.25542697310447693,0.0002554269740357995,1e-06,1e-06,0.9998382925987244,0.0,0.0,0.01929459348320961,103.0,0.9998382925987244,0.06909769028425217,0.0043770927004516125,7.0287957191467285,5637.375,7168.0,0.07306493073701859,1.546278715133667,0.0,7168.0,7168.0,0.0,105.00719809532166,116.15006422996521,68.26198708295364,8.538938283920288,4808.75,7.704864740371704,5149.733491374155,0.0025932432617992163,2.074887275695801,74.8380699105153,0.0,0.0,0.0,32.14820810748228,7.704864740371704,5149.733491374155,0.0033516883850097656,55.17902003713439,39.792940081593606,2.074887275695801,74.8380699105153,74.8380699105153,26.155617410183975,3.1567163467407227,87.14815878868103,103.42466282844543,55.17902003713439,13.578826665878296,89.84583616256714,1.029703140258789,0.8687080402824031,0.0,108.0,0.0,-0.21615993231534958,0.7152317880794702,1.0,-0.2187531813979149,0.0,6522.0,4808.75,4802.0,3083.0,4808.75,0.0,0.0,-0.21615993231534958,4959.75,0.0,0.0,,1.0,0.21955639123916626,8.0,0.001034760145280625,0.0025932432617992163,2.593243607407203e-06,1e-06,1e-06,1.0,0.0,0.0,0.0,103.0,1.0,0.0,0.0,0.0,0.0,4808.75,0.0,3.1567163467407227,0.0,6522.0,4808.75,1.0,87.14815878868103,103.42466282844543,55.17902003713439,13.578826665878296
105,104,0.0,5.369812488555908,-6255.119494833604,-0.2708731242455542,1.2088675498962402,-11.539448910477986,-6.253910064697266,-0.07319501042366028,-6139.875,2.146226167678833,0.0,0.0,0.0,0.0,12.832154273986816,22.329091787338257,-11.539448910477986,8.464225053787231,7168.0,4.9116175174713135,11976.502606474296,0.27232861518859863,1.3770127296447754,86.26313208952092,6.253910064697266,0.07319501042366028,6139.875,77.71859063158281,4.9116175174713135,11976.502606474296,0.003032684326171875,86.26313208952092,92.40388825302446,1.3770127296447754,86.26313208952092,86.26313208952092,85.61178837147962,1.4862594604492188,83.09459471702576,93.94820523262024,86.26313208952092,8.589014053344727,85.35919117927551,1.1559195518493652,0.9085771353260244,0.0,132.0,0.0,-0.357387900352478,0.7135135135135136,0.0,-0.6297165155410767,0.0,7168.0,7168.0,7168.0,7168.0,7168.0,0.0,0.0,-0.3398178815841675,7353.0,1.0,1.0,1.0,,0.32796525955200195,8.0,0.004466929667105559,0.27232861518859863,0.0002723286161199212,1e-06,1e-06,1.0001494884490967,0.0,0.0,0.01757001504302025,104.0,1.0001494884490967,0.06884116679430008,0.004115513525903225,6.253910064697266,6139.875,7168.0,0.07319501042366028,1.4862594604492188,0.0,7168.0,7168.0,0.0,83.09459471702576,93.94820523262024,86.26313208952092,8.589014053344727,7168.0,10.281430006027222,5721.383111640692,0.001455490943044424,2.5858802795410156,74.72368317904294,0.0,0.0,0.0,37.127519319344515,10.281430006027222,5721.383111640692,0.0034339427947998047,74.72368317904294,49.206195429771746,2.5858802795410156,74.72368317904294,74.72368317904294,35.02872231834816,3.6324856281280518,95.92674899101257,116.2772970199585,74.72368317904294,17.053239107131958,99.22405791282654,1.2944390773773193,0.853339907753404,0.0,132.0,0.0,-0.4069961756467819,0.7135135135135136,0.0,-0.4084516763687134,0.0,7168.0,7168.0,7168.0,7168.0,7168.0,0.0,0.0,-0.4069961756467819,7353.0,1.0,1.0,1.0,,0.4085516333580017,8.0,0.0010509300576370308,0.001455490943044424,1.455490973967244e-06,1e-06,1e-06,1.0000001192092896,0.0,0.0,0.0,104.0,1.0000001192092896,0.0,0.0,0.0,0.0,7168.0,0.0,3.6324856281280518,0.0,7168.0,7168.0,0.0,95.92674899101257,116.2772970199585,74.72368317904294,17.053239107131958
106,105,0.0,5.177765607833862,-5894.492069023581,-0.2787580257281661,1.1354947090148926,-19.855720777822256,-7.409897804260254,-0.0808497816324234,-6541.5,2.0883631706237793,0.0,0.0,0.0,0.0,18.88185429573059,27.693633317947388,-19.855720777822256,8.316333532333374,7168.0,5.055986404418945,11650.347783474606,0.2804912030696869,1.399282693862915,97.31358714431407,7.409897804260254,0.0808497816324234,6541.5,75.61497286299772,5.055986404418945,11650.347783474606,0.0030901432037353516,97.31358714431407,91.07244172141006,1.399282693862915,97.31358714431407,97.31358714431407,80.15219136966783,1.5899264812469482,73.65877890586853,84.62287020683289,97.31358714431407,8.689160585403442,75.93370962142944,1.1161613464355469,0.8973190041395944,0.0,144.0,0.0,-0.4448852986097336,0.7384615384615385,0.0,-0.7253764569759369,0.0,7168.0,7168.0,7168.0,7168.0,7168.0,0.0,0.0,-0.42470698058605194,7363.0,1.0,1.0,1.0,,0.4132600426673889,8.0,0.004128248699015645,0.2804912030696869,0.000280491221928969,1e-06,1e-06,0.9995508193969727,0.0,0.0,0.02017829567193985,105.0,0.9995508193969727,0.07617561519145966,0.00422014482319355,7.409897804260254,6541.5,7168.0,0.0808497816324234,1.5899264812469482,0.0,7168.0,7168.0,0.0,73.65877890586853,84.62287020683289,97.31358714431407,8.689160585403442,7168.0,10.233752012252808,5755.855714451025,0.0017331773415207863,2.5347774028778076,77.45786636649181,0.0,0.0,0.0,37.35758637771256,10.233752012252808,5755.855714451025,0.0033283233642578125,77.45786636649181,50.27506219833191,2.5347774028778076,77.45786636649181,77.45786636649181,34.64547484013276,3.6782896518707275,92.54063320159912,112.31650352478027,77.45786636649181,17.005494117736816,95.31100940704346,1.102318286895752,0.8485930955464179,0.0,144.0,0.0,-0.32864367961883545,0.7384615384615385,0.0,-0.33037684857845306,0.0,7168.0,7168.0,7168.0,7168.0,7168.0,0.0,0.0,-0.32864367961883545,7363.0,1.0,1.0,1.0,,0.32644110918045044,8.0,0.0009695097672046494,0.0017331773415207863,1.7331774415652035e-06,1e-06,1e-06,1.0,0.0,0.0,0.0,105.0,1.0,0.0,0.0,0.0,0.0,7168.0,0.0,3.6782896518707275,0.0,7168.0,7168.0,0.0,92.54063320159912,112.31650352478027,77.45786636649181,17.005494117736816
107,106,0.0,5.2029266357421875,-5971.769312185407,-0.35152993095107377,1.180708646774292,-30.252868417706267,-8.662406921386719,-0.09390618652105331,-6569.375,1.9592502117156982,0.0,0.0,0.0,0.0,26.351214170455933,35.21031308174133,-30.252868417706267,8.285786628723145,7168.0,4.9778969287872314,11685.256009141898,0.3536033034324646,1.3870859146118164,107.09451845187773,8.662406921386719,0.09390618652105331,6569.375,75.72264866273358,4.9778969287872314,11685.256009141898,0.003002643585205078,107.09451845187773,90.58307930487123,1.3870859146118164,107.09451845187773,107.09451845187773,78.18159203108604,1.6071112155914307,66.93153023719788,77.89792585372925,107.09451845187773,8.665270805358887,69.23265504837036,1.2017321586608887,0.8887612126973718,0.0,72.0,0.0,-0.4576769918203354,0.6990291262135923,0.0,-0.8112802803516388,0.0,7168.0,7168.0,7168.0,7168.0,7168.0,0.0,0.0,-0.4316594898700714,7271.0,1.0,1.0,1.0,,0.4209527373313904,8.0,0.005923005768961235,0.3536033034324646,0.0003536033327691257,1e-06,1e-06,0.9986612796783447,0.0,0.0,0.026017487049102783,106.0,0.9986612796783447,0.08751444518566132,0.005964006297290325,8.662406921386719,6569.375,7168.0,0.09390618652105331,1.6071112155914307,0.0,7168.0,7168.0,0.0,66.93153023719788,77.89792585372925,107.09451845187773,8.665270805358887,7168.0,10.180823564529419,5713.486696956491,0.002073372481390834,2.5677945613861084,76.84165003417147,0.0,0.0,0.0,37.02446445797718,10.180823564529419,5713.486696956491,0.003650665283203125,76.84165003417147,48.93168452624473,2.5677945613861084,76.84165003417147,76.84165003417147,35.23100952244893,3.566361427307129,93.28274440765381,113.10823893547058,76.84165003417147,16.95105743408203,96.15718150138855,1.1930363178253174,0.8501341936394856,0.0,72.0,0.0,-0.5262801349163055,0.6990291262135923,0.0,-0.5283534824848175,0.0,7168.0,7168.0,7168.0,7168.0,7168.0,0.0,0.0,-0.5262801349163055,7271.0,1.0,1.0,1.0,,0.5210673809051514,8.0,0.0010946534112659112,0.002073372481390834,2.0733725705213146e-06,1e-06,1e-06,1.0000001192092896,0.0,0.0,0.0,106.0,1.0000001192092896,0.0,0.0,0.0,0.0,7168.0,0.0,3.566361427307129,0.0,7168.0,7168.0,0.0,93.28274440765381,113.10823893547058,76.84165003417147,16.95105743408203
108,107,-2700.75,2.0052120685577393,-6485.674062756091,-0.3210244798101485,0.53951096534729,-24.539364245447985,-11.167668342590332,-0.07954183220863342,-5843.875,1.3526310920715332,0.0,-1189.0,-2700.75,1.0,4.280492544174194,8.418362379074097,-46.75216205566434,3.7605111598968506,7168.0,4.949014902114868,11717.88752852981,0.32411831617355347,1.3799612522125244,112.3914020210614,11.167668342590332,0.07954183220863342,5843.875,75.90559712166672,4.949014902114868,11717.88752852981,0.004347562789916992,112.3914020210614,90.74117859148939,1.3799612522125244,112.3914020210614,112.3914020210614,78.93643827651101,1.5863308906555176,63.77712059020996,74.70440030097961,112.3914020210614,8.628576040267944,66.07582426071167,1.216559886932373,0.8844970844354024,0.0,60.0,0.0,-0.3444061875343323,0.7407407407407407,0.0,-0.6685245633125305,0.0,7168.0,7168.0,7168.0,7168.0,7168.0,0.0,0.0,-0.32086245715618134,7249.0,1.0,1.0,1.0,,0.3138587474822998,8.0,0.005454257765520771,0.32411831617355347,0.00032411832944490016,1e-06,1e-06,1.000266432762146,0.0,0.0,0.02354375831782818,107.0,1.000266432762146,0.07363763451576233,0.005789620336145163,11.167668342590332,5843.875,7168.0,0.07954183220863342,1.5863308906555176,0.0,7168.0,7168.0,0.0,63.77712059020996,74.70440030097961,112.3914020210614,8.628576040267944,4467.25,6.954226970672607,5232.21346577372,0.0030938363634049892,1.9194722175598145,87.85203777561341,0.0,0.0,0.0,32.4005732775787,6.954226970672607,5232.21346577372,0.010720491409301758,65.63923996539705,39.12897488016053,1.9194722175598145,87.85203777561341,87.85203777561341,25.555614746119492,2.938961982727051,68.05761313438416,83.12276268005371,65.63923996539705,12.389087200164795,70.73367547988892,0.9951155185699463,0.8509543378887513,0.0,60.0,0.0,-0.24631674587726593,0.7407407407407407,1.0,-0.24941058456897736,0.0,5979.0,4467.25,4232.0,3564.0,4467.25,0.0,0.0,-0.24631674587726593,4548.25,0.0,0.0,,1.0,0.24839310348033905,8.0,0.0011467874173904306,0.0030938363634049892,3.093836312473286e-06,1e-06,1e-06,1.0,0.0,0.0,0.0,107.0,1.0,0.0,0.0,0.0,0.0,4467.25,0.0,2.938961982727051,0.0,5979.0,4467.25,1.0,68.05761313438416,83.12276268005371,65.63923996539705,12.389087200164795
109,108,0.0,5.361906290054321,-6158.06852405837,-0.3505560215562582,1.2393949031829834,-37.10869981962318,-5.3833160400390625,-0.08912590146064758,-6874.375,2.124134063720703,0.0,0.0,0.0,0.0,30.54456853866577,39.6059296131134,-37.10869981962318,8.55875301361084,7168.0,4.960992097854614,11855.693143602271,0.3525974154472351,1.3754382133483887,113.69998244094334,5.3833160400390625,0.08912590146064758,6874.375,76.93331596269941,4.960992097854614,11855.693143602271,0.002976655960083008,113.69998244094334,92.49550890974382,1.3754382133483887,113.69998244094334,113.69998244094334,80.4881999292518,1.58062744140625,63.043105602264404,73.89514899253845,113.69998244094334,8.64183497428894,65.25331401824951,1.127063512802124,0.883052743081125,0.0,132.0,0.0,-0.5853491425514221,0.717391304347826,0.0,-0.9379465281963348,0.0,7168.0,7168.0,7168.0,7168.0,7168.0,0.0,0.0,-0.5666614472866058,7352.0,1.0,1.0,1.0,,0.5509183406829834,8.0,0.004495875222306388,0.3525974154472351,0.00035259744618088007,1e-06,1e-06,0.9997501373291016,0.0,0.0,0.01868772879242897,108.0,0.9997501373291016,0.08472911268472672,0.003993443213403225,5.3833160400390625,6874.375,7168.0,0.08912590146064758,1.58062744140625,0.0,7168.0,7168.0,0.0,63.043105602264404,73.89514899253845,113.69998244094334,8.64183497428894,7168.0,10.322898387908936,5697.624619543902,0.002041393890976906,2.614833116531372,76.59128262132016,0.0,0.0,0.0,36.97271427177308,10.322898387908936,5697.624619543902,0.0032775402069091797,76.59128262132016,48.653910918158445,2.614833116531372,76.59128262132016,76.59128262132016,34.34009377972319,3.704761505126953,93.58767414093018,113.50107860565186,76.59128262132016,17.20058798789978,96.30049061775208,1.0129005908966064,0.8484544094275834,0.0,132.0,0.0,-0.4899207800626755,0.717391304347826,0.0,-0.49196217954158783,0.0,7168.0,7168.0,7168.0,7168.0,7168.0,0.0,0.0,-0.4899207800626755,7352.0,1.0,1.0,1.0,,0.48978376388549805,8.0,0.0010682312442585615,0.002041393890976906,2.041394054685952e-06,1e-06,1e-06,1.0,0.0,0.0,0.0,108.0,1.0,0.0,0.0,0.0,0.0,7168.0,0.0,3.704761505126953,0.0,7168.0,7168.0,0.0,93.58767414093018,113.50107860565186,76.59128262132016,17.20058798789978
110,109,-1936.125,3.68192720413208,-7030.279970869981,-0.27034020610153675,0.9068348407745361,-25.214636199799187,-7.8551106452941895,-0.06655079126358032,-4895.125,1.847001552581787,0.0,-715.0,-1936.125,1.0,10.868335723876953,17.744394302368164,-41.30735873527405,6.3223230838775635,7168.0,4.836492538452148,12058.32522976754,0.2737014889717102,1.3775713443756104,110.25616636372119,7.8551106452941895,0.06655079126358032,4895.125,78.16554465434753,4.836492538452148,12058.32522976754,0.0029876232147216797,110.25616636372119,91.47670766824575,1.3775713443756104,110.25616636372119,110.25616636372119,77.68595383594243,1.6221168041229248,65.01223683357239,75.70188450813293,110.25616636372119,8.52004075050354,67.1818437576294,1.0955383777618408,0.8874527258355345,0.0,84.0,0.0,-0.29597458243370056,0.6885245901639344,0.0,-0.5696760714054108,0.0,7168.0,7168.0,7168.0,7168.0,7168.0,0.0,0.0,-0.2769571393728256,7290.0,1.0,1.0,1.0,,0.27275049686431885,8.0,0.004565935279012581,0.2737014889717102,0.00027370150201022625,1e-06,1e-06,1.000389575958252,0.0,0.0,0.019017428159713745,109.0,1.000389575958252,0.0627303346991539,0.0046561099588871,7.8551106452941895,4895.125,7168.0,0.06655079126358032,1.6221168041229248,0.0,7168.0,7168.0,0.0,65.01223683357239,75.70188450813293,110.25616636372119,8.52004075050354,5231.875,8.518419742584229,5028.0452588975595,0.0033612828701734543,2.2844061851501465,85.041530163922,0.0,0.0,0.0,31.570746471788905,8.518419742584229,5028.0452588975595,0.00729823112487793,68.94880762844714,39.24183474632116,2.2844061851501465,85.041530163922,85.041530163922,25.840654827438172,3.469118356704712,75.88057255744934,93.4462788105011,68.94880762844714,14.842363834381104,78.60391497612,1.071427345275879,0.8411668819420857,0.0,84.0,0.0,-0.22554977983236313,0.6885245901639344,1.0,-0.22891106456518173,0.0,6453.0,5231.875,5198.0,3851.0,5231.875,0.0,0.0,-0.22554977983236313,5353.875,0.0,0.0,,1.0,0.2282501459121704,8.0,0.001047915265673262,0.0033612828701734543,3.3612830065976596e-06,1e-06,1e-06,1.0,0.0,0.0,0.0,109.0,1.0,0.0,0.0,0.0,0.0,5231.875,0.0,3.469118356704712,0.0,6453.0,5231.875,1.0,75.88057255744934,93.4462788105011,68.94880762844714,14.842363834381104
111,110,0.0,5.324466943740845,-6092.596110615811,-0.27308420184999704,1.1631731986999512,-12.913739412445707,-7.121692657470703,-0.0726560726761818,-5930.125,1.9710159301757812,0.0,0.0,0.0,0.0,12.916012525558472,22.298307418823242,-12.913739412445707,8.441267490386963,7168.0,4.9419777393341064,11747.523575009587,0.275068074464798,1.397676944732666,91.35934114684642,7.121692657470703,0.0726560726761818,5930.125,76.10796560821899,4.9419777393341064,11747.523575009587,0.002972126007080078,91.35934114684642,89.70214784832731,1.397676944732666,91.35934114684642,91.35934114684642,79.06993783418626,1.5856168270111084,78.4594099521637,89.24252796173096,91.35934114684642,8.570961236953735,80.67156672477722,1.0693762302398682,0.9039587802731324,0.0,60.0,0.0,-0.3574407249689102,0.6741573033707865,0.0,-0.632508784532547,0.0,7168.0,7168.0,7168.0,7168.0,7168.0,0.0,0.0,-0.3372056186199188,7257.0,1.0,1.0,1.0,,0.32440635561943054,8.0,0.004384750170245047,0.275068074464798,0.00027506810147315264,1e-06,1e-06,1.0000358819961548,0.0,0.0,0.020235072821378708,110.0,1.0000358819961548,0.06782500445842743,0.00444684736430645,7.121692657470703,5930.125,7168.0,0.0726560726761818,1.5856168270111084,0.0,7168.0,7168.0,0.0,78.4594099521637,89.24252796173096,91.35934114684642,8.570961236953735,7168.0,10.266444683074951,5654.927464393776,0.00198387261480093,2.560850143432617,78.44560173440071,0.0,0.0,0.0,36.63623420110509,10.266444683074951,5654.927464393776,0.0031325817108154297,78.44560173440071,48.95820408005336,2.560850143432617,78.44560173440071,78.44560173440071,35.25093325625578,3.5566327571868896,91.37542247772217,111.5408353805542,78.44560173440071,17.0122287273407,94.5286066532135,1.1948785781860352,0.8474798160754444,0.0,60.0,0.0,-0.25867438316345215,0.6741573033707865,0.0,-0.26065823435783386,0.0,7168.0,7168.0,7168.0,7168.0,7168.0,0.0,0.0,-0.25867438316345215,7257.0,1.0,1.0,1.0,,0.26104164123535156,8.0,0.000861033506244885,0.00198387261480093,1.9838726075249724e-06,1e-06,1e-06,0.9999998807907104,0.0,0.0,0.0,110.0,0.9999998807907104,0.0,0.0,0.0,0.0,7168.0,0.0,3.5566327571868896,0.0,7168.0,7168.0,0.0,91.37542247772217,111.5408353805542,78.44560173440071,17.0122287273407
112,111,0.0,4.872239589691162,-5492.461196396802,-0.3180328165180981,1.1406023502349854,-17.98275342528413,-8.020190238952637,-0.08470740169286728,-6109.375,1.9368951320648193,0.0,0.0,0.0,0.0,17.578710556030273,26.462950468063354,-17.98275342528413,7.863687992095947,7168.0,5.1942527294158936,11347.92684733852,0.3198740482330322,1.4009332656860352,95.09364026350738,8.020190238952637,0.08470740169286728,6109.375,73.65842650427376,5.1942527294158936,11347.92684733852,0.003109455108642578,95.09364026350738,91.03466769512038,1.4009332656860352,95.09364026350738,95.09364026350738,80.14292077680463,1.5913257598876953,75.37833213806152,86.46189832687378,95.09364026350738,8.902029991149902,77.55986833572388,1.1133511066436768,0.8970410069242835,0.0,144.0,0.0,-0.4195338934659958,0.72,0.0,-0.7394078969955444,0.0,7168.0,7168.0,7168.0,7168.0,7168.0,0.0,0.0,-0.3962317556142807,7368.0,1.0,1.0,1.0,,0.39205390214920044,8.0,0.005243027320157056,0.3198740482330322,0.0003198740305379033,1e-06,1e-06,0.9992837905883789,0.0,0.0,0.02330215461552143,111.0,0.9992837905883789,0.07955515384674072,0.005092075560241938,8.020190238952637,6109.375,7168.0,0.08470740169286728,1.5913257598876953,0.0,7168.0,7168.0,0.0,75.37833213806152,86.46189832687378,95.09364026350738,8.902029991149902,7168.0,10.066492319107056,5855.465650941718,0.0018412317149341106,2.5415356159210205,77.11088683822325,0.0,0.0,0.0,38.007328748276684,10.066492319107056,5855.465650941718,0.0031266212463378906,77.11088683822325,50.17969982630028,2.5415356159210205,77.11088683822325,77.11088683822325,36.1466864491557,3.5282208919525146,92.9570426940918,112.92484879493713,77.11088683822325,16.76571798324585,96.15913081169128,1.2424170970916748,0.851532074984744,0.0,144.0,0.0,-0.24803579598665237,0.72,0.0,-0.24987702816724777,0.0,7168.0,7168.0,7168.0,7168.0,7168.0,0.0,0.0,-0.24803579598665237,7368.0,1.0,1.0,1.0,,0.24782967567443848,8.0,0.0008252041071691704,0.0018412317149341106,1.8412317785987398e-06,1e-06,1e-06,1.0,0.0,0.0,0.0,111.0,1.0,0.0,0.0,0.0,0.0,7168.0,0.0,3.5282208919525146,0.0,7168.0,7168.0,0.0,92.9570426940918,112.92484879493713,77.11088683822325,16.76571798324585
113,112,0.0,5.2776689529418945,-6271.409711821239,-0.29399823513813317,1.1747229099273682,-10.736949602688767,-8.154966354370117,-0.08400988578796387,-5818.375,2.101976156234741,0.0,0.0,0.0,0.0,11.64024043083191,20.26093602180481,-10.736949602688767,8.414181232452393,7168.0,4.850453615188599,12035.163024176283,0.2958563268184662,1.3758783340454102,86.85822072198923,8.154966354370117,0.08400988578796387,5818.375,78.02471750141015,4.850453615188599,12035.163024176283,0.003112316131591797,86.85822072198923,91.68816353260813,1.3758783340454102,86.85822072198923,86.85822072198923,82.640829880349,1.5265064239501953,82.52529168128967,93.50665855407715,86.85822072198923,8.441246747970581,85.06541180610657,1.3321762084960938,0.9097257149544189,0.0,96.0,0.0,-0.33715565502643585,0.7441860465116279,0.0,-0.6330119371414185,0.0,7168.0,7168.0,7168.0,7168.0,7168.0,0.0,0.0,-0.3098202496767044,7297.0,1.0,1.0,1.0,,0.3034900426864624,8.0,0.006450500238323554,0.2958563268184662,0.0002958563272841275,1e-06,1e-06,0.9992827773094177,0.0,0.0,0.027335405349731445,112.0,0.9992827773094177,0.07615585625171661,0.005998884327709675,8.154966354370117,5818.375,7168.0,0.08400988578796387,1.5265064239501953,0.0,7168.0,7168.0,0.0,82.52529168128967,93.50665855407715,86.85822072198923,8.441246747970581,7168.0,10.128122568130493,5763.753312355044,0.0018580916803330183,2.5506012439727783,76.12127111930046,0.0,0.0,0.0,37.36677459548571,10.128122568130493,5763.753312355044,0.007162570953369141,76.12127111930046,49.45961584196356,2.5506012439727783,76.12127111930046,76.12127111930046,34.7670837340766,3.6284825801849365,94.16553211212158,113.76759457588196,76.12127111930046,16.855427980422974,96.91216659545898,1.0771458148956299,0.8518433298756215,0.0,96.0,0.0,-0.2525833174586296,0.7441860465116279,0.0,-0.25444138795137405,0.0,7168.0,7168.0,7168.0,7168.0,7168.0,0.0,0.0,-0.2525833174586296,7297.0,1.0,1.0,1.0,,0.24765385687351227,8.0,0.0008714319090010112,0.0018580916803330183,1.8580915366328554e-06,1e-06,1e-06,1.0000001192092896,0.0,0.0,0.0,112.0,1.0000001192092896,0.0,0.0,0.0,0.0,7168.0,0.0,3.6284825801849365,0.0,7168.0,7168.0,0.0,94.16553211212158,113.76759457588196,76.12127111930046,16.855427980422974
114,113,-3702.0,0.4814422130584717,-6335.594462195604,-0.2714683902449906,0.17650055885314941,4.707198857819137,-10.521360397338867,-0.07064645737409592,-5421.875,0.914208173751831,0.0,-3129.0,-3702.0,1.0,-38.37595844268799,-36.35818862915039,-8.29465633339565,1.5565667152404785,7168.0,5.070688009262085,11548.728672131809,0.2744584083557129,1.3764073848724365,86.94113118985372,10.521360397338867,0.07064645737409592,5421.875,74.90050858784156,5.070688009262085,11548.728672131809,0.003004789352416992,86.94113118985372,91.97788265262251,1.3764073848724365,86.94113118985372,86.94113118985372,77.00246743579848,1.6440906524658203,82.44659233093262,93.44200873374939,86.94113118985372,8.695699453353882,84.74630928039551,1.1678025722503662,0.9069401485350007,0.0,108.0,0.0,-0.2875402271747589,0.7105263157894737,0.0,-0.5619986057281494,0.0,7168.0,7168.0,7168.0,7168.0,7168.0,0.0,0.0,-0.2643146365880966,7320.0,1.0,1.0,1.0,,0.258713960647583,8.0,0.00599310308181112,0.2744584083557129,0.00027445837622508407,1e-06,1e-06,0.9986816048622131,0.0,0.0,0.023225627839565277,113.0,0.9986816048622131,0.06311795860528946,0.0047433036379516125,10.521360397338867,5421.875,7168.0,0.07064645737409592,1.6440906524658203,0.0,7168.0,7168.0,0.0,82.44659233093262,93.44200873374939,86.94113118985372,8.695699453353882,3466.0,5.552130222320557,5213.134209936205,0.0029900181107223034,1.552907943725586,91.64833004767286,0.0,0.0,0.0,31.691021454636417,5.552130222320557,5213.134209936205,0.007084369659423828,78.64647485645807,37.76842851619554,1.552907943725586,91.64833004767286,91.64833004767286,22.925739582793437,2.5582988262176514,44.07063388824463,57.083820104599,78.64647485645807,10.25226616859436,46.83155393600464,1.0877444744110107,0.8203997884197596,0.0,108.0,0.0,-0.20374349504709244,0.7105263157894737,1.0,-0.20673350244760513,0.0,4039.0,3466.0,3404.0,3092.0,3466.0,0.0,0.0,-0.20374349504709244,3618.0,0.0,0.0,,1.0,0.20734816789627075,8.0,0.001994147818321916,0.0029900181107223034,2.990017947013257e-06,1e-06,1e-06,0.9999999403953552,0.0,0.0,0.0,113.0,0.9999999403953552,0.0,0.0,0.0,0.0,3466.0,0.0,2.5582988262176514,0.0,4039.0,3466.0,1.0,44.07063388824463,57.083820104599,78.64647485645807,10.25226616859436
115,114,-758.5,4.735864162445068,-6565.941200417817,-0.29247804009355605,1.1432456970214844,-31.077771239019853,-7.826436996459961,-0.07666665315628052,-6386.75,2.1445462703704834,0.0,0.0,-758.5,0.75,26.523372173309326,34.648108959198,-39.269559901031116,7.735082149505615,7168.0,4.856250286102295,12017.502509501148,0.29617995023727417,1.348280429840088,108.49206409241035,7.826436996459961,0.07666665315628052,6386.75,77.90756519669844,4.856250286102295,12017.502509501148,0.0030205249786376953,108.49206409241035,93.53608922956596,1.348280429840088,108.49206409241035,108.49206409241035,85.80020102769988,1.4698436260223389,66.06934857368469,76.84649658203125,108.49206409241035,8.519788026809692,68.32670855522156,1.1929593086242676,0.8891323820115198,0.0,84.0,0.0,-0.4277080297470093,0.6614173228346457,0.0,-0.7238879799842834,0.0,7168.0,7168.0,7168.0,7168.0,7168.0,0.0,0.0,-0.4085193872451782,7295.0,1.0,1.0,1.0,,0.40073370933532715,8.0,0.004572167109083887,0.29617995023727417,0.00029617996187880635,1e-06,1e-06,0.999788761138916,0.0,0.0,0.019188664853572845,114.0,0.999788761138916,0.07217194139957428,0.003941127099096775,7.826436996459961,6386.75,7168.0,0.07666665315628052,1.4698436260223389,0.0,7168.0,7168.0,0.0,66.06934857368469,76.84649658203125,108.49206409241035,8.519788026809692,6409.5,9.592114448547363,5451.561309083331,0.0037019101437181234,2.4915261268615723,77.41429285339049,0.0,0.0,0.0,34.916111557317,9.592114448547363,5451.561309083331,0.0029675960540771484,69.22250419137923,44.807789965249135,2.4915261268615723,77.41429285339049,77.41429285339049,30.887586172360933,3.6143898963928223,92.59272074699402,111.49460554122925,69.22250419137923,16.254870176315308,95.23973536491394,1.0289998054504395,0.8542093575073956,1.4901161193847656e-08,84.0,0.0,-0.33606602251529694,0.6614173228346457,0.75,-0.3397679477930069,0.0,7168.0,6409.5,6431.5,5604.0,6409.5,1.4901161193847656e-08,0.0,-0.33606602251529694,6536.5,0.25,0.25,,,0.33870911598205566,8.0,0.883305167402909,0.0037019101437181234,3.6954879760742188e-06,1e-06,1e-06,1.0,0.0,-1.4901161193847656e-08,0.0,114.0,1.0,0.0,0.0,0.0,0.0,6409.5,0.0,3.6143898963928223,0.0,7168.0,6409.5,0.75,92.59272074699402,111.49460554122925,69.22250419137923,16.254870176315308
116,115,-3359.375,0.5882012844085693,-5879.106200480817,-0.2612318678293377,0.1444547176361084,-7.786521354018376,-8.606922149658203,-0.06271304935216904,-4945.125,1.1380090713500977,0.0,-2997.0,-3359.375,1.0,-25.987567901611328,-23.790473699569702,-15.977764903696169,1.6719615459442139,7168.0,5.125272989273071,11416.367503245692,0.26267096400260925,1.3939502239227295,102.06917563675337,8.606922149658203,0.06271304935216904,4945.125,74.03449079031277,5.125272989273071,11416.367503245692,0.003210306167602539,102.06917563675337,90.73661536597541,1.3939502239227295,102.06917563675337,102.06917563675337,87.74040264685505,1.441551685333252,70.22688245773315,81.10543298721313,102.06917563675337,8.75696063041687,72.34847235679626,1.0032076835632324,0.8920299133129902,0.0,108.0,0.0,-0.29310502111911774,0.7397260273972602,0.0,-0.5557760000228882,0.0,7168.0,7168.0,7168.0,7168.0,7168.0,0.0,0.0,-0.27528518438339233,7314.0,1.0,1.0,1.0,,0.26834049820899963,8.0,0.005447175986185717,0.26267096400260925,0.0002626710047479719,1e-06,1e-06,0.9990748167037964,0.0,0.0,0.017819836735725403,115.0,0.9990748167037964,0.05731291323900223,0.0035400390625,8.606922149658203,4945.125,7168.0,0.06271304935216904,1.441551685333252,0.0,7168.0,7168.0,0.0,70.22688245773315,81.10543298721313,102.06917563675337,8.75696063041687,3808.625,5.713474273681641,5537.261302764875,0.0014390961732715368,1.538404941558838,94.282654282735,0.0,0.0,0.0,33.86199840311529,5.713474273681641,5537.261302764875,0.0028297901153564453,86.0914107330572,41.91996777640974,1.538404941558838,94.282654282735,94.282654282735,25.000335971978956,2.5795607566833496,44.239314556121826,57.31495928764343,86.0914107330572,10.428922176361084,46.88603711128235,0.9994440078735352,0.8180418811078269,0.0,108.0,0.0,-0.1731332242488861,0.7397260273972602,1.0,-0.17457233369350433,0.0,4171.0,3808.625,3764.5,3317.0,3808.625,0.0,0.0,-0.1731332242488861,3954.625,0.0,0.0,,1.0,0.1705157309770584,8.0,0.001011628939235896,0.0014390961732715368,1.4390963087862474e-06,1e-06,1e-06,1.0,0.0,0.0,0.0,115.0,1.0,0.0,0.0,0.0,0.0,3808.625,0.0,2.5795607566833496,0.0,4171.0,3808.625,1.0,44.239314556121826,57.31495928764343,86.0914107330572,10.428922176361084
117,116,-3835.5,0.17247462272644043,-6088.115312924323,-0.3974311628844589,0.10035586357116699,-7.64104291579774,-9.709505081176758,-0.1057518795132637,-6561.25,0.9426913261413574,0.0,-2200.0,-3835.5,1.0,-18.04176664352417,-16.507676362991333,-37.67685755694034,1.0993998050689697,7168.0,5.187036514282227,11278.887248800424,0.40042728185653687,1.3958618640899658,98.8779289672783,9.709505081176758,0.1057518795132637,6561.25,73.14169184280809,5.187036514282227,11278.887248800424,0.007082462310791016,98.8779289672783,90.59841714169593,1.3958618640899658,98.8779289672783,98.8779289672783,78.3951331406584,1.6131470203399658,72.49342775344849,83.52856588363647,98.8779289672783,8.875184535980225,74.65338134765625,1.0775737762451172,0.893746714766488,0.0,108.0,0.0,-0.5701376646757126,0.7448275862068966,0.0,-0.9705649018287659,0.0,7168.0,7168.0,7168.0,7168.0,7168.0,0.0,0.0,-0.5410874933004379,7313.0,1.0,1.0,1.0,,0.5242329835891724,8.0,0.009403017517564562,0.40042728185653687,0.00040042729233391583,1e-06,1e-06,0.9986932873725891,0.0,0.0,0.02905016392469406,116.0,0.9986932873725891,0.09793473780155182,0.0062255859375,9.709505081176758,6561.25,7168.0,0.1057518795132637,1.6131470203399658,0.0,7168.0,7168.0,0.0,72.49342775344849,83.52856588363647,98.8779289672783,8.875184535980225,3332.5,5.359511137008667,5190.7719358761005,0.0029961189720779657,1.4962177276611328,91.23688605148055,0.0,0.0,0.0,31.573174120607923,5.359511137008667,5190.7719358761005,0.005326032638549805,61.20107141033795,37.69878656956996,1.4962177276611328,91.23688605148055,91.23688605148055,22.069311564386993,2.5558383464813232,54.451661109924316,67.02088952064514,61.20107141033795,9.974584341049194,57.04630517959595,0.9994540214538574,0.8511720090200143,0.0,108.0,0.0,-0.24741678684949875,0.7448275862068966,1.0,-0.2504129186272621,0.0,4968.0,3332.5,3091.0,2503.0,3332.5,0.0,0.0,-0.24741678684949875,3477.5,0.0,0.0,,1.0,0.24547478556632996,8.0,0.001598047013373175,0.0029961189720779657,2.9961190648464253e-06,1e-06,1e-06,1.0,0.0,0.0,0.0,116.0,1.0,0.0,0.0,0.0,0.0,3332.5,0.0,2.5558383464813232,0.0,4968.0,3332.5,1.0,54.451661109924316,67.02088952064514,61.20107141033795,9.974584341049194
118,117,0.0,5.650980234146118,-6536.9711401688855,-0.3394398589152843,1.1677870750427246,-40.55543229741521,-8.102099418640137,-0.08810392022132874,-6312.875,1.9841704368591309,0.0,0.0,0.0,0.0,33.902533531188965,43.13538217544556,-40.55543229741521,8.784790515899658,7168.0,4.816884279251099,12109.07230037681,0.34146493673324585,1.375519037246704,115.07120576228627,8.102099418640137,0.08810392022132874,6312.875,78.49584098019513,4.816884279251099,12109.07230037681,0.010167837142944336,115.07120576228627,91.62732325414349,1.375519037246704,115.07120576228627,115.07120576228627,76.36576533530673,1.650413990020752,62.29186487197876,72.92462801933289,115.07120576228627,8.437559843063354,64.48706817626953,1.06732177734375,0.8842975264703923,0.0,84.0,0.0,-0.5049975365400314,0.6829268292682927,0.0,-0.8464624583721161,0.0,7168.0,7168.0,7168.0,7168.0,7168.0,0.0,0.0,-0.48287995159626007,7291.0,1.0,1.0,1.0,,0.4672326445579529,8.0,0.006506800982426333,0.34146493673324585,0.00034146493999287486,1e-06,1e-06,1.0007933378219604,0.0,0.0,0.02211759239435196,117.0,1.0007933378219604,0.08363490551710129,0.004673548974096775,8.102099418640137,6312.875,7168.0,0.08810392022132874,1.650413990020752,0.0,7168.0,7168.0,0.0,62.29186487197876,72.92462801933289,115.07120576228627,8.437559843063354,7168.0,10.467864513397217,5572.101160207925,0.0020250778179615736,2.5433061122894287,74.51577346487106,0.0,0.0,0.0,36.120584281558166,10.467864513397217,5572.101160207925,0.003559589385986328,74.51577346487106,49.55562637899609,2.5433061122894287,74.51577346487106,74.51577346487106,34.67662672407011,3.634584426879883,96.19439840316772,116.06001019477844,74.51577346487106,17.222350358963013,98.83765983581543,1.011268138885498,0.8516082298281769,0.0,84.0,0.0,-0.3465755879878998,0.6829268292682927,0.0,-0.3486006408929825,0.0,7168.0,7168.0,7168.0,7168.0,7168.0,0.0,0.0,-0.3465755879878998,7291.0,1.0,1.0,1.0,,0.3475878834724426,8.0,0.0008936358989040299,0.0020250778179615736,2.0250779471098213e-06,1e-06,1e-06,1.0,0.0,0.0,0.0,117.0,1.0,0.0,0.0,0.0,0.0,7168.0,0.0,3.634584426879883,0.0,7168.0,7168.0,0.0,96.19439840316772,116.06001019477844,74.51577346487106,17.222350358963013
119,118,0.0,5.407783269882202,-6137.078185184658,-0.31657662987709045,1.214552640914917,-13.561423163982695,-10.62093734741211,-0.076499804854393,-5296.125,2.06843900680542,0.0,0.0,0.0,0.0,14.756812810897827,23.9434814453125,-13.561423163982695,8.616164207458496,7168.0,4.980708837509155,11789.48658026069,0.31812629103660583,1.362847089767456,88.22595329044478,10.62093734741211,0.076499804854393,5296.125,76.48804607565052,4.980708837509155,11789.48658026069,0.0031175613403320312,88.22595329044478,93.17863315044987,1.362847089767456,88.22595329044478,88.22595329044478,81.87663407419276,1.5509703159332275,81.24593424797058,92.17599081993103,88.22595329044478,8.574520587921143,83.60147023200989,1.182992935180664,0.9069766377160864,0.0,120.0,0.0,-0.32560594379901886,0.6976744186046512,0.0,-0.6437322497367859,0.0,7168.0,7168.0,7168.0,7168.0,7168.0,0.0,0.0,-0.30047911405563354,7340.0,1.0,1.0,1.0,,0.2902585566043854,8.0,0.005541495779361592,0.31812629103660583,0.00031812628731131554,1e-06,1e-06,0.9973885416984558,0.0,0.0,0.025126831606030464,118.0,0.9973885416984558,0.06826555728912354,0.004481724463403225,10.62093734741211,5296.125,7168.0,0.076499804854393,1.5509703159332275,0.0,7168.0,7168.0,0.0,81.24593424797058,92.17599081993103,88.22595329044478,8.574520587921143,7168.0,10.388492107391357,5652.408395076031,0.0015496611595153809,2.577399730682373,74.66453012646208,0.0,0.0,0.0,36.6717982855034,10.388492107391357,5652.408395076031,0.003374338150024414,74.66453012646208,49.26990078639434,2.577399730682373,74.66453012646208,74.66453012646208,35.08534616955498,3.6194093227386475,96.00274705886841,116.11947226524353,74.66453012646208,17.19068479537964,98.92878746986389,1.2252824306488037,0.8519569159243837,0.0,120.0,0.0,-0.22080907970666885,0.6976744186046512,0.0,-0.22235875576734543,0.0,7168.0,7168.0,7168.0,7168.0,7168.0,0.0,0.0,-0.22080907970666885,7340.0,1.0,1.0,1.0,,0.2212163507938385,8.0,0.0008672350214019177,0.0015496611595153809,1.5496613059440278e-06,1e-06,1e-06,1.0,0.0,0.0,0.0,118.0,1.0,0.0,0.0,0.0,0.0,7168.0,0.0,3.6194093227386475,0.0,7168.0,7168.0,0.0,96.00274705886841,116.11947226524353,74.66453012646208,17.19068479537964
120,119,-76.5,5.037193536758423,-5600.089097559669,-0.30413567926734686,1.1818623542785645,-8.32791827302637,-10.726896286010742,-0.08766847848892212,-6129.375,2.1386585235595703,0.0,0.0,-76.5,0.125,9.349082469940186,18.159038066864014,-9.13743378441923,8.213496208190918,7168.0,5.260419607162476,11326.853074395756,0.30624639987945557,1.353151559829712,84.17899259543175,10.726896286010742,0.08766847848892212,6129.375,73.62185118606685,5.260419607162476,11326.853074395756,0.005292415618896484,84.17899259543175,95.40242719091562,1.353151559829712,84.17899259543175,84.17899259543175,83.3177521551809,1.5494170188903809,85.1518862247467,96.32831835746765,84.17899259543175,8.855468273162842,87.47285008430481,1.1845779418945312,0.9080699380601578,0.0,204.0,0.0,-0.41887393593788147,0.7285714285714285,0.0,-0.7251203656196594,0.0,7168.0,7168.0,7168.0,7168.0,7168.0,0.0,0.0,-0.3927927017211914,7448.0,1.0,1.0,1.0,,0.3837668299674988,8.0,0.006475778663999225,0.30624639987945557,0.0003062463947571814,1e-06,1e-06,0.9981231093406677,0.0,0.0,0.026081237941980362,119.0,0.9981231093406677,0.08038955181837082,0.00537109375,10.726896286010742,6129.375,7168.0,0.08766847848892212,1.5494170188903809,0.0,7168.0,7168.0,0.0,85.1518862247467,96.32831835746765,84.17899259543175,8.855468273162842,7091.5,10.297613143920898,5726.763976836087,0.0021107206121087074,2.5350139141082764,75.85107432240538,0.0,0.0,0.0,37.17767345328319,10.297613143920898,5726.763976836087,0.004212856292724609,75.04155881101252,50.340459892846695,2.5350139141082764,75.85107432240538,75.85107432240538,34.60172244362529,3.688075542449951,94.50096869468689,114.48735642433167,75.04155881101252,17.06896448135376,97.4183919429779,1.1977789402008057,0.850909611205538,-3.3527612686157227e-08,204.0,0.0,-0.3141879588365555,0.7285714285714285,0.125,-0.3162986636161804,0.0,7168.0,7091.5,7168.0,6556.0,7091.5,-3.3527612686157227e-08,3.725290298461914e-09,-0.3141879588365555,7371.5,0.875,0.875,,,0.3149340748786926,8.0,0.8659501398128394,0.0021107206121087074,2.1420419216156006e-06,1e-06,1e-06,1.0,0.0,3.3527612686157227e-08,0.0,119.0,1.0,0.0,0.0,0.0,0.0,7091.5,0.0,3.688075542449951,0.0,7168.0,7091.5,0.125,94.50096869468689,114.48735642433167,75.04155881101252,17.06896448135376
121,120,0.0,5.277397155761719,-6074.555495712974,-0.3323709541000426,1.146895408630371,-2.7440774284522575,-10.797887802124023,-0.09030089527368546,-6362.375,1.9042179584503174,0.0,0.0,0.0,0.0,3.2418432235717773,12.594741106033325,-2.7440774284522575,8.313652753829956,7168.0,4.945379972457886,11766.942140762987,0.3347506523132324,1.3843214511871338,79.27761369807564,10.797887802124023,0.09030089527368546,6362.375,76.2558940919615,4.945379972457886,11766.942140762987,0.00475764274597168,79.27761369807564,90.80606991024595,1.3843214511871338,79.27761369807564,79.27761369807564,75.1397251825448,1.6729471683502197,90.41644501686096,101.13361024856567,79.27761369807564,8.63645601272583,92.49715423583984,1.0230042934417725,0.9146035033111228,0.0,72.0,0.0,-0.43416261672973633,0.6792452830188679,0.0,-0.7689132392406464,0.0,7168.0,7168.0,7168.0,7168.0,7168.0,0.0,0.0,-0.4100087881088257,7274.0,1.0,1.0,1.0,,0.39522331953048706,8.0,0.00790193337854257,0.3347506523132324,0.0003347506280988455,1e-06,1e-06,1.0003210306167603,0.0,0.0,0.024153821170330048,120.0,1.0003210306167603,0.08342142403125763,0.0053536556661129,10.797887802124023,6362.375,7168.0,0.09030089527368546,1.6729471683502197,0.0,7168.0,7168.0,0.0,90.41644501686096,101.13361024856567,79.27761369807564,8.63645601272583,7168.0,10.222777128219604,5692.386645050013,0.0023796982131898403,2.531216859817505,76.53353626962338,0.0,0.0,0.0,36.88962076491382,10.222777128219604,5692.386645050013,0.003292560577392578,76.53353626962338,49.661801985553716,2.531216859817505,76.53353626962338,76.53353626962338,35.14089677687985,3.577165126800537,93.65828824043274,113.728351354599,76.53353626962338,16.950108766555786,96.77824258804321,1.1913402080535889,0.8509596897812557,0.0,72.0,0.0,-0.3758639991283417,0.6792452830188679,0.0,-0.37824369966983795,0.0,7168.0,7168.0,7168.0,7168.0,7168.0,0.0,0.0,-0.3758639991283417,7274.0,1.0,1.0,1.0,,0.3777940273284912,8.0,0.0009343492707041209,0.0023796982131898403,2.379698571530753e-06,1e-06,1e-06,1.0,0.0,0.0,0.0,120.0,1.0,0.0,0.0,0.0,0.0,7168.0,0.0,3.577165126800537,0.0,7168.0,7168.0,0.0,93.65828824043274,113.728351354599,76.53353626962338,16.950108766555786
122,121,-290.125,4.802433729171753,-5907.816714102737,-0.23576276609674096,1.0346660614013672,-5.945483283508821,-11.124449729919434,-0.05379908159375191,-4363.5,1.881868600845337,0.0,0.0,-290.125,0.5,6.60701322555542,15.123382806777954,-9.078089445492125,7.759251594543457,7168.0,5.025853872299194,11607.181880382215,0.23834729194641113,1.4166107177734375,83.34150558112638,11.124449729919434,0.05379908159375191,4363.5,75.2436705685325,5.025853872299194,11607.181880382215,0.006444454193115234,83.34150558112638,88.9832067361559,1.4166107177734375,83.34150558112638,83.34150558112638,79.87223786519637,1.578202486038208,86.00756549835205,97.03443646430969,83.34150558112638,8.60575532913208,88.42868113517761,1.2093532085418701,0.9113123583471588,0.0,84.0,0.0,-0.21396730095148087,0.6774193548387096,0.0,-0.4523145705461502,0.0,7168.0,7168.0,7168.0,7168.0,7168.0,0.0,0.0,-0.1964200884103775,7292.0,1.0,1.0,1.0,,0.19797223806381226,8.0,0.0038523284170239535,0.23834729194641113,0.00023834728926885873,1e-06,1e-06,1.000059723854065,0.0,0.0,0.017547212541103363,121.0,1.000059723854065,0.04867195338010788,0.004080635961145163,11.124449729919434,4363.5,7168.0,0.05379908159375191,1.578202486038208,0.0,7168.0,7168.0,0.0,86.00756549835205,97.03443646430969,83.34150558112638,8.60575532913208,6877.875,9.828287601470947,5699.365166279478,0.0025845258496701717,2.4512767791748047,77.39602229761756,0.0,0.0,0.0,36.77841624012843,9.828287601470947,5699.365166279478,0.003285646438598633,74.26341613563426,49.153819947425724,2.4512767791748047,77.39602229761756,77.39602229761756,34.82287340905123,3.460071086883545,92.61457872390747,112.15781927108765,74.26341613563426,16.365006923675537,95.79281234741211,1.2197136878967285,0.8540894693742128,1.1175870895385742e-08,84.0,0.0,-0.29914848506450653,0.6774193548387096,0.5,-0.30173303186893463,0.0,7168.0,6877.875,7074.0,6013.0,6877.875,1.1175870895385742e-08,0.0,-0.29914848506450653,7001.875,0.5,0.5,,,0.2990645170211792,8.0,0.9992262111501576,0.0025845258496701717,2.5816261768341064e-06,1e-06,1e-06,1.0,0.0,-1.1175870895385742e-08,0.0,121.0,1.0,0.0,0.0,0.0,0.0,6877.875,0.0,3.460071086883545,0.0,7168.0,6877.875,0.5,92.61457872390747,112.15781927108765,74.26341613563426,16.365006923675537
123,122,-906.625,4.580731391906738,-6637.029648378423,-0.29193278308957815,1.009568214416504,1.775628787372483,-10.851188659667969,-0.0742780864238739,-5445.25,2.1152117252349854,0.0,0.0,-906.625,0.625,-2.191793441772461,6.061605453491211,-7.9757186386129035,7.508678197860718,7168.0,4.8206257820129395,12038.2710926314,0.2948915362358093,1.3944091796875,75.32091978503975,10.851188659667969,0.0742780864238739,5445.25,77.98761983584455,4.8206257820129395,12038.2710926314,0.0030584335327148438,75.32091978503975,89.87059091286,1.3944091796875,75.32091978503975,75.32091978503975,89.30666145138747,1.4032142162322998,95.16612410545349,105.75478076934814,75.32091978503975,8.391848802566528,97.36293196678162,1.0092244148254395,0.9206480431284785,0.0,60.0,0.0,-0.3603365421295166,0.6976744186046512,0.0,-0.6552280783653259,0.0,7168.0,7168.0,7168.0,7168.0,7168.0,0.0,0.0,-0.3398105055093765,7254.0,1.0,1.0,1.0,,0.33392906188964844,8.0,0.004924049072900409,0.2948915362358093,0.0002948915644083172,1e-06,1e-06,1.000405192375183,0.0,0.0,0.020526010543107986,122.0,1.000405192375183,0.0688139796257019,0.0047607421875,10.851188659667969,5445.25,7168.0,0.0742780864238739,1.4032142162322998,0.0,7168.0,7168.0,0.0,95.16612410545349,105.75478076934814,75.32091978503975,8.391848802566528,6261.375,9.401357173919678,5401.241444252976,0.0029587531462311745,2.403977394104004,77.09654857241223,0.0,0.0,0.0,34.530229621088274,9.401357173919678,5401.241444252976,0.008154153823852539,67.34520114642685,45.0130441827368,2.403977394104004,77.09654857241223,77.09654857241223,30.75532708526392,3.518425941467285,92.97433066368103,111.81638622283936,67.34520114642685,15.900527000427246,95.91585922241211,1.23128342628479,0.8577978815310753,-4.470348358154297e-08,60.0,0.0,-0.27834904938936234,0.6976744186046512,0.625,-0.2813078388571739,0.0,7168.0,6261.375,6426.5,4420.0,6261.375,-4.470348358154297e-08,-1.4901161193847656e-08,-0.27834904938936234,6347.375,0.375,0.375,,,0.2802745997905731,8.0,0.8979244591772366,0.0029587531462311745,2.995133399963379e-06,1e-06,1e-06,1.0,0.0,4.470348358154297e-08,0.0,122.0,1.0,0.0,0.0,0.0,0.0,6261.375,0.0,3.518425941467285,0.0,7168.0,6261.375,0.625,92.97433066368103,111.81638622283936,67.34520114642685,15.900527000427246
124,123,-3751.0,0.6003320217132568,-6889.0126685150135,-0.3143034754320979,0.12383008003234863,16.996498210172533,-7.083880424499512,-0.09054208546876907,-6425.25,0.9299755096435547,0.0,-3004.0,-3751.0,1.0,-47.08977150917053,-44.93140244483948,-0.294116461036495,1.6088488101959229,7168.0,4.809886693954468,12098.41389260611,0.31850379705429077,1.401646614074707,79.38652654339423,7.083880424499512,0.09054208546876907,6425.25,78.40400313343137,4.809886693954468,12098.41389260611,0.005938053131103516,79.38652654339423,89.68365436229135,1.401646614074707,79.38652654339423,79.38652654339423,78.58829920907229,1.5995357036590576,90.29239988327026,101.20307755470276,79.38652654339423,8.443603754043579,92.75947380065918,1.2963953018188477,0.9165677175234161,0.0,72.0,0.0,-0.5136619508266449,0.6792452830188679,0.0,-0.8321657776832581,0.0,7168.0,7168.0,7168.0,7168.0,7168.0,0.0,0.0,-0.4908246546983719,7274.0,1.0,1.0,1.0,,0.47860926389694214,8.0,0.005930245356075055,0.31850379705429077,0.0003185038222000003,1e-06,1e-06,1.001448631286621,0.0,0.0,0.022837303578853607,123.0,1.001448631286621,0.08702658116817474,0.004970005713403225,7.083880424499512,6425.25,7168.0,0.09054208546876907,1.5995357036590576,0.0,7168.0,7168.0,0.0,90.29239988327026,101.20307755470276,79.38652654339423,8.443603754043579,3417.0,5.410218715667725,5209.401224091096,0.00420032162219286,1.5254766941070557,96.38302475356676,0.0,0.0,0.0,31.627788253913014,5.410218715667725,5209.401224091096,0.0029926300048828125,79.09241008235773,37.390116066125344,1.5254766941070557,96.38302475356676,96.38302475356676,22.548921842636016,2.5295112133026123,43.20262837409973,56.27167510986328,79.09241008235773,10.052452564239502,46.21922254562378,1.1058075428009033,0.8213585690382708,0.0,72.0,0.0,-0.2689797952771187,0.6792452830188679,1.0,-0.27318011969327927,0.0,4164.0,3417.0,3445.5,2661.0,3417.0,0.0,0.0,-0.2689797952771187,3523.0,0.0,0.0,,1.0,0.2694232165813446,8.0,0.001431237036759892,0.00420032162219286,4.200321654934669e-06,1e-06,1e-06,1.0,0.0,0.0,0.0,123.0,1.0,0.0,0.0,0.0,0.0,3417.0,0.0,2.5295112133026123,0.0,4164.0,3417.0,1.0,43.20262837409973,56.27167510986328,79.09241008235773,10.052452564239502
125,124,-1368.375,4.074682712554932,-6745.956359980966,-0.3106664093211293,0.9884028434753418,-7.7065922714769926,-11.862577438354492,-0.09089940786361694,-6137.875,2.019591808319092,0.0,0.0,-1368.375,0.75,9.043245792388916,16.76500630378723,-21.90933575164754,6.818151235580444,7168.0,4.839688777923584,12071.850625292931,0.3126477003097534,1.3833086490631104,82.10525145909912,11.862577438354492,0.09089940786361694,6137.875,78.27057582346984,4.839688777923584,12071.850625292931,0.003915309906005859,82.10525145909912,91.2799968662144,1.3833086490631104,82.10525145909912,82.10525145909912,86.71783315778634,1.4560835361480713,87.30257654190063,98.03943657875061,82.10525145909912,8.507562398910522,89.53187417984009,1.1609015464782715,0.9132230590485209,0.0,96.0,0.0,-0.40272076427936554,0.7111111111111111,0.0,-0.7153684198856354,0.0,7168.0,7168.0,7168.0,7168.0,7168.0,0.0,0.0,-0.37400589883327484,7303.0,1.0,1.0,1.0,,0.36445480585098267,8.0,0.007399807975092432,0.3126477003097534,0.00031264772405847907,1e-06,1e-06,0.9991801381111145,0.0,0.0,0.028714843094348907,124.0,0.9991801381111145,0.08286748081445694,0.006208146922290325,11.862577438354492,6137.875,7168.0,0.09089940786361694,1.4560835361480713,0.0,7168.0,7168.0,0.0,87.30257654190063,98.03943657875061,82.10525145909912,8.507562398910522,5799.625,8.914371490478516,5325.894265311965,0.001981290988624096,2.371711492538452,74.39865918762213,0.0,0.0,0.0,33.842978587628686,8.914371490478516,5325.894265311965,0.010680675506591797,60.19591570745158,42.4010093447374,2.371711492538452,74.39865918762213,74.39865918762213,28.93335861136385,3.475675344467163,96.34582233428955,114.80444288253784,60.19591570745158,15.325713634490967,99.47872924804688,1.2229769229888916,0.8665059186762356,1.862645149230957e-08,96.0,0.0,-0.22673196345567703,0.7111111111111111,0.75,-0.228713259100914,0.0,7168.0,5799.625,5699.5,4195.0,5799.625,1.862645149230957e-08,0.0,-0.22673196345567703,5934.625,0.25,0.25,,,0.22536736726760864,8.0,0.8454797462956634,0.001981290988624096,1.9706785678863525e-06,1e-06,1e-06,1.0,0.0,-1.862645149230957e-08,0.0,124.0,1.0,0.0,0.0,0.0,0.0,5799.625,0.0,3.475675344467163,0.0,7168.0,5799.625,0.75,96.34582233428955,114.80444288253784,60.19591570745158,15.325713634490967
126,125,0.0,5.117658853530884,-6040.783087207931,-0.34635452064685524,1.1091156005859375,6.17719321052715,-9.375625610351562,-0.10406917333602905,-6586.875,2.003506660461426,0.0,0.0,0.0,0.0,-8.590325355529785,0.27289319038391113,6.17719321052715,8.198882818222046,7168.0,4.934632062911987,11865.524978056366,0.34860074520111084,1.4067559242248535,68.77207865193932,9.375625610351562,0.10406917333602905,6586.875,76.95381250490385,4.934632062911987,11865.524978056366,0.010686159133911133,68.77207865193932,89.97977640394123,1.4067559242248535,68.77207865193932,68.77207865193932,77.3443356212124,1.6365721225738525,104.22834587097168,114.92128539085388,68.77207865193932,8.572613000869751,106.34867238998413,0.9965596199035645,0.9254044803648532,0.0,108.0,0.0,-0.49395959079265594,0.7152317880794702,0.0,-0.8425602912902832,0.0,7168.0,7168.0,7168.0,7168.0,7168.0,0.0,0.0,-0.46314677596092224,7319.0,1.0,1.0,1.0,,0.4476791024208069,8.0,0.00920957712632785,0.34860074520111084,0.0003486007626634091,1e-06,1e-06,0.9994906187057495,0.0,0.0,0.030812770128250122,125.0,0.9994906187057495,0.09630128741264343,0.0063302177004516125,9.375625610351562,6586.875,7168.0,0.10406917333602905,1.6365721225738525,0.0,7168.0,7168.0,0.0,104.22834587097168,114.92128539085388,68.77207865193932,8.572613000869751,7168.0,10.052290916442871,5824.741890848435,0.0022462245542556047,2.515871524810791,74.94927186246647,0.0,0.0,0.0,37.77633911577952,10.052290916442871,5824.741890848435,0.0032825469970703125,74.94927186246647,50.31241948103513,2.515871524810791,74.94927186246647,74.94927186246647,34.77385822158598,3.6400787830352783,95.6380205154419,115.1941785812378,74.94927186246647,16.771495819091797,98.422682762146,1.1098873615264893,0.8544067415067844,0.0,108.0,0.0,-0.22960660606622696,0.7152317880794702,0.0,-0.23185282200574875,0.0,7168.0,7168.0,7168.0,7168.0,7168.0,0.0,0.0,-0.22960660606622696,7319.0,1.0,1.0,1.0,,0.22891998291015625,8.0,0.0009902932587844157,0.0022462245542556047,2.246224767077365e-06,1e-06,1e-06,1.0,0.0,0.0,0.0,125.0,1.0,0.0,0.0,0.0,0.0,7168.0,0.0,3.6400787830352783,0.0,7168.0,7168.0,0.0,95.6380205154419,115.1941785812378,74.94927186246647,16.771495819091797
127,126,-642.375,4.797837018966675,-6698.597769435043,-0.40642861369997263,1.0784635543823242,3.560825802709246,-8.879776000976562,-0.1065978854894638,-6674.0,2.080137252807617,0.0,0.0,-642.375,0.625,-4.830472946166992,3.5605340003967285,-3.115019459378175,7.739171028137207,7168.0,4.790128946304321,12315.326092737752,0.4102838337421417,1.3984522819519043,70.93220216170818,8.879776000976562,0.1065978854894638,6674.0,79.94590445848235,4.790128946304321,12315.326092737752,0.003402233123779297,70.93220216170818,91.27976597827323,1.3984522819519043,70.93220216170818,70.93220216170818,91.10896581104919,1.401073932647705,101.05424308776855,111.85367202758789,70.93220216170818,8.414884090423584,103.4387879371643,1.2233009338378906,0.9247688168132011,0.0,144.0,0.0,-0.5448533594608307,0.6990291262135923,0.0,-0.9551371932029724,0.0,7168.0,7168.0,7168.0,7168.0,7168.0,0.0,0.0,-0.5163600146770477,7374.0,1.0,1.0,1.0,,0.4961663782596588,8.0,0.008655863739754585,0.4102838337421417,0.0004102838574908674,1e-06,1e-06,1.000126838684082,0.0,0.0,0.02849336341023445,126.0,1.000126838684082,0.09976852685213089,0.0070626395754516125,8.879776000976562,6674.0,7168.0,0.1065978854894638,1.401073932647705,0.0,7168.0,7168.0,0.0,101.05424308776855,111.85367202758789,70.93220216170818,8.414884090423584,6525.625,9.587965965270996,5616.728323302709,0.003855220042169094,2.4769158363342285,74.49302796441742,0.0,0.0,0.0,36.101387371575285,9.587965965270996,5616.728323302709,0.003160715103149414,67.81718270233,46.58197213649974,2.4769158363342285,74.49302796441742,74.49302796441742,33.14352917014571,3.4812111854553223,96.22377014160156,115.41420602798462,67.81718270233,16.15405511856079,99.26015090942383,1.1115622520446777,0.8600340835456262,-4.0978193283081055e-08,144.0,0.0,-0.3055639863014221,0.6990291262135923,0.625,-0.3094192147254944,0.0,7168.0,6525.625,6596.5,5655.0,6525.625,-4.0978193283081055e-08,-1.4901161193847656e-08,-0.3055639863014221,6731.625,0.375,0.375,,,0.30370381474494934,8.0,0.9916879793222334,0.003855220042169094,3.900378942489624e-06,1e-06,1e-06,1.0,0.0,4.0978193283081055e-08,0.0,126.0,1.0,0.0,0.0,0.0,0.0,6525.625,0.0,3.4812111854553223,0.0,7168.0,6525.625,0.625,96.22377014160156,115.41420602798462,67.81718270233,16.15405511856079
128,127,0.0,5.173422336578369,-5980.560461813499,-0.2537543859798461,1.1099627017974854,-20.992819040272096,-7.06040096282959,-0.06336519122123718,-5898.0,2.0955119132995605,0.0,0.0,0.0,0.0,20.22157120704651,29.44931960105896,-20.992819040272096,8.143022775650024,7168.0,4.95773983001709,11711.788434004986,0.2555100917816162,1.4021410942077637,97.3961282047324,7.06040096282959,0.06336519122123718,5898.0,75.87774575642612,4.95773983001709,11711.788434004986,0.0030701160430908203,97.3961282047324,89.43040133468024,1.4021410942077637,97.3961282047324,97.3961282047324,85.3656173192374,1.4689056873321533,73.59635472297668,84.35057139396667,97.3961282047324,8.66111969947815,75.68945169448853,1.0269906520843506,0.8973199640933595,0.0,60.0,0.0,-0.35862866044044495,0.6666666666666666,0.0,-0.6141387224197388,0.0,7168.0,7168.0,7168.0,7168.0,7168.0,0.0,0.0,-0.34353575110435486,7258.0,1.0,1.0,1.0,,0.3310278058052063,8.0,0.0042925134177945416,0.2555100917816162,0.00025551009457558393,1e-06,1e-06,0.9997236132621765,0.0,0.0,0.015092933550477028,127.0,0.9997236132621765,0.05922878533601761,0.0029645648319274187,7.06040096282959,5898.0,7168.0,0.06336519122123718,1.4689056873321533,0.0,7168.0,7168.0,0.0,73.59635472297668,84.35057139396667,97.3961282047324,8.66111969947815,7168.0,10.131162166595459,5731.2279721914865,0.001755705801770091,2.512103796005249,76.40330916446031,0.0,0.0,0.0,37.13119148254229,10.131162166595459,5731.2279721914865,0.0031342506408691406,76.40330916446031,49.91594733555587,2.512103796005249,76.40330916446031,76.40330916446031,35.179391090601925,3.564417600631714,93.8179259300232,113.79989099502563,76.40330916446031,16.804142475128174,96.99574851989746,1.1810319423675537,0.852336040674567,0.0,60.0,0.0,-0.23808038979768753,0.6666666666666666,0.0,-0.23983610421419144,0.0,7168.0,7168.0,7168.0,7168.0,7168.0,0.0,0.0,-0.23808038979768753,7258.0,1.0,1.0,1.0,,0.23678788542747498,8.0,0.0008152631887282225,0.001755705801770091,1.7557058527017944e-06,1e-06,1e-06,0.9999998807907104,0.0,0.0,0.0,127.0,0.9999998807907104,0.0,0.0,0.0,0.0,7168.0,0.0,3.564417600631714,0.0,7168.0,7168.0,0.0,93.8179259300232,113.79989099502563,76.40330916446031,16.804142475128174
129,128,-5158.75,-1.2418701648712158,-7173.014123807882,-0.32117992639541626,-0.272599458694458,14.584833006886967,-7.958263397216797,-0.08671996742486954,-6304.75,0.6026887893676758,0.0,-4961.0,-5158.75,0.875,-65.89854860305786,-66.05463409423828,4.086631054704924,-1.2078006267547607,7105.625,4.991987705230713,11571.542922566212,0.32584887742996216,1.4478850364685059,80.42360160308075,7.958263397216797,0.08671996742486954,6304.75,74.92612745453097,4.991987705230713,11571.542922566212,0.0032439231872558594,79.72376592367337,86.10957767886839,1.4478850364685059,80.42360160308075,80.42360160308075,86.65939787924934,1.4386987686157227,89.12806510925293,99.9883668422699,79.72376592367337,8.760958194732666,91.22740864753723,1.0365705490112305,0.9123802251060572,3.725290298461914e-09,84.0,0.0,-0.46036000549793243,0.7304347826086957,0.125,-0.7862089276313782,0.0,7168.0,7105.625,7168.0,6669.0,7105.625,3.725290298461914e-09,3.725290298461914e-09,-0.4375353157520294,7220.625,0.875,0.875,,,0.42838191986083984,8.0,2.67026725717323,0.32584887742996216,0.011575069278478622,1e-06,1e-06,1.0021427869796753,0.06427361071109772,0.01124921441078186,0.022824715822935104,128.0,1.0021427869796753,0.08316852152347565,0.005710609722882509,7.958263397216797,6304.75,7105.625,0.08671996742486954,1.4386987686157227,0.0,7168.0,7105.625,0.125,89.12806510925293,99.9883668422699,79.72376592367337,8.760958194732666,1946.875,3.750117540359497,4398.52879875833,0.0046689510345458984,1.1752855777740479,95.00843460996772,0.0,0.0,0.0,25.978070115407895,3.750117540359497,4398.52879875833,0.002907991409301758,83.8103969783783,27.630395609604893,1.1752855777740479,95.00843460996772,95.00843460996772,15.90761408394167,2.0413875579833984,23.22951650619507,33.933732748031616,83.8103969783783,7.553157567977905,26.38057518005371,1.1913926601409912,0.7774144794484468,0.0,84.0,0.0,-0.168943352997303,0.7304347826086957,1.0,-0.1736123040318489,0.0,2207.0,1946.875,1981.0,1606.0,1946.875,0.0,0.0,-0.168943352997303,2061.875,0.0,0.0,,1.0,0.17046034336090088,8.0,0.001789896673705261,0.0046689510345458984,4.668951078201644e-06,1e-06,1e-06,1.0,0.0,0.0,0.0,128.0,1.0,0.0,0.0,0.0,0.0,1946.875,0.0,2.0413875579833984,0.0,2207.0,1946.875,1.0,23.22951650619507,33.933732748031616,83.8103969783783,7.553157567977905
130,129,-3950.75,-0.042983055114746094,-6015.072148491067,-0.26744973193854094,0.11511921882629395,-6.266311029845269,-7.978668212890625,-0.06503176689147949,-4898.375,0.2089705467224121,0.0,-3723.0,-3950.75,0.875,-34.643187522888184,-33.64378786087036,-13.855347980246961,0.3402276039123535,7068.375,5.218784809112549,11008.501423489333,0.2697872519493103,1.3942782878875732,100.88096808080391,7.978668212890625,0.06503176689147949,4898.375,71.23981617937564,5.218784809112549,11008.501423489333,0.003070354461669922,99.47886617719759,88.8835640418614,1.3942782878875732,100.88096808080391,100.88096808080391,53.55196046346977,2.314171552658081,71.05403661727905,82.54628801345825,99.47886617719759,9.480772972106934,73.06551504135132,0.9545178413391113,0.8851459805126404,-1.1175870895385742e-08,84.0,0.0,-0.32206663489341736,0.7433628318584071,0.125,-0.5918538868427277,0.0,7168.0,7068.375,7168.0,6371.0,7068.375,-1.1175870895385742e-08,3.725290298461914e-09,-0.303452730178833,7181.375,0.875,0.875,,,0.29365575313568115,8.0,1.9095717708008138,0.2697872519493103,0.0066900551319122314,1e-06,1e-06,0.9999243021011353,0.049061618745326996,0.006420275196433067,0.01861390843987465,129.0,0.9999243021011353,0.060696594417095184,0.003967319615185261,7.978668212890625,4898.375,7068.375,0.06503176689147949,2.314171552658081,0.0,7168.0,7068.375,0.125,71.05403661727905,82.54628801345825,99.47886617719759,9.480772972106934,3117.625,5.175801753997803,4993.429274998266,0.0023375200107693672,1.5093975067138672,94.61465705095864,0.0,0.0,0.0,30.13561419478475,5.175801753997803,4993.429274998266,0.0028524398803710938,85.62351819695063,34.44552414973082,1.5093975067138672,94.61465705095864,94.61465705095864,20.606048419477283,2.523142099380493,36.41084909439087,48.90250015258789,85.62351819695063,9.821000576019287,39.0814995765686,1.0665912628173828,0.7991718103292196,0.0,84.0,0.0,-0.12033970281481743,0.7433628318584071,1.0,-0.12267721816897392,0.0,3445.0,3117.625,3032.5,2887.0,3117.625,0.0,0.0,-0.12033970281481743,3230.625,0.0,0.0,,1.0,0.12426574528217316,8.0,0.001057739344055224,0.0023375200107693672,2.337520072615007e-06,1e-06,1e-06,1.0,0.0,0.0,0.0,129.0,1.0,0.0,0.0,0.0,0.0,3117.625,0.0,2.523142099380493,0.0,3445.0,3117.625,1.0,36.41084909439087,48.90250015258789,85.62351819695063,9.821000576019287
131,130,-249.125,5.5482354164123535,-6932.343779160024,-0.25736000668257475,1.2659697532653809,-3.08739731962676,-9.365735054016113,-0.06364733725786209,-5749.375,2.2160263061523438,0.0,0.0,-249.125,0.375,3.7216286659240723,12.931936025619507,-5.714364620954683,8.752866506576538,7168.0,4.753171443939209,12512.067090664912,0.2590422034263611,1.3306784629821777,78.67235112160792,9.365735054016113,0.06364733725786209,5749.375,81.3060881361465,4.753171443939209,12512.067090664912,0.0033910274505615234,78.67235112160792,96.80820400971452,1.3306784629821777,78.67235112160792,78.67235112160792,90.75357026908804,1.41945481300354,91.11206030845642,101.7268979549408,78.67235112160792,8.381709337234497,93.3451886177063,1.1263642311096191,0.9176057708852273,0.0,192.0,0.0,-0.3498484939336777,0.7218045112781954,0.0,-0.6088906824588776,0.0,7168.0,7168.0,7168.0,7168.0,7168.0,0.0,0.0,-0.33381421864032745,7434.0,1.0,1.0,1.0,,0.31732863187789917,8.0,0.004342852527157394,0.2590422034263611,0.0002590422227513045,1e-06,1e-06,0.99974524974823,0.0,0.0,0.016034288331866264,130.0,0.99974524974823,0.05842351168394089,0.00285993330180645,9.365735054016113,5749.375,7168.0,0.06364733725786209,1.41945481300354,0.0,7168.0,7168.0,0.0,91.11206030845642,101.7268979549408,78.67235112160792,8.381709337234497,6918.875,10.301406860351562,5579.723311504888,0.001682196743786335,2.5966482162475586,75.58495380198116,0.0,0.0,0.0,36.11535349134625,10.301406860351562,5579.723311504888,0.0030908584594726562,72.95798650065323,47.75886954213781,2.5966482162475586,75.58495380198116,75.58495380198116,34.111849117617304,3.635481119155884,94.8336889743805,114.6588339805603,72.95798650065323,17.134575843811035,97.52425813674927,1.0435891151428223,0.8505603515319535,2.9802322387695312e-08,192.0,0.0,-0.19269397109746933,0.7218045112781954,0.375,-0.1943761706352234,0.0,7168.0,6918.875,7168.0,6163.0,6918.875,2.9802322387695312e-08,1.4901161193847656e-08,-0.19269397109746933,7184.875,0.625,0.625,,,0.19359561800956726,8.0,0.6838434035961841,0.001682196743786335,1.642853021621704e-06,1e-06,1e-06,1.0,0.0,-2.9802322387695312e-08,0.0,130.0,1.0,0.0,0.0,0.0,0.0,6918.875,0.0,3.635481119155884,0.0,7168.0,6918.875,0.375,94.8336889743805,114.6588339805603,72.95798650065323,17.134575843811035
132,131,0.0,5.237758636474609,-5938.866883236787,-0.31539808912202716,1.1468768119812012,-17.952718884574068,-9.542200088500977,-0.1108701229095459,-6766.625,2.0210041999816895,0.0,0.0,0.0,0.0,18.383292198181152,27.61462712287903,-17.952718884574068,8.328029870986938,7168.0,5.0796449184417725,11698.45549326878,0.3179679811000824,1.4338347911834717,93.1231727733064,9.542200088500977,0.1108701229095459,6766.625,76.01130342096961,5.0796449184417725,11698.45549326878,0.004000663757324219,93.1231727733064,89.76172000210538,1.4338347911834717,93.1231727733064,93.1231727733064,80.56959277674792,1.5974199771881104,76.97332239151001,87.87896537780762,93.1231727733064,8.751449823379517,79.1275155544281,1.0170691013336182,0.9004147376365271,0.0,192.0,0.0,-0.6058017611503601,0.7384615384615385,0.0,-0.9237697422504425,0.0,7168.0,7168.0,7168.0,7168.0,7168.0,0.0,0.0,-0.5763417631387711,7428.0,1.0,1.0,1.0,,0.5422842502593994,8.0,0.01450191370961905,0.3179679811000824,0.0003179680206812918,1e-06,1e-06,0.9997528791427612,0.0,0.0,0.0294599998742342,131.0,0.9997528791427612,0.10229060053825378,0.006138392724096775,9.542200088500977,6766.625,7168.0,0.1108701229095459,1.5974199771881104,0.0,7168.0,7168.0,0.0,76.97332239151001,87.87896537780762,93.1231727733064,8.751449823379517,7168.0,10.317403554916382,5759.588610031994,0.0025698919780552387,2.580711603164673,75.17045388873233,0.0,0.0,0.0,37.42321690833516,10.317403554916382,5759.588610031994,0.003065824508666992,75.17045388873233,49.8713133608814,2.580711603164673,75.17045388873233,75.17045388873233,35.56893021761622,3.6184241771698,95.35661458969116,115.49359250068665,75.17045388873233,17.079479694366455,98.41411280632019,1.062157392501831,0.8521175129757531,0.0,192.0,0.0,-0.46420618891716003,0.7384615384615385,0.0,-0.466776043176651,0.0,7168.0,7168.0,7168.0,7168.0,7168.0,0.0,0.0,-0.46420618891716003,7428.0,1.0,1.0,1.0,,0.46482348442077637,8.0,0.0012620028928284714,0.0025698919780552387,2.569891876191832e-06,1e-06,1e-06,0.9999998807907104,0.0,0.0,0.0,131.0,0.9999998807907104,0.0,0.0,0.0,0.0,7168.0,0.0,3.6184241771698,0.0,7168.0,7168.0,0.0,95.35661458969116,115.49359250068665,75.17045388873233,17.079479694366455
133,132,-3268.5,1.4322185516357422,-6617.8484179778425,-0.27280003298074007,0.28693485260009766,-19.810571952415117,-7.645310401916504,-0.08293792605400085,-6589.25,1.371880054473877,0.0,0.0,-3268.5,0.75,18.041370153427124,21.522377967834473,-55.999434736913884,2.828714370727539,7168.0,5.039317846298218,11646.020709551201,0.2764008343219757,1.4647395610809326,99.17473546451154,7.645310401916504,0.08293792605400085,6589.25,75.55211375595478,5.039317846298218,11646.020709551201,0.003330230712890625,99.17473546451154,86.64364307307714,1.4647395610809326,99.17473546451154,99.17473546451154,87.40444590840214,1.4519898891448975,72.2764720916748,83.4028902053833,99.17473546451154,8.794656991958618,74.60823321342468,1.2005033493041992,0.8945521315831935,0.0,120.0,0.0,-0.6476235389709473,0.7142857142857143,0.0,-0.9240244030952454,0.0,7168.0,7168.0,7168.0,7168.0,7168.0,0.0,0.0,-0.6302976310253143,7336.0,1.0,1.0,1.0,,0.6009984016418457,8.0,0.008905781893208228,0.2764008343219757,0.00027640085318125784,1e-06,1e-06,0.9994511604309082,0.0,0.0,0.01732585020363331,132.0,0.9994511604309082,0.07810449600219727,0.0027553013060241938,7.645310401916504,6589.25,7168.0,0.08293792605400085,1.4519898891448975,0.0,7168.0,7168.0,0.0,72.2764720916748,83.4028902053833,99.17473546451154,8.794656991958618,3899.5,6.47153639793396,5028.172291573359,0.0036008013412356377,1.7516744136810303,79.36416351209643,0.0,0.0,0.0,31.297801077645566,6.47153639793396,5028.172291573359,0.0028638839721679688,43.17530072759766,38.54309477974375,1.7516744136810303,79.36416351209643,79.36416351209643,23.908662331396165,2.8238699436187744,90.31784224510193,104.92526817321777,43.17530072759766,11.623371362686157,93.30189681053162,1.2623841762542725,0.8892223811761195,-7.450580596923828e-09,120.0,0.0,-0.3329872637987137,0.7142857142857143,0.75,-0.336588054895401,0.0,7168.0,3899.5,2946.0,2379.0,3899.5,-7.450580596923828e-09,0.0,-0.3329872637987137,4067.5,0.25,0.25,,,0.33827364444732666,8.0,1.1360360418968976,0.0036008013412356377,3.598630428314209e-06,1e-06,1e-06,1.0,0.0,0.0,0.0,132.0,1.0,0.0,0.0,0.0,0.0,3899.5,0.0,2.8238699436187744,0.0,7168.0,3899.5,0.75,90.31784224510193,104.92526817321777,43.17530072759766,11.623371362686157
134,133,0.0,5.111846685409546,-5919.1090389926385,-0.23779407399706542,1.1462829113006592,-22.01687934124483,-7.984210014343262,-0.0693267211318016,-6389.125,2.183816432952881,0.0,0.0,0.0,0.0,21.075872898101807,29.92342972755432,-22.01687934124483,8.136346817016602,7168.0,5.024673938751221,11737.279019274487,0.240152508020401,1.3973603248596191,98.23931897900819,7.984210014343262,0.0693267211318016,6389.125,76.19087048237992,5.024673938751221,11737.279019274487,0.0035140514373779297,98.23931897900819,91.3232076396244,1.3973603248596191,98.23931897900819,98.23931897900819,89.47951217155328,1.4261524677276611,72.96467518806458,83.84854483604431,98.23931897900819,8.713603973388672,75.13494086265564,1.079167366027832,0.8960792463312622,0.0,144.0,0.0,-0.45819950103759766,0.7058823529411765,0.0,-0.698352038860321,0.0,7168.0,7168.0,7168.0,7168.0,7168.0,0.0,0.0,-0.4427603781223297,7372.0,1.0,1.0,1.0,,0.4280986189842224,8.0,0.007544009681383837,0.240152508020401,0.00024015252711251378,1e-06,1e-06,0.9998852014541626,0.0,0.0,0.01543912012130022,133.0,0.9998852014541626,0.06470360606908798,0.0026332312263548374,7.984210014343262,6389.125,7168.0,0.0693267211318016,1.4261524677276611,0.0,7168.0,7168.0,0.0,72.96467518806458,83.84854483604431,98.23931897900819,8.713603973388672,7168.0,10.136520624160767,5818.169980281848,0.002358434023335576,2.5436432361602783,76.22243963776336,0.0,0.0,0.0,37.76781949923572,10.136520624160767,5818.169980281848,0.016199111938476562,76.22243963776336,50.1687600212214,2.5436432361602783,76.22243963776336,76.22243963776336,35.34973031775177,3.609968900680542,94.04054808616638,113.77197456359863,76.22243963776336,16.849950790405273,96.92202377319336,1.197199821472168,0.8518971754244615,0.0,144.0,0.0,-0.344083234667778,0.7058823529411765,0.0,-0.34644167125225067,0.0,7168.0,7168.0,7168.0,7168.0,7168.0,0.0,0.0,-0.344083234667778,7372.0,1.0,1.0,1.0,,0.3450899124145508,8.0,0.0009627252182012769,0.002358434023335576,2.358434130655951e-06,1e-06,1e-06,0.9999998807907104,0.0,0.0,0.0,133.0,0.9999998807907104,0.0,0.0,0.0,0.0,7168.0,0.0,3.609968900680542,0.0,7168.0,7168.0,0.0,94.04054808616638,113.77197456359863,76.22243963776336,16.849950790405273
135,134,-932.375,4.257596969604492,-6272.786672339357,-0.32376254070550203,0.931157112121582,-23.938054972697074,-5.83701229095459,-0.0668785572052002,-6432.5,1.940258264541626,0.0,0.0,-932.375,0.875,22.353413105010986,30.26835799217224,-33.8833461945449,7.017768383026123,7168.0,4.934165000915527,11790.444784316196,0.3277055025100708,1.3826539516448975,100.39639789073459,5.83701229095459,0.0668785572052002,6432.5,76.40559556626756,4.934165000915527,11790.444784316196,0.00855398178100586,100.39639789073459,90.88748370930224,1.3826539516448975,100.39639789073459,100.39639789073459,80.37796356317672,1.5634377002716064,71.39698386192322,82.21946358680725,100.39639789073459,8.550522089004517,73.66894149780273,1.1206409931182861,0.8960036746046527,0.0,72.0,0.0,-0.5580076724290848,0.6923076923076923,0.0,-0.8857132196426392,0.0,7168.0,7168.0,7168.0,7168.0,7168.0,0.0,0.0,-0.5445184707641602,7272.0,1.0,1.0,1.0,,0.5467919111251831,8.0,0.010223139930659746,0.3277055025100708,0.00032770552206784487,1e-06,1e-06,1.000367283821106,0.0,0.0,0.013489228673279285,134.0,1.000367283821106,0.06515961140394211,0.0028948101680725813,5.83701229095459,6432.5,7168.0,0.0668785572052002,1.5634377002716064,0.0,7168.0,7168.0,0.0,71.39698386192322,82.21946358680725,100.39639789073459,8.550522089004517,6235.625,9.19176197052002,5517.658111976839,0.0039429618045687675,2.3138110637664795,76.45834291803752,0.0,0.0,0.0,35.22597089301451,9.19176197052002,5517.658111976839,0.007248878479003906,66.51305169618969,46.64580508170859,2.3138110637664795,76.45834291803752,76.45834291803752,30.80449358627648,3.5036959648132324,93.7503969669342,112.48782157897949,66.51305169618969,15.56829047203064,96.91953110694885,1.2075345516204834,0.8616002136631307,0.0,72.0,0.0,-0.3085261285305023,0.6923076923076923,0.875,-0.31246909499168396,0.0,7168.0,6235.625,6043.5,5168.0,6235.625,0.0,-3.725290298461914e-09,-0.3085261285305023,6339.625,0.125,0.125,,,0.30843251943588257,8.0,0.784175887045196,0.0039429618045687675,3.933906555175781e-06,1e-06,1e-06,1.0,0.0,0.0,0.0,134.0,1.0,0.0,0.0,0.0,0.0,6235.625,0.0,3.5036959648132324,0.0,7168.0,6235.625,0.875,93.7503969669342,112.48782157897949,66.51305169618969,15.56829047203064
136,135,-5003.5,-0.7134392261505127,-7596.351547796396,-0.24956782348453999,-0.09387063980102539,12.005655389119383,-5.458112716674805,-0.047167010605335236,-6303.125,0.736405611038208,0.0,-4555.0,-5003.5,1.0,-52.86911582946777,-52.671616315841675,-5.823494275056007,-0.2798898220062256,7168.0,4.863765478134155,11915.048178316285,0.2539323568344116,1.3544199466705322,91.86852091520677,5.458112716674805,0.047167010605335236,6303.125,77.17616683697807,4.863765478134155,11915.048178316285,0.003118276596069336,91.86852091520677,92.38069697146041,1.3544199466705322,91.86852091520677,91.86852091520677,84.95112646831016,1.4728734493255615,78.02454996109009,88.84363341331482,91.86852091520677,8.468150854110718,80.3754825592041,1.1878013610839844,0.9046847756134024,0.0,48.0,0.0,-0.48762424290180206,0.631578947368421,0.0,-0.7415565550327301,0.0,7168.0,7168.0,7168.0,7168.0,7168.0,0.0,0.0,-0.47993846237659454,7244.0,1.0,1.0,1.0,,0.46868568658828735,8.0,0.004348975100713672,0.2539323568344116,0.00025393234682269394,1e-06,1e-06,1.0001707077026367,0.0,0.0,0.007685772143304348,135.0,1.0001707077026367,0.04507390409708023,0.0011858259094879031,5.458112716674805,6303.125,7168.0,0.047167010605335236,1.4728734493255615,0.0,7168.0,7168.0,0.0,78.02454996109009,88.84363341331482,91.86852091520677,8.468150854110718,2164.5,4.150326251983643,4318.696630519889,0.0043645333498716354,1.2605493068695068,103.87417630432616,0.0,0.0,0.0,25.597156990632335,4.150326251983643,4318.696630519889,0.0032749176025390625,86.04502664015077,28.09266088876752,1.2605493068695068,103.87417630432616,103.87417630432616,16.02884164648046,2.2092790603637695,25.155434131622314,36.172017097473145,86.04502664015077,8.188261032104492,27.983756065368652,1.1002976894378662,0.7736299579302008,0.0,48.0,0.0,-0.1294359154999256,0.631578947368421,1.0,-0.1338004395365715,0.0,2613.0,2164.5,2163.5,1769.0,2164.5,0.0,0.0,-0.1294359154999256,2240.5,0.0,0.0,,1.0,0.12562410533428192,8.0,0.0014256998840211598,0.0043645333498716354,4.364534106571227e-06,1e-06,1e-06,1.0,0.0,0.0,0.0,135.0,1.0,0.0,0.0,0.0,0.0,2164.5,0.0,2.2092790603637695,0.0,2613.0,2164.5,1.0,25.155434131622314,36.172017097473145,86.04502664015077,8.188261032104492
137,136,0.0,5.281905889511108,-6043.118083018739,-0.17627774295397103,1.2013335227966309,1.004530430281406,-4.969911575317383,-0.04035601019859314,-4928.25,2.1416144371032715,0.0,0.0,0.0,0.0,-1.1884615421295166,7.672228813171387,1.004530430281406,8.415457487106323,7168.0,4.976484775543213,11736.798691125186,0.1780107617378235,1.3518502712249756,77.3366942995922,4.969911575317383,0.04035601019859314,4928.25,76.095594781897,4.976484775543213,11736.798691125186,0.0030846595764160156,77.3366942995922,93.37537274619137,1.3518502712249756,77.3366942995922,77.3366942995922,87.4400850350061,1.4436116218566895,92.68562698364258,103.63924551010132,77.3366942995922,8.582798480987549,95.05644702911377,1.190155029296875,0.9171858262886426,0.0,96.0,0.0,-0.27660518884658813,0.7218045112781954,0.0,-0.4546159356832504,0.0,7168.0,7168.0,7168.0,7168.0,7168.0,0.0,0.0,-0.26844628155231476,7301.0,1.0,1.0,1.0,,0.26294898986816406,8.0,0.0018936604832462485,0.1780107617378235,0.00017801077046897262,1e-06,1e-06,0.9996267557144165,0.0,0.0,0.008158903568983078,136.0,0.9996267557144165,0.03824841231107712,0.0012381416745483875,4.969911575317383,4928.25,7168.0,0.04035601019859314,1.4436116218566895,0.0,7168.0,7168.0,0.0,92.68562698364258,103.63924551010132,77.3366942995922,8.582798480987549,7168.0,10.258390665054321,5693.680608106448,0.001733018783852458,2.5531837940216064,78.3412247298736,0.0,0.0,0.0,36.915007556500655,10.258390665054321,5693.680608106448,0.003230571746826172,78.3412247298736,49.440045510332645,2.5531837940216064,78.3412247298736,78.3412247298736,35.20824653642341,3.585226058959961,91.49716544151306,111.3114743232727,78.3412247298736,16.998255968093872,94.31321835517883,1.1537184715270996,0.847291071550025,0.0,96.0,0.0,-0.1772487387061119,0.7218045112781954,0.0,-0.17898177355527878,0.0,7168.0,7168.0,7168.0,7168.0,7168.0,0.0,0.0,-0.1772487387061119,7301.0,1.0,1.0,1.0,,0.17529401183128357,8.0,0.0007656298823860102,0.001733018783852458,1.7330189621134195e-06,1e-06,1e-06,1.0,0.0,0.0,0.0,136.0,1.0,0.0,0.0,0.0,0.0,7168.0,0.0,3.585226058959961,0.0,7168.0,7168.0,0.0,91.49716544151306,111.3114743232727,78.3412247298736,16.998255968093872
138,137,0.0,5.372650861740112,-6386.855330026935,-0.32655346556566656,1.1443800926208496,-0.5722287894634093,-4.573053359985352,-0.061816491186618805,-6706.125,2.1617281436920166,0.0,0.0,0.0,0.0,0.7339606285095215,9.543110847473145,-0.5722287894634093,8.46527647972107,7168.0,4.812226295471191,12107.493792391377,0.3296965956687927,1.3774504661560059,75.04290512988969,4.573053359985352,0.061816491186618805,6706.125,78.47489652561472,4.812226295471191,12107.493792391377,0.003178834915161133,75.04290512988969,91.38597475881303,1.3774504661560059,75.04290512988969,75.04290512988969,86.13707313453182,1.4613876342773438,95.51869010925293,106.32302474975586,75.04290512988969,8.415512800216675,97.90751194953918,1.1980884075164795,0.9208495730814318,0.0,84.0,0.0,-0.5334891527891159,0.7304347826086957,0.0,-0.863185703754425,0.0,7168.0,7168.0,7168.0,7168.0,7168.0,0.0,0.0,-0.5228420495986938,7283.0,1.0,1.0,1.0,,0.5311787128448486,8.0,0.004263706903479214,0.3296965956687927,0.00032969663152471185,1e-06,1e-06,0.9996144771575928,0.0,0.0,0.010647090151906013,137.0,0.9996144771575928,0.06053057312965393,0.0023018973879516125,4.573053359985352,6706.125,7168.0,0.061816491186618805,1.4613876342773438,0.0,7168.0,7168.0,0.0,95.51869010925293,106.32302474975586,75.04290512988969,8.415512800216675,7168.0,10.184877157211304,5720.638462364442,0.0031431301031261683,2.5218305587768555,74.47067634042628,0.0,0.0,0.0,37.078401120190286,10.184877157211304,5720.638462364442,0.003406047821044922,74.47067634042628,49.9159838846201,2.5218305587768555,74.47067634042628,74.47067634042628,34.74348081755188,3.6231157779693604,96.25265073776245,115.866135597229,74.47067634042628,16.880789279937744,98.98534631729126,1.0735135078430176,0.854307825207718,0.0,84.0,0.0,-0.28804731369018555,0.7304347826086957,0.0,-0.291190430521965,0.0,7168.0,7168.0,7168.0,7168.0,7168.0,0.0,0.0,-0.28804731369018555,7283.0,1.0,1.0,1.0,,0.2856830954551697,8.0,0.00092100310192652,0.0031431301031261683,3.1431304705620278e-06,1e-06,1e-06,1.0,0.0,0.0,0.0,137.0,1.0,0.0,0.0,0.0,0.0,7168.0,0.0,3.6231157779693604,0.0,7168.0,7168.0,0.0,96.25265073776245,115.866135597229,74.47067634042628,16.880789279937744
139,138,-2856.75,1.2065784931182861,-5828.572066051554,-0.295851725153625,0.351529598236084,-2.852133813693129,-6.844122886657715,-0.05416427180171013,-6620.75,1.218189001083374,0.0,-1514.0,-2856.75,1.0,-15.888247013092041,-12.657859086990356,-21.780858386404837,2.6649961471557617,7168.0,5.079054117202759,11422.59929924743,0.3003447949886322,1.3851613998413086,82.55647843042148,6.844122886657715,0.05416427180171013,6620.75,73.99658224891887,5.079054117202759,11422.59929924743,0.0037679672241210938,82.55647843042148,90.44256401537066,1.3851613998413086,82.55647843042148,82.55647843042148,78.50481583986551,1.595794439315796,86.82540893554688,97.78817009925842,82.55647843042148,8.762809038162231,89.02536106109619,1.110388994216919,0.9103898863301392,0.0,60.0,0.0,-0.5325790345668793,0.7142857142857143,0.0,-0.8329238593578339,0.0,7168.0,7168.0,7168.0,7168.0,7168.0,0.0,0.0,-0.5238141417503357,7252.0,1.0,1.0,1.0,,0.5198851227760315,8.0,0.002589164561045239,0.3003447949886322,0.0003003448073286563,1e-06,1e-06,0.9998160600662231,0.0,0.0,0.008764904923737049,138.0,0.9998160600662231,0.05223160609602928,0.0009940011659637094,6.844122886657715,6620.75,7168.0,0.05416427180171013,1.595794439315796,0.0,7168.0,7168.0,0.0,86.82540893554688,97.78817009925842,82.55647843042148,8.762809038162231,4311.25,6.285632610321045,5594.027233195875,0.004493069835007191,1.7366909980773926,79.70434461672835,0.0,0.0,0.0,34.55306278489396,6.285632610321045,5594.027233195875,0.009435176849365234,60.77562004401664,41.68614498638278,1.7366909980773926,79.70434461672835,79.70434461672835,25.727213494948806,2.81398344039917,70.93716192245483,85.13031101226807,60.77562004401664,11.427805185317993,73.70250582695007,1.0783543586730957,0.8657610309485285,0.0,60.0,0.0,-0.3013448417186737,0.7142857142857143,1.0,-0.30583788454532623,0.0,5654.0,4311.25,4157.5,3233.0,4311.25,0.0,0.0,-0.3013448417186737,4395.25,0.0,0.0,,1.0,0.30406689643859863,8.0,0.0011246600891120168,0.004493069835007191,4.49307026428869e-06,1e-06,1e-06,1.0,0.0,0.0,0.0,138.0,1.0,0.0,0.0,0.0,0.0,4311.25,0.0,2.81398344039917,0.0,5654.0,4311.25,1.0,70.93716192245483,85.13031101226807,60.77562004401664,11.427805185317993
140,139,-2028.0,2.9999890327453613,-6384.319832493969,-0.29056208580732346,0.7178819179534912,-6.393566940186446,-4.3803324699401855,-0.0504215806722641,-6325.5,1.7277953624725342,0.0,0.0,-2028.0,0.75,6.781595945358276,12.498324871063232,-28.764818889217395,5.214303493499756,7168.0,4.996208429336548,11608.803119469114,0.29314160346984863,1.3879773616790771,85.46513201447335,4.3803324699401855,0.0504215806722641,6325.5,75.20025895514767,4.996208429336548,11608.803119469114,0.003267049789428711,85.46513201447335,90.23109887649395,1.3879773616790771,85.46513201447335,85.46513201447335,82.84944750739174,1.5116422176361084,83.87046074867249,94.73278832435608,85.46513201447335,8.682803630828857,86.04998469352722,1.0841357707977295,0.9083442619560635,0.0,60.0,0.0,-0.4653811603784561,0.7317073170731707,0.0,-0.7585227489471436,0.0,7168.0,7168.0,7168.0,7168.0,7168.0,0.0,0.0,-0.4577646553516388,7250.0,1.0,1.0,1.0,,0.4549018144607544,8.0,0.003091432052679776,0.29314160346984863,0.0002931416092906147,1e-06,1e-06,1.0002071857452393,0.0,0.0,0.007616498041898012,139.0,1.0002071857452393,0.048803530633449554,0.0009591239504516125,4.3803324699401855,6325.5,7168.0,0.0504215806722641,1.5116422176361084,0.0,7168.0,7168.0,0.0,83.87046074867249,94.73278832435608,85.46513201447335,8.682803630828857,5140.0,7.996197462081909,5224.483286975144,0.002579517662525177,2.1058592796325684,79.07156507428691,0.0,0.0,0.0,32.84232266398,7.996197462081909,5224.483286975144,0.0031087398529052734,56.70031312525596,41.5687315346815,2.1058592796325684,79.07156507428691,79.07156507428691,27.02256082425524,3.2394375801086426,90.65205669403076,107.23111319541931,56.70031312525596,13.897107124328613,93.3340060710907,1.05161452293396,0.8704004210139799,3.3527612686157227e-08,60.0,0.0,-0.22473140060901642,0.7317073170731707,0.75,-0.2273109033703804,0.0,7168.0,5140.0,4804.5,3698.0,5140.0,3.3527612686157227e-08,0.0,-0.22473140060901642,5222.0,0.125,0.125,,,0.22525256872177124,8.0,0.9428423299802442,0.002579517662525177,2.5741755962371826e-06,1e-06,1e-06,1.0,0.0,-3.3527612686157227e-08,0.0,139.0,1.0,0.0,0.0,0.0,0.0,5140.0,0.0,3.2394375801086426,0.0,7168.0,5140.0,0.75,90.65205669403076,107.23111319541931,56.70031312525596,13.897107124328613
141,140,-253.625,4.824209690093994,-5815.989161006185,-0.2072066320106387,1.1075079441070557,-14.850706539825765,-7.317019462585449,-0.052756816148757935,-5124.625,2.094062089920044,0.0,0.0,-253.625,0.625,14.835898876190186,23.244251489639282,-17.596627422632878,7.800837278366089,7168.0,5.086321115493774,11527.388591608431,0.21153521537780762,1.4117991924285889,92.45646657121586,7.317019462585449,0.052756816148757935,5124.625,74.77357875765473,5.086321115493774,11527.388591608431,0.0034148693084716797,92.45646657121586,89.79615858396551,1.4117991924285889,92.45646657121586,92.45646657121586,88.71582534996031,1.4289913177490234,77.52837920188904,88.55270051956177,92.45646657121586,8.785814046859741,79.76688647270203,1.1620924472808838,0.9007843465494436,0.0,120.0,0.0,-0.32425618171691895,0.7453416149068323,0.0,-0.5357913374900818,0.0,7168.0,7168.0,7168.0,7168.0,7168.0,0.0,0.0,-0.31191040575504303,7329.0,1.0,1.0,1.0,,0.30224165320396423,8.0,0.004322249802779375,0.21153521537780762,0.0002115352253895253,1e-06,1e-06,0.9998988509178162,0.0,0.0,0.01234574057161808,140.0,0.9998988509178162,0.04950351268053055,0.002528599463403225,7.317019462585449,5124.625,7168.0,0.052756816148757935,1.4289913177490234,0.0,7168.0,7168.0,0.0,77.52837920188904,88.55270051956177,92.45646657121586,8.785814046859741,6914.375,9.910530805587769,5711.399430602246,0.004328583367168903,2.5193071365356445,77.60576003139009,0.0,0.0,0.0,36.89330115202233,9.910530805587769,5711.399430602246,0.003173828125,74.85983914858298,48.37734844955995,2.5193071365356445,77.60576003139009,77.60576003139009,34.59425251128533,3.5230534076690674,92.36427807807922,111.79695200920105,74.85983914858298,16.58665132522583,95.21030068397522,1.161667823791504,0.8516359254243289,-3.725290298461914e-08,120.0,0.0,-0.2933471202850342,0.7453416149068323,0.625,-0.2976757138967514,0.0,7168.0,6914.375,6959.0,6487.0,6914.375,-3.725290298461914e-08,-1.4901161193847656e-08,-0.2933471202850342,7075.375,0.375,0.375,,,0.29331088066101074,8.0,0.9435228478617268,0.004328583367168903,4.369765520095825e-06,1e-06,1e-06,1.0,0.0,3.725290298461914e-08,0.0,140.0,1.0,0.0,0.0,0.0,0.0,6914.375,0.0,3.5230534076690674,0.0,7168.0,6914.375,0.625,92.36427807807922,111.79695200920105,74.85983914858298,16.58665132522583
142,141,-478.25,4.810135841369629,-6099.93690093111,-0.22240558871999383,1.1601240634918213,-19.701315148625312,-3.6008315086364746,-0.05520451441407204,-7009.625,2.1749420166015625,0.0,0.0,-478.25,0.75,18.94490122795105,27.57515788078308,-24.841913538486835,7.877791404724121,7168.0,5.014983415603638,11664.245951042496,0.2267533838748932,1.3632938861846924,96.7484855794198,3.6008315086364746,0.05520451441407204,7009.625,75.63938841294956,5.014983415603638,11664.245951042496,0.0030815601348876953,96.7484855794198,92.74847296961916,1.3632938861846924,96.7484855794198,96.7484855794198,87.54249766716345,1.444366216659546,74.08901500701904,84.91824674606323,96.7484855794198,8.673065662384033,76.2451810836792,1.0361137390136719,0.8978657003091493,0.0,96.0,0.0,-0.5774750709533691,0.6666666666666666,0.0,-0.8042283654212952,0.0,7168.0,7168.0,7168.0,7168.0,7168.0,0.0,0.0,-0.5705956220626831,7312.0,1.0,1.0,1.0,,0.5564968585968018,8.0,0.00555703691942785,0.2267533838748932,0.00022675340005662292,1e-06,1e-06,1.0010054111480713,0.0,0.0,0.006879390217363834,141.0,1.0010054111480713,0.053822193294763565,0.0008893694030120969,3.6008315086364746,7009.625,7168.0,0.05520451441407204,1.444366216659546,0.0,7168.0,7168.0,0.0,74.08901500701904,84.91824674606323,96.7484855794198,8.673065662384033,6689.75,9.825119256973267,5564.309050111386,0.004347795154899359,2.5234179496765137,77.0471704307945,0.0,0.0,0.0,35.820070470608194,9.825119256973267,5564.309050111386,0.003016233444213867,71.90657204093297,46.48938743474607,2.5234179496765137,77.0471704307945,77.0471704307945,32.41286653737201,3.6193082332611084,93.03391623497009,112.49340462684631,71.90657204093297,16.550857067108154,95.94254755973816,1.2030839920043945,0.85287264509409,7.450580596923828e-09,96.0,0.0,-0.3378017544746399,0.6666666666666666,0.75,-0.342149555683136,0.0,7168.0,6689.75,7060.0,5566.0,6689.75,7.450580596923828e-09,0.0,-0.3378017544746399,6833.75,0.25,0.25,,,0.3344329595565796,8.0,0.8824933580791603,0.004347795154899359,4.33996319770813e-06,1e-06,1e-06,1.0,0.0,-7.450580596923828e-09,0.0,141.0,1.0,0.0,0.0,0.0,0.0,6689.75,0.0,3.6193082332611084,0.0,7168.0,6689.75,0.75,93.03391623497009,112.49340462684631,71.90657204093297,16.550857067108154
143,142,-4529.625,-0.8066604137420654,-6730.412019898776,-0.2356074322015047,-0.18871378898620605,3.0126610542440346,-4.4035139083862305,-0.05256064981222153,-5990.25,0.6244487762451172,0.0,-4358.0,-4529.625,0.25,-44.74598050117493,-44.66906261444092,-16.232812619329465,-0.549314022064209,6591.375,4.870482921600342,11015.540114525516,0.24083752930164337,1.4290509223937988,99.24438310476108,4.4035139083862305,0.05256064981222153,5990.25,70.74274684236106,4.870482921600342,11015.540114525516,0.002980947494506836,91.26073461037174,80.36833745706302,1.4290509223937988,99.24438310476108,99.24438310476108,77.39040964597656,1.4840397834777832,72.22574996948242,82.96244311332703,91.26073461037174,8.592010259628296,74.37043285369873,1.0594251155853271,0.896434941677265,1.4901161193847656e-08,84.0,0.0,-0.4935937225818634,0.7304347826086957,0.75,-0.7344312965869904,0.0,7168.0,6591.375,6603.0,5810.0,6591.375,1.4901161193847656e-08,0.0,-0.4849412888288498,6706.375,0.25,0.25,,,0.47654467821121216,8.0,3.8336239303790864,0.24083752930164337,0.004433155059814453,1e-06,1e-06,0.9996386766433716,0.025272484868764877,0.0041923075914382935,0.00865243747830391,142.0,0.9996386766433716,0.05061401426792145,0.0011703292839229107,4.4035139083862305,5990.25,6591.375,0.05256064981222153,1.4840397834777832,0.0,7168.0,6591.375,0.75,72.22574996948242,82.96244311332703,91.26073461037174,8.592010259628296,2061.75,4.063822507858276,4285.128094626741,0.005230097100138664,1.2403371334075928,102.25704415900512,0.0,0.0,0.0,25.387423828977422,4.063822507858276,4285.128094626741,0.0030646324157714844,75.02792199104228,27.726328483314823,1.2403371334075928,102.25704415900512,102.25704415900512,16.310259134359054,2.1084885597229004,27.479769468307495,38.29338049888611,75.02792199104228,8.042696237564087,30.25068426132202,1.1116364002227783,0.7899716313163306,0.0,84.0,0.0,-0.2009470909833908,0.7304347826086957,1.0,-0.20617718249559402,0.0,2810.0,2061.75,1918.5,1645.0,2061.75,0.0,0.0,-0.2009470909833908,2176.75,0.0,0.0,,1.0,0.19509297609329224,8.0,0.0018196763220698477,0.005230097100138664,5.230097485764418e-06,1e-06,1e-06,1.0,0.0,0.0,0.0,142.0,1.0,0.0,0.0,0.0,0.0,2061.75,0.0,2.1084885597229004,0.0,2810.0,2061.75,1.0,27.479769468307495,38.29338049888611,75.02792199104228,8.042696237564087
144,143,-3343.625,1.132951259613037,-6389.935204020009,-0.17718124436214566,0.30196142196655273,11.266785183307192,-5.834453582763672,-0.057879649102687836,-6419.25,1.270376205444336,0.0,-1878.0,-3343.625,1.0,-34.810569047927856,-31.651394367218018,-12.363412471224336,2.4548017978668213,7168.0,5.081992149353027,11442.756755813398,0.18157784640789032,1.4449710845947266,74.02361692669487,5.834453582763672,0.057879649102687836,6419.25,74.14867710403452,5.081992149353027,11442.756755813398,0.0030059814453125,74.02361692669487,86.92745918241083,1.4449710845947266,74.02361692669487,74.02361692669487,84.67684673047845,1.4833767414093018,96.83396053314209,107.73714709281921,74.02361692669487,8.833963394165039,98.90318369865417,0.970444917678833,0.9180044800466614,0.0,72.0,0.0,-0.38036754727363586,0.7128712871287128,0.0,-0.561945378780365,0.0,7168.0,7168.0,7168.0,7168.0,7168.0,0.0,0.0,-0.37014448642730713,7269.0,1.0,1.0,1.0,,0.3618355393409729,8.0,0.00672723944811929,0.18157784640789032,0.00018157785234507173,1e-06,1e-06,1.001511573791504,0.0,0.0,0.01022304780781269,143.0,1.001511573791504,0.05529973655939102,0.0022844586055725813,5.834453582763672,6419.25,7168.0,0.057879649102687836,1.4833767414093018,0.0,7168.0,7168.0,0.0,96.83396053314209,107.73714709281921,74.02361692669487,8.833963394165039,3824.375,6.2149434089660645,5052.821551793389,0.0043966020457446575,1.7469325065612793,85.29040211000206,0.0,0.0,0.0,30.939477218277908,6.2149434089660645,5052.821551793389,0.006197690963745117,61.660204455470534,36.69042722837194,1.7469325065612793,85.29040211000206,85.29040211000206,23.275762656231738,2.7537529468536377,62.02339148521423,76.0857527256012,61.660204455470534,11.28876519203186,64.79698753356934,1.1028814315795898,0.8516310243687261,0.0,72.0,0.0,-0.26124484837055206,0.7128712871287128,1.0,-0.2656414359807968,0.0,5290.0,3824.375,3683.5,3145.0,3824.375,0.0,0.0,-0.26124484837055206,3925.375,0.0,0.0,,1.0,0.261717826128006,8.0,0.0012036146314213939,0.0043966020457446575,4.39660243500839e-06,1e-06,1e-06,0.9999999403953552,0.0,0.0,0.0,143.0,0.9999999403953552,0.0,0.0,0.0,0.0,3824.375,0.0,2.7537529468536377,0.0,5290.0,3824.375,1.0,62.02339148521423,76.0857527256012,61.660204455470534,11.28876519203186
145,144,-1019.375,4.498159646987915,-6544.026440400527,-0.1626300453208387,1.1017742156982422,-1.0387995381416175,-5.133234977722168,-0.06960085034370422,-6559.625,2.180450677871704,0.0,0.0,-1019.375,0.625,1.2512848377227783,9.446020364761353,-11.93559094627308,7.487826585769653,7168.0,4.929818153381348,11903.075970409083,0.16542378067970276,1.396200180053711,77.66241774879644,5.133234977722168,0.06960085034370422,6559.625,77.21841146803716,4.929818153381348,11903.075970409083,0.003053903579711914,77.66241774879644,90.88303431669704,1.396200180053711,77.66241774879644,77.66241774879644,87.30351002102422,1.4534456729888916,92.29689478874207,103.02571964263916,77.66241774879644,8.63199496269226,94.3937246799469,1.0183165073394775,0.916215145182837,0.0,120.0,0.0,-0.553243100643158,0.718562874251497,0.0,-0.7186668813228607,0.0,7168.0,7168.0,7168.0,7168.0,7168.0,0.0,0.0,-0.540336549282074,7335.0,1.0,1.0,1.0,,0.5111255049705505,8.0,0.0054978031530341556,0.16542378067970276,0.00016542378580197692,1e-06,1e-06,0.9991841316223145,0.0,0.0,0.012906556949019432,144.0,0.9991841316223145,0.06570340692996979,0.001220703125,5.133234977722168,6559.625,7168.0,0.06960085034370422,1.4534456729888916,0.0,7168.0,7168.0,0.0,92.29689478874207,103.02571964263916,77.66241774879644,8.63199496269226,6148.625,9.427977800369263,5359.049530008557,0.002793735358864069,2.497974395751953,76.62361821065483,0.0,0.0,0.0,34.229155604207776,9.427977800369263,5359.049530008557,0.003690958023071289,65.72682680252336,43.06312075771719,2.497974395751953,76.62361821065483,76.62361821065483,29.60199264584876,3.6338963508605957,93.54817962646484,112.47174000740051,65.72682680252336,16.119821548461914,96.3519184589386,1.1429979801177979,0.8566766945421024,-4.842877388000488e-08,120.0,0.0,-0.2786475867033005,0.718562874251497,0.625,-0.2814413160085678,0.0,7168.0,6148.625,5974.5,4972.0,6148.625,-4.842877388000488e-08,-1.4901161193847656e-08,-0.2786475867033005,6315.625,0.375,0.375,,,0.27940475940704346,8.0,0.8468917704255451,0.002793735358864069,2.853572368621826e-06,1e-06,1e-06,0.9999999403953552,0.0,4.842877388000488e-08,0.0,144.0,0.9999999403953552,0.0,0.0,0.0,0.0,6148.625,0.0,3.6338963508605957,0.0,7168.0,6148.625,0.625,93.54817962646484,112.47174000740051,65.72682680252336,16.119821548461914
146,145,-4648.625,-0.5935163497924805,-6798.237859898599,-0.13171293679624796,-0.04322242736816406,13.068345293737607,-6.010005950927734,-0.04974198713898659,-6030.25,0.6025943756103516,0.0,-3502.0,-4648.625,1.0,-46.84362316131592,-45.95039629936218,-17.6579669590853,-0.11407876014709473,7168.0,5.060180902481079,11496.822173190581,0.13574668765068054,1.411738395690918,85.17010295119756,6.010005950927734,0.04974198713898659,6030.25,74.50283355133342,5.060180902481079,11496.822173190581,0.006645679473876953,85.17010295119756,89.01503202668502,1.411738395690918,85.17010295119756,85.17010295119756,76.35599369462203,1.6457901000976562,84.1609878540039,94.97822785377502,85.17010295119756,8.75946569442749,86.21876215934753,0.9846673011779785,0.9077739615450265,0.0,72.0,0.0,-0.3765501230955124,0.6923076923076923,0.0,-0.5122967958450317,0.0,7168.0,7168.0,7168.0,7168.0,7168.0,0.0,0.0,-0.3679790645837784,7272.0,1.0,1.0,1.0,,0.3481139540672302,8.0,0.0031136704066058417,0.13574668765068054,0.00013574669719673693,1e-06,1e-06,1.0002361536026,0.0,0.0,0.008571058511734009,145.0,1.0002361536026,0.04662634804844856,0.0008021763642318547,6.010005950927734,6030.25,7168.0,0.04974198713898659,1.6457901000976562,0.0,7168.0,7168.0,0.0,84.1609878540039,94.97822785377502,85.17010295119756,8.75946569442749,2519.375,4.466664552688599,4698.584313291983,0.004033750854432583,1.368515968322754,98.23844824493517,0.0,0.0,0.0,28.076424789403486,4.466664552688599,4698.584313291983,0.016785860061645508,67.51213599211226,30.54597687711684,1.368515968322754,98.23844824493517,98.23844824493517,18.592308199952548,2.248384475708008,37.31736469268799,49.02783155441284,67.51213599211226,8.645386934280396,40.382444620132446,1.0457794666290283,0.8236636893743621,0.0,72.0,0.0,-0.17405009269714355,0.6923076923076923,1.0,-0.17808382958173752,0.0,3666.0,2519.375,2385.0,2066.0,2519.375,0.0,0.0,-0.17405009269714355,2623.375,0.0,0.0,,1.0,0.17175397276878357,8.0,0.0014932283326025654,0.004033750854432583,4.033750883536413e-06,1e-06,1e-06,0.9999999403953552,0.0,0.0,0.0,145.0,0.9999999403953552,0.0,0.0,0.0,0.0,2519.375,0.0,2.248384475708008,0.0,3666.0,2519.375,1.0,37.31736469268799,49.02783155441284,67.51213599211226,8.645386934280396
147,146,0.0,5.4542176723480225,-6333.865313123158,-0.08488208847120404,1.1985106468200684,-24.965947242957924,-2.9833102226257324,-0.032850481569767,-5600.5,2.0280823707580566,0.0,0.0,0.0,0.0,23.23069667816162,32.82421898841858,-24.965947242957924,8.607419729232788,7168.0,4.852532863616943,11969.00703866821,0.08756303042173386,1.3918449878692627,101.13537788407395,2.9833102226257324,0.032850481569767,5600.5,77.54684806604637,4.852532863616943,11969.00703866821,0.003202199935913086,101.13537788407395,90.11986056638516,1.3918449878692627,101.13537788407395,101.13537788407395,80.13384507322124,1.5652921199798584,70.87529754638672,81.52823901176453,101.13537788407395,8.469880819320679,73.05835819244385,1.0301692485809326,0.8961110785417741,0.0,60.0,0.0,-0.3331662118434906,0.6521739130434783,0.0,-0.42072926461696625,0.0,7168.0,7168.0,7168.0,7168.0,7168.0,0.0,0.0,-0.32971036434173584,7260.0,1.0,1.0,1.0,,0.3224479556083679,8.0,0.001036016435279269,0.08756303042173386,8.756303577683866e-05,1e-06,1e-06,1.000600814819336,0.0,0.0,0.003455839119851589,146.0,1.000600814819336,0.03209388628602028,0.0005580357392318547,2.9833102226257324,5600.5,7168.0,0.032850481569767,1.5652921199798584,0.0,7168.0,7168.0,0.0,70.87529754638672,81.52823901176453,101.13537788407395,8.469880819320679,7168.0,10.306750535964966,5635.1417255450515,0.0026809419505298138,2.590355634689331,76.16943064111602,0.0,0.0,0.0,36.50991914447934,10.306750535964966,5635.1417255450515,0.0030202865600585938,76.16943064111602,48.42303294460319,2.590355634689331,76.16943064111602,76.16943064111602,34.906708599426224,3.593374490737915,94.10599422454834,114.3524580001831,76.16943064111602,17.077300548553467,97.27515745162964,1.2199816703796387,0.8506608353925709,0.0,60.0,0.0,-0.2290821447968483,0.6521739130434783,0.0,-0.23176309466362,0.0,7168.0,7168.0,7168.0,7168.0,7168.0,0.0,0.0,-0.2290821447968483,7260.0,1.0,1.0,1.0,,0.2277572602033615,8.0,0.0011508611755586813,0.0026809419505298138,2.6809420887730084e-06,1e-06,1e-06,0.9999998807907104,0.0,0.0,0.0,146.0,0.9999998807907104,0.0,0.0,0.0,0.0,7168.0,0.0,3.593374490737915,0.0,7168.0,7168.0,0.0,94.10599422454834,114.3524580001831,76.16943064111602,17.077300548553467
148,147,-203.125,5.21119499206543,-6117.165439367618,-0.12377200531773269,1.2650272846221924,-2.56826051010205,-11.884204864501953,-0.0515730082988739,-6536.0,2.3333818912506104,0.0,0.0,-203.125,0.125,3.0615451335906982,12.01991319656372,-4.729595015433446,8.565428018569946,7168.0,5.0215744972229,11699.916038782623,0.12749624252319336,1.379608392715454,78.83876258623948,11.884204864501953,0.0515730082988739,6536.0,75.9121043513407,5.0215744972229,11699.916038782623,0.003901958465576172,78.83876258623948,92.10301736202871,1.379608392715454,78.83876258623948,78.83876258623948,89.73187101876334,1.4160642623901367,90.91974258422852,101.90984153747559,78.83876258623948,8.633763313293457,93.27607822418213,1.191671371459961,0.9152803774096878,0.0,120.0,0.0,-0.5441650897264481,0.6818181818181818,0.0,-0.6716613471508026,0.0,7168.0,7168.0,7168.0,7168.0,7168.0,0.0,0.0,-0.53720323741436,7344.0,1.0,1.0,1.0,,0.5196782350540161,8.0,0.001538988216079502,0.12749624252319336,0.0001274962560273707,1e-06,1e-06,1.0004128217697144,0.0,0.0,0.006961841601878405,147.0,1.0004128217697144,0.04866212606430054,0.0004185267898719758,11.884204864501953,6536.0,7168.0,0.0515730082988739,1.4160642623901367,0.0,7168.0,7168.0,0.0,90.91974258422852,101.90984153747559,78.83876258623948,8.633763313293457,6964.875,10.23276948928833,5582.750599415005,0.0037242372054606676,2.6446356773376465,76.27050207613743,0.0,0.0,0.0,36.121901427774944,10.23276948928833,5582.750599415005,0.003126382827758789,74.10916757080604,46.588281074354434,2.6446356773376465,76.27050207613743,76.27050207613743,32.860594665544106,3.749446153640747,93.98128771781921,113.9297547340393,74.10916757080604,17.199191331863403,96.7305634021759,1.0555753707885742,0.8490368791540571,-3.725290298461914e-09,120.0,0.0,-0.30765949189662933,0.6818181818181818,0.125,-0.3113837242126465,0.0,7168.0,6964.875,7168.0,5543.0,6964.875,-3.725290298461914e-09,3.725290298461914e-09,-0.30765949189662933,7140.875,0.875,0.875,,,0.311991810798645,8.0,1.0559571712362918,0.0037242372054606676,3.730878233909607e-06,1e-06,1e-06,0.9999998807907104,0.0,3.725290298461914e-09,0.0,147.0,0.9999998807907104,0.0,0.0,0.0,0.0,6964.875,0.0,3.749446153640747,0.0,7168.0,6964.875,0.125,93.98128771781921,113.9297547340393,74.10916757080604,17.199191331863403
149,148,-4945.375,-0.5955040454864502,-7666.787151376388,-0.11946236062794924,-0.0597684383392334,13.998290352569583,-2.7993264198303223,-0.03869784623384476,-5963.25,0.8102772235870361,0.0,-4624.0,-4945.375,0.875,-55.167874813079834,-54.977829933166504,-0.873965725232793,-0.15005064010620117,7106.875,4.827839374542236,11947.166325405964,0.12332184612751007,1.3749585151672363,90.02252170744282,2.7993264198303223,0.03869784623384476,5963.25,77.34390739355474,4.827839374542236,11947.166325405964,0.0036890506744384766,89.25485616065606,90.5249036913997,1.3749585151672363,90.02252170744282,90.02252170744282,86.02779491464065,1.4468345642089844,79.62451910972595,90.46923184394836,89.25485616065606,8.506293773651123,81.96293807029724,1.241016149520874,0.9059758373065028,-3.725290298461914e-09,72.0,0.0,-0.4467022866010666,0.6990291262135923,0.125,-0.570024162530899,0.0,7168.0,7106.875,7168.0,6679.0,7106.875,-3.725290298461914e-09,3.725290298461914e-09,-0.4423219710588455,7209.875,0.875,0.875,,,0.4263935089111328,8.0,0.7237010516940354,0.12332184612751007,0.0015251152217388153,1e-06,1e-06,1.0001088380813599,0.025228196755051613,0.0014017820358276367,0.004380342084914446,148.0,1.0001088380813599,0.03757692873477936,0.0002802946255542338,2.7993264198303223,5963.25,7106.875,0.03869784623384476,1.4468345642089844,0.0,7168.0,7106.875,0.125,79.62451910972595,90.46923184394836,89.25485616065606,8.506293773651123,2161.5,4.232335329055786,4280.3791740295765,0.003859485499560833,1.315190076828003,104.0208120600124,0.0,0.0,0.0,25.389351146885843,4.232335329055786,4280.3791740295765,0.002935647964477539,88.38089043542327,27.23465597204341,1.315190076828003,104.0208120600124,104.0208120600124,15.869284575945429,2.2571117877960205,24.456644296646118,35.49140191078186,88.38089043542327,8.356243133544922,27.13515877723694,1.029327392578125,0.7645558449747685,0.0,72.0,0.0,-0.1921919882297516,0.6990291262135923,1.0,-0.1960514783859253,0.0,2544.0,2161.5,2175.5,1581.0,2161.5,0.0,0.0,-0.1921919882297516,2264.5,0.0,0.0,,1.0,0.19497448205947876,8.0,0.0017842498439439795,0.003859485499560833,3.859485786961159e-06,1e-06,1e-06,1.0,0.0,0.0,0.0,148.0,1.0,0.0,0.0,0.0,0.0,2161.5,0.0,2.2571117877960205,0.0,2544.0,2161.5,1.0,24.456644296646118,35.49140191078186,88.38089043542327,8.356243133544922
150,149,0.0,5.374715089797974,-6281.61182659744,-0.0967564070597291,1.2817401885986328,1.6424043282559637,-3.295125961303711,-0.039021603763103485,-6212.625,2.289882183074951,0.0,0.0,0.0,0.0,-1.9845104217529297,7.264394998550415,1.6424043282559637,8.705428123474121,7168.0,4.89180850982666,11998.834353816494,0.09985432028770447,1.3681163787841797,76.2047419455613,3.295125961303711,0.039021603763103485,6212.625,77.84227545416267,4.89180850982666,11998.834353816494,0.0029952526092529297,76.2047419455613,92.77707447406503,1.3681163787841797,76.2047419455613,76.2047419455613,88.16628331600191,1.4396641254425049,94.06238794326782,104.67658281326294,76.2047419455613,8.480828285217285,96.19575452804565,1.015350341796875,0.918980653960145,0.0,120.0,0.0,-0.437631294131279,0.7100591715976331,0.0,-0.5374855995178223,0.0,7168.0,7168.0,7168.0,7168.0,7168.0,0.0,0.0,-0.4329099655151367,7337.0,1.0,1.0,1.0,,0.42469775676727295,8.0,0.0009454029927912265,0.09985432028770447,9.985433280235156e-05,1e-06,1e-06,1.0004184246063232,0.0,0.0,0.004721339792013168,149.0,1.0004184246063232,0.03847414627671242,0.0004534040344879031,3.295125961303711,6212.625,7168.0,0.039021603763103485,1.4396641254425049,0.0,7168.0,7168.0,0.0,94.06238794326782,104.67658281326294,76.2047419455613,8.480828285217285,7168.0,10.266523599624634,5717.2225272190535,0.0030979132279753685,2.6498565673828125,77.84714627381726,0.0,0.0,0.0,37.090403757009476,10.266523599624634,5717.2225272190535,0.014354228973388672,77.84714627381726,47.900643652200756,2.6498565673828125,77.84714627381726,77.84714627381726,34.03358603532242,3.729546308517456,92.07787752151489,111.94097781181335,77.84714627381726,17.186256408691406,94.75472140312195,1.0207879543304443,0.8464703744362173,0.0,120.0,0.0,-0.2858005315065384,0.7100591715976331,0.0,-0.28889845311641693,0.0,7168.0,7168.0,7168.0,7168.0,7168.0,0.0,0.0,-0.2858005315065384,7337.0,1.0,1.0,1.0,,0.288419246673584,8.0,0.0009841749717492102,0.0030979132279753685,3.097913577221334e-06,1e-06,1e-06,1.0,0.0,0.0,0.0,149.0,1.0,0.0,0.0,0.0,0.0,7168.0,0.0,3.729546308517456,0.0,7168.0,7168.0,0.0,92.07787752151489,111.94097781181335,77.84714627381726,17.186256408691406
151,150,0.0,5.577375411987305,-6370.8443835053595,-0.09324505622498691,1.2217485904693604,-17.616903905056304,-2.575773239135742,-0.040331531316041946,-6463.375,2.261768341064453,0.0,0.0,0.0,0.0,18.380800247192383,27.546046018600464,-17.616903905056304,8.787744283676147,7168.0,4.872913599014282,11937.00623211676,0.09621225297451019,1.3746609687805176,92.16125955264937,2.575773239135742,0.040331531316041946,6463.375,77.35403728358845,4.872913599014282,11937.00623211676,0.0031859874725341797,92.16125955264937,91.40181925541606,1.3746609687805176,92.16125955264937,92.16125955264937,89.58831403267308,1.4024877548217773,77.77671480178833,88.6984372138977,92.16125955264937,8.493191719055176,80.20524549484253,1.2682859897613525,0.904246433355148,0.0,72.0,0.0,-0.5019217133522034,0.6990291262135923,0.0,-0.5981339812278748,0.0,7168.0,7168.0,7168.0,7168.0,7168.0,0.0,0.0,-0.49757756292819977,7271.0,1.0,1.0,1.0,,0.49343323707580566,8.0,0.0009216625188646007,0.09621225297451019,9.621225763112307e-05,1e-06,1e-06,0.9998979568481445,0.0,0.0,0.004344132728874683,150.0,0.9998979568481445,0.0396428257226944,0.0003138951142318547,2.575773239135742,6463.375,7168.0,0.040331531316041946,1.4024877548217773,0.0,7168.0,7168.0,0.0,77.77671480178833,88.6984372138977,92.16125955264937,8.493191719055176,7168.0,10.450289011001587,5566.161848611401,0.002967196749523282,2.596409559249878,74.54435564759306,0.0,0.0,0.0,36.06977183320301,10.450289011001587,5566.161848611401,0.0033609867095947266,74.54435564759306,48.3924090320528,2.596409559249878,74.54435564759306,74.54435564759306,34.28977399997021,3.6642560958862305,96.15751504898071,116.24448323249817,74.54435564759306,17.280936002731323,98.96354722976685,1.0974740982055664,0.8513397322420189,0.0,72.0,0.0,-0.37345707416534424,0.6990291262135923,0.0,-0.37642425298690796,0.0,7168.0,7168.0,7168.0,7168.0,7168.0,0.0,0.0,-0.37345707416534424,7271.0,1.0,1.0,1.0,,0.37507230043411255,8.0,0.0009829538574232966,0.002967196749523282,2.9671969059563708e-06,1e-06,1e-06,1.0000001192092896,0.0,0.0,0.0,150.0,1.0000001192092896,0.0,0.0,0.0,0.0,7168.0,0.0,3.6642560958862305,0.0,7168.0,7168.0,0.0,96.15751504898071,116.24448323249817,74.54435564759306,17.280936002731323
152,151,-1158.5,4.472466707229614,-6719.280705519336,-0.07024264498613775,1.0559568405151367,-2.6435966411883953,-2.902763605117798,-0.02996397763490677,-5751.625,2.061365842819214,0.0,0.0,-1158.5,0.625,3.0335659980773926,10.888283729553223,-15.20548770172222,7.316835165023804,7168.0,4.885408163070679,11986.715960124127,0.07372694462537766,1.3617496490478516,80.36792561995966,2.902763605117798,0.02996397763490677,5751.625,77.74112174596318,4.885408163070679,11986.715960124127,0.0030002593994140625,80.36792561995966,92.96792330111431,1.3617496490478516,80.36792561995966,80.36792561995966,89.99175948532657,1.4067847728729248,89.18980979919434,100.04229259490967,80.36792561995966,8.548388242721558,91.49390435218811,1.2172117233276367,0.9145522556411656,0.0,108.0,0.0,-0.32456769049167633,0.7105263157894737,0.0,-0.3982946425676346,0.0,7168.0,7168.0,7168.0,7168.0,7168.0,0.0,0.0,-0.3208414763212204,7320.0,1.0,1.0,1.0,,0.31815117597579956,8.0,0.0008791787502533021,0.07372694462537766,7.372695108642802e-05,1e-06,1e-06,0.9997314214706421,0.0,0.0,0.0037262195255607367,151.0,0.9997314214706421,0.029153771698474884,0.00022670201724395156,2.902763605117798,5751.625,7168.0,0.02996397763490677,1.4067847728729248,0.0,7168.0,7168.0,0.0,89.18980979919434,100.04229259490967,80.36792561995966,8.548388242721558,6009.5,9.357874870300293,5267.435254604791,0.0034842996392399073,2.4177064895629883,77.72432897877127,0.0,0.0,0.0,33.583021186162455,9.357874870300293,5267.435254604791,0.009666919708251953,65.16243791823744,43.328351529766955,2.4177064895629883,77.72432897877127,77.72432897877127,30.20492714520647,3.4681506156921387,92.22337579727173,110.93057632446289,65.16243791823744,15.865223407745361,95.06535291671753,1.1574997901916504,0.8569806095540252,-3.725290298461914e-08,108.0,0.0,-0.23943457752466202,0.7105263157894737,0.625,-0.24291887134313583,0.0,7168.0,6009.5,5921.0,4639.0,6009.5,-3.725290298461914e-08,-1.4901161193847656e-08,-0.23943457752466202,6161.5,0.375,0.375,,,0.23934043943881989,8.0,0.8380077787006399,0.0034842996392399073,3.546476364135742e-06,1e-06,1e-06,1.0,0.0,3.725290298461914e-08,0.0,151.0,1.0,0.0,0.0,0.0,0.0,6009.5,0.0,3.4681506156921387,0.0,7168.0,6009.5,0.625,92.22337579727173,110.93057632446289,65.16243791823744,15.865223407745361
153,152,-5367.375,-1.4095585346221924,-7612.8432562084645,-0.10832842625677586,-0.2922539710998535,8.424646713516566,-6.140896797180176,-0.06331928074359894,-6718.125,0.31571507453918457,0.0,-5112.0,-5367.375,0.75,-51.97341227531433,-52.92723083496094,-9.64809665542333,-1.4856042861938477,7055.125,4.8308258056640625,11984.907411092476,0.1149175837635994,1.3781700134277344,101.39273012467724,6.140896797180176,0.06331928074359894,6718.125,77.6284617517087,4.8308258056640625,11984.907411092476,0.004006624221801758,99.79609167422761,90.7023015134516,1.3781700134277344,101.39273012467724,101.39273012467724,78.14037847022209,1.5997259616851807,70.6954038143158,81.44035387039185,99.79609167422761,8.509401321411133,72.93095254898071,1.1468632221221924,0.895513699081497,-1.4901161193847656e-08,132.0,0.0,-0.7558916211128235,0.7252747252747253,0.25,-0.8708092272281647,0.0,7168.0,7055.125,7168.0,6512.0,7055.125,-1.4901161193847656e-08,0.0,-0.7461283206939697,7237.125,0.75,0.75,,,0.7269728779792786,8.0,1.3896851524708922,0.1149175837635994,0.0035945773124694824,1e-06,1e-06,0.9993732571601868,0.04183635115623474,0.003479655832052231,0.009763337671756744,152.0,0.9993732571601868,0.06089876592159271,0.0009264629916287959,6.140896797180176,6718.125,7055.125,0.06331928074359894,1.5997259616851807,0.0,7168.0,7055.125,0.25,70.6954038143158,81.44035387039185,99.79609167422761,8.509401321411133,1687.75,3.42126727104187,4372.064154884011,0.00658915750682354,1.0859160423278809,109.81737683819381,0.0,0.0,0.0,25.736137508930216,3.42126727104187,4372.064154884011,0.003023862838745117,90.14799501880428,27.027935098181427,1.0859160423278809,109.81737683819381,109.81737683819381,15.322877477850005,1.9154410362243652,18.721991539001465,28.513123035430908,90.14799501880428,7.023797035217285,21.489326000213623,1.1370840072631836,0.7536644082624905,0.0,132.0,0.0,-0.5440985262393951,0.7252747252747253,1.0,-0.5506877601146698,0.0,2056.0,1687.75,1705.0,1296.0,1687.75,0.0,0.0,-0.5440985262393951,1869.75,0.0,0.0,,1.0,0.5430848598480225,8.0,0.002826619726518482,0.00658915750682354,6.58915814710781e-06,1e-06,1e-06,1.0,0.0,0.0,0.0,152.0,1.0,0.0,0.0,0.0,0.0,1687.75,0.0,1.9154410362243652,0.0,2056.0,1687.75,1.0,18.721991539001465,28.513123035430908,90.14799501880428,7.023797035217285
154,153,-1143.75,4.556581974029541,-6871.693657567699,-0.07607085257768631,0.9953536987304688,-6.736990748254996,-2.7815215587615967,-0.030772719532251358,-5140.125,1.9523980617523193,0.0,0.0,-1143.75,0.875,7.4752724170684814,15.444860219955444,-19.035589185167723,7.45248556137085,7168.0,4.829943418502808,12147.554311968985,0.07904724031686783,1.3829007148742676,83.8135840560499,2.7815215587615967,0.030772719532251358,5140.125,78.80306390262422,4.829943418502808,12147.554311968985,0.003003358840942383,83.8135840560499,91.74299011744098,1.3829007148742676,83.8135840560499,83.8135840560499,79.79099797652106,1.5900471210479736,85.5231294631958,96.11174273490906,83.8135840560499,8.44652771949768,87.66521501541138,1.0087878704071045,0.9121176301755916,0.0,120.0,0.0,-0.3160765916109085,0.7228915662650602,0.0,-0.39512382447719574,0.0,7168.0,7168.0,7168.0,7168.0,7168.0,0.0,0.0,-0.3124782294034958,7334.0,1.0,1.0,1.0,,0.3069531321525574,8.0,0.0008250451074137742,0.07904724031686783,7.904724043328315e-05,1e-06,1e-06,1.0001593828201294,0.0,0.0,0.003598359413444996,153.0,1.0001593828201294,0.029994860291481018,0.0004359653976280242,2.7815215587615967,5140.125,7168.0,0.030772719532251358,1.5900471210479736,0.0,7168.0,7168.0,0.0,85.5231294631958,96.11174273490906,83.8135840560499,8.44652771949768,6024.25,9.386525392532349,5275.8606544012855,0.0029763877391815186,2.3782544136047363,77.07659330779491,0.0,0.0,0.0,33.58951463377522,9.386525392532349,5275.8606544012855,0.010152816772460938,64.77799487088218,44.190510797774934,2.3782544136047363,77.07659330779491,77.07659330779491,29.66772156546899,3.542445182800293,92.99840188026428,111.5566029548645,64.77799487088218,15.89901328086853,95.65758967399597,1.0544958114624023,0.857480302736529,1.4901161193847656e-08,120.0,0.0,-0.1873607262969017,0.7228915662650602,0.875,-0.19033710658550262,0.0,7168.0,6024.25,5958.0,5227.0,6024.25,1.4901161193847656e-08,-3.725290298461914e-09,-0.1873607262969017,6190.25,0.125,0.125,,,0.188007652759552,8.0,0.702927349708869,0.0029763877391815186,2.9690563678741455e-06,1e-06,1e-06,0.9999999403953552,0.0,-1.4901161193847656e-08,0.0,153.0,0.9999999403953552,0.0,0.0,0.0,0.0,6024.25,0.0,3.542445182800293,0.0,7168.0,6024.25,0.875,92.99840188026428,111.5566029548645,64.77799487088218,15.89901328086853
155,154,-1306.125,3.7687220573425293,-5694.654075837557,-0.062437618151307106,1.0002598762512207,-14.265528455877487,-2.377575397491455,-0.027846788987517357,-4679.75,1.874823808670044,0.0,-211.0,-1306.125,1.0,10.976574659347534,18.116702795028687,-26.82805338072899,6.620925426483154,7168.0,5.330132007598877,10976.088381412328,0.06518536806106567,1.4037532806396484,94.0714738065835,2.377575397491455,0.027846788987517357,4679.75,71.1780919804895,5.330132007598877,10976.088381412328,0.0030608177185058594,94.0714738065835,90.08910410338108,1.4037532806396484,94.0714738065835,94.0714738065835,74.79795926465444,1.6907262802124023,76.19738173484802,87.45842480659485,94.0714738065835,9.02761697769165,78.4308078289032,1.1573359966278076,0.8967781892064112,0.0,108.0,0.0,-0.30503855645656586,0.7448275862068966,0.0,-0.37022392451763153,0.0,7168.0,7168.0,7168.0,7168.0,7168.0,0.0,0.0,-0.3016057163476944,7313.0,1.0,1.0,1.0,,0.302165687084198,8.0,0.0007243419332297476,0.06518536806106567,6.518537702504545e-05,1e-06,1e-06,0.999689519405365,0.0,0.0,0.003432836849242449,154.0,0.999689519405365,0.027263140305876732,0.0002964564773719758,2.377575397491455,4679.75,7168.0,0.027846788987517357,1.6907262802124023,0.0,7168.0,7168.0,0.0,76.19738173484802,87.45842480659485,94.0714738065835,9.02761697769165,5861.875,9.098854064941406,5281.434305574771,0.002747749909758568,2.404013156890869,79.80594535070601,0.0,0.0,0.0,33.546329794335655,9.098854064941406,5281.434305574771,0.004052400588989258,67.24342042585451,42.32272444629167,2.404013156890869,79.80594535070601,79.80594535070601,28.535396746099796,3.5655500888824463,87.17395639419556,105.57512760162354,67.24342042585451,15.648542404174805,89.92658519744873,1.0923655033111572,0.851778134114856,0.0,108.0,0.0,-0.21676714718341827,0.7448275862068966,1.0,-0.2195149064064026,0.0,6957.0,5861.875,6126.5,4536.0,5861.875,0.0,0.0,-0.21676714718341827,6006.875,0.0,0.0,,1.0,0.21174488961696625,8.0,0.0009579718142428756,0.002747749909758568,2.747750158960116e-06,1e-06,1e-06,1.0,0.0,0.0,0.0,154.0,1.0,0.0,0.0,0.0,0.0,5861.875,0.0,3.5655500888824463,0.0,6957.0,5861.875,1.0,87.17395639419556,105.57512760162354,67.24342042585451,15.648542404174805
156,155,-3687.625,0.28458666801452637,-6132.897187416063,-0.08646520553156734,0.14684271812438965,0.17594419727717536,-5.234459400177002,-0.03537484258413315,-5569.875,1.0589439868927002,0.0,-3443.0,-3687.625,0.75,-35.16023778915405,-33.01906752586365,-9.151850827472117,1.2281925678253174,6941.75,5.046829462051392,11230.417121517321,0.09100374579429626,1.3536505699157715,98.1127616842942,5.234459400177002,0.03537484258413315,5569.875,72.59767658369533,5.046829462051392,11230.417121517321,0.0031752586364746094,95.01594076757104,90.22222356883674,1.3536505699157715,98.1127616842942,98.1127616842942,86.49013449523234,1.4120612144470215,73.05879354476929,83.85291743278503,95.01594076757104,8.69353437423706,75.15938305854797,1.0361895561218262,0.8963240082707243,7.450580596923828e-09,96.0,0.0,-0.3719785362482071,0.6713286713286714,0.25,-0.46298229694366455,0.0,7168.0,6941.75,7168.0,5480.0,6941.75,7.450580596923828e-09,0.0,-0.3669806271791458,7084.75,0.75,0.75,,,0.3618174195289612,8.0,0.658859016692111,0.09100374579429626,0.0018216893076896667,1e-06,1e-06,0.9996065497398376,0.020285943523049355,0.0017306804656982422,0.004997928626835346,155.0,0.9996065497398376,0.034284159541130066,0.0005629893857985735,5.234459400177002,5569.875,6941.75,0.03537484258413315,1.4120612144470215,0.0,7168.0,6941.75,0.25,73.05879354476929,83.85291743278503,95.01594076757104,8.69353437423706,3254.125,5.331416130065918,5097.519934101258,0.0045385402627289295,1.5004932880401611,98.28870588157137,0.0,0.0,0.0,30.870066933439148,5.331416130065918,5097.519934101258,0.0032470226287841797,85.86408994009892,36.56157036199661,1.5004932880401611,98.28870588157137,98.28870588157137,22.20164931204514,2.4710052013397217,37.898555755615234,50.83384990692139,85.86408994009892,9.921726942062378,40.91212296485901,1.0863721370697021,0.8048204698202198,0.0,96.0,0.0,-0.2947666645050049,0.6713286713286714,1.0,-0.29930518567562103,0.0,3725.0,3254.125,3382.0,2602.0,3254.125,0.0,0.0,-0.2947666645050049,3397.125,0.0,0.0,,1.0,0.2977678179740906,8.0,0.001402055073427373,0.0045385402627289295,4.5385404519038275e-06,1e-06,1e-06,1.0,0.0,0.0,0.0,155.0,1.0,0.0,0.0,0.0,0.0,3254.125,0.0,2.4710052013397217,0.0,3725.0,3254.125,1.0,37.898555755615234,50.83384990692139,85.86408994009892,9.921726942062378
157,156,0.0,5.225205183029175,-6287.439557010475,-0.09866049326956272,1.0968804359436035,-10.824059851739761,-4.065199851989746,-0.04752738028764725,-6926.75,2.1043872833251953,0.0,0.0,0.0,0.0,11.851150512695312,21.1429443359375,-10.824059851739761,8.175785779953003,7168.0,4.83269190788269,12102.571633958121,0.10300104320049286,1.4065961837768555,86.50499432539893,4.065199851989746,0.04752738028764725,6926.75,78.48047001723798,4.83269190788269,12102.571633958121,0.0032167434692382812,86.50499432539893,89.87936901709105,1.4065961837768555,86.50499432539893,86.50499432539893,87.6279121929147,1.4427363872528076,82.86226773262024,93.50507378578186,86.50499432539893,8.534692525863647,84.97038125991821,1.0419418811798096,0.9087248190893208,0.0,96.0,0.0,-0.5568890869617462,0.6713286713286714,0.0,-0.6598901152610779,0.0,7168.0,7168.0,7168.0,7168.0,7168.0,0.0,0.0,-0.5501664876937866,7311.0,1.0,1.0,1.0,,0.5437709093093872,8.0,0.001204620812633941,0.10300104320049286,0.00010300106077920645,1e-06,1e-06,0.9986982345581055,0.0,0.0,0.006722607649862766,156.0,0.9986982345581055,0.046263471245765686,0.0002790178987197578,4.065199851989746,6926.75,7168.0,0.04752738028764725,1.4427363872528076,0.0,7168.0,7168.0,0.0,82.86226773262024,93.50507378578186,86.50499432539893,8.534692525863647,7168.0,10.057897090911865,5815.132076947646,0.004340549930930138,2.503476619720459,75.68093447365916,0.0,0.0,0.0,37.70886985131707,10.057897090911865,5815.132076947646,0.003289937973022461,75.68093447365916,50.4993641497753,2.503476619720459,75.68093447365916,75.68093447365916,35.641265769318736,3.547123670578003,94.71341824531555,114.64801812171936,75.68093447365916,16.71047830581665,97.93753981590271,1.2416596412658691,0.8542453800808358,0.0,96.0,0.0,-0.446048378944397,0.6713286713286714,0.0,-0.45038892328739166,0.0,7168.0,7168.0,7168.0,7168.0,7168.0,0.0,0.0,-0.446048378944397,7311.0,1.0,1.0,1.0,,0.44721847772598267,8.0,0.0010712238825460346,0.004340549930930138,4.340549821790773e-06,1e-06,1e-06,1.0,0.0,0.0,0.0,156.0,1.0,0.0,0.0,0.0,0.0,7168.0,0.0,3.547123670578003,0.0,7168.0,7168.0,0.0,94.71341824531555,114.64801812171936,75.68093447365916,16.71047830581665
158,157,-1512.125,3.98590087890625,-6575.178679443902,-0.08569532260298729,0.9837236404418945,-10.081244908148975,-2.7152836322784424,-0.03325720876455307,-5302.875,1.9180803298950195,0.0,0.0,-1512.125,0.875,10.168560981750488,17.730626106262207,-26.83311361503408,6.824204444885254,7168.0,4.973721504211426,11744.927807183636,0.089417964220047,1.399021863937378,89.49094641493741,2.7152836322784424,0.03325720876455307,5302.875,76.14959884279922,4.973721504211426,11744.927807183636,0.0031816959381103516,89.49094641493741,90.24088116239696,1.399021863937378,89.49094641493741,89.49094641493741,78.68161222104098,1.6045548915863037,80.09748792648315,91.08366799354553,89.49094641493741,8.61017656326294,82.47349143028259,1.2166996002197266,0.9054695890829398,0.0,96.0,0.0,-0.3285444974899292,0.7164179104477612,0.0,-0.4179624170064926,0.0,7168.0,7168.0,7168.0,7168.0,7168.0,0.0,0.0,-0.32481686770915985,7302.0,1.0,1.0,1.0,,0.3265624940395355,8.0,0.0009829332700184228,0.089417964220047,8.941795385908335e-05,1e-06,1e-06,1.000369668006897,0.0,0.0,0.003727615112438798,157.0,1.000369668006897,0.03281208127737045,0.0005929129547439516,2.7152836322784424,5302.875,7168.0,0.03325720876455307,1.6045548915863037,0.0,7168.0,7168.0,0.0,80.09748792648315,91.08366799354553,89.49094641493741,8.61017656326294,5655.875,8.959622383117676,5169.749127739734,0.0037226416170597076,2.3827455043792725,79.40970150678844,0.0,0.0,0.0,32.71822420623884,8.959622383117676,5169.749127739734,0.003295421600341797,62.65783279990333,41.0091262922414,2.3827455043792725,79.40970150678844,79.40970150678844,27.738980952523836,3.5226352214813232,90.26604890823364,108.81429409980774,62.65783279990333,15.434381008148193,93.37991309165955,1.2965612411499023,0.8581585155164329,2.9802322387695312e-08,96.0,0.0,-0.23540184646844864,0.7164179104477612,0.875,-0.23912450671195984,0.0,7168.0,5655.875,5335.5,4597.0,5655.875,2.9802322387695312e-08,-3.725290298461914e-09,-0.23540184646844864,5789.875,0.125,0.125,,,0.23981629312038422,8.0,0.8892784982575629,0.0037226416170597076,3.680586814880371e-06,1e-06,1e-06,1.0,0.0,-2.9802322387695312e-08,0.0,157.0,1.0,0.0,0.0,0.0,0.0,5655.875,0.0,3.5226352214813232,0.0,7168.0,5655.875,0.875,90.26604890823364,108.81429409980774,62.65783279990333,15.434381008148193
159,158,0.0,5.223781585693359,-5760.50743869356,-0.06952258967794478,1.2402806282043457,5.928497141295537,-13.29159164428711,-0.03821893036365509,-5738.125,2.2838308811187744,0.0,0.0,0.0,0.0,-7.870393753051758,1.0454308986663818,5.928497141295537,8.442444086074829,7168.0,5.138646841049194,11427.132826277417,0.07255353033542633,1.4021780490875244,70.57618136471613,13.29159164428711,0.03821893036365509,5738.125,74.13716078122538,5.138646841049194,11427.132826277417,0.0039386749267578125,70.57618136471613,90.56498145883708,1.4021780490875244,70.57618136471613,70.57618136471613,88.20073847722502,1.4397637844085693,101.56401014328003,112.6691792011261,70.57618136471613,8.828847169876099,103.84033203125,1.1913862228393555,0.9216391986479666,0.0,120.0,0.0,-0.4894697070121765,0.6976744186046512,0.0,-0.5620232224464417,0.0,7168.0,7168.0,7168.0,7168.0,7168.0,0.0,0.0,-0.4839099049568176,7340.0,1.0,1.0,1.0,,0.4765878915786743,8.0,0.000980480050469422,0.07255353033542633,7.255353557411581e-05,1e-06,1e-06,0.9996470808982849,0.0,0.0,0.005559781566262245,158.0,0.9996470808982849,0.03603800758719444,0.00027901786961592734,13.29159164428711,5738.125,7168.0,0.03821893036365509,1.4397637844085693,0.0,7168.0,7168.0,0.0,101.56401014328003,112.6691792011261,70.57618136471613,8.828847169876099,7168.0,10.362428426742554,5666.6253875838565,0.003030940657481551,2.64245867729187,76.50467850601167,0.0,0.0,0.0,36.76403554881362,10.362428426742554,5666.6253875838565,0.0032722949981689453,76.50467850601167,48.056845735708606,2.64245867729187,76.50467850601167,76.50467850601167,34.10366606044529,3.7235946655273438,93.69361639022827,113.71461009979248,76.50467850601167,17.271291255950928,96.44331884384155,1.0829179286956787,0.8481172187039627,0.0,120.0,0.0,-0.38876868784427643,0.6976744186046512,0.0,-0.3917996287345886,0.0,7168.0,7168.0,7168.0,7168.0,7168.0,0.0,0.0,-0.38876868784427643,7340.0,1.0,1.0,1.0,,0.38551032543182373,8.0,0.000962511483698539,0.003030940657481551,3.03094066111953e-06,1e-06,1e-06,1.0,0.0,0.0,0.0,158.0,1.0,0.0,0.0,0.0,0.0,7168.0,0.0,3.7235946655273438,0.0,7168.0,7168.0,0.0,93.69361639022827,113.71461009979248,76.50467850601167,17.271291255950928
160,159,0.0,5.041608572006226,-5793.548322159351,-0.0784118240699172,1.171285629272461,-4.169142178616866,-5.579064846038818,-0.03149886056780815,-5231.375,2.075916290283203,0.0,0.0,0.0,0.0,4.903121471405029,13.799211978912354,-4.169142178616866,8.20183277130127,7168.0,5.056690454483032,11604.42794119956,0.08121456205844879,1.3765273094177246,80.18272816639758,5.579064846038818,0.03149886056780815,5231.375,75.28100247720579,5.056690454483032,11604.42794119956,0.008455038070678711,80.18272816639758,92.18190442620077,1.3765273094177246,80.18272816639758,80.18272816639758,80.93164572088062,1.5678775310516357,89.39581084251404,100.20410871505737,80.18272816639758,8.659491062164307,91.54461765289307,1.0165681838989258,0.913581477114989,0.0,120.0,0.0,-0.3190244883298874,0.718562874251497,0.0,-0.4002390503883362,0.0,7168.0,7168.0,7168.0,7168.0,7168.0,0.0,0.0,-0.31520818173885345,7335.0,1.0,1.0,1.0,,0.3081105947494507,8.0,0.0008288435276876126,0.08121456205844879,8.121456630760804e-05,1e-06,1e-06,1.0002360343933105,0.0,0.0,0.0038163093850016594,159.0,1.0002360343933105,0.030397925525903702,0.00029645650647580624,5.579064846038818,5231.375,7168.0,0.03149886056780815,1.5678775310516357,0.0,7168.0,7168.0,0.0,89.39581084251404,100.20410871505737,80.18272816639758,8.659491062164307,7168.0,10.098299026489258,5810.879619040208,0.0028027379885315895,2.5478129386901855,76.01358598778071,0.0,0.0,0.0,37.696717598859166,10.098299026489258,5810.879619040208,0.004612922668457031,76.01358598778071,49.80385606410878,2.5478129386901855,76.01358598778071,76.01358598778071,34.82384434976504,3.643793821334839,94.29893231391907,114.00332069396973,76.01358598778071,16.861323833465576,97.14199686050415,1.1511294841766357,0.8520979588065853,0.0,120.0,0.0,-0.22972440719604492,0.718562874251497,0.0,-0.23252715170383453,0.0,7168.0,7168.0,7168.0,7168.0,7168.0,0.0,0.0,-0.22972440719604492,7335.0,1.0,1.0,1.0,,0.2281169891357422,8.0,0.0008489868002729988,0.0028027379885315895,2.8027382086293073e-06,1e-06,1e-06,1.0,0.0,0.0,0.0,159.0,1.0,0.0,0.0,0.0,0.0,7168.0,0.0,3.643793821334839,0.0,7168.0,7168.0,0.0,94.29893231391907,114.00332069396973,76.01358598778071,16.861323833465576
161,160,-4291.0,-0.5071897506713867,-6650.16958592201,-0.10323147103190422,-0.10261869430541992,2.6259306879097153,-5.614664554595947,-0.034026339650154114,-5325.5,0.7542645931243896,0.0,-4129.0,-4291.0,0.625,-47.31495189666748,-46.57120323181152,-10.579320445101771,-0.119842529296875,6699.625,4.802040338516235,11369.542142761284,0.10540659725666046,1.4123005867004395,89.10493754564699,5.614664554595947,0.034026339650154114,5325.5,73.18802927706888,4.802040338516235,11369.542142761284,0.0031728744506835938,83.28259866130793,82.95020483944089,1.4123005867004395,89.10493754564699,89.10493754564699,80.82282030532903,1.449474573135376,80.44447588920593,91.07570719718933,83.28259866130793,8.515538692474365,82.56016850471497,1.0426783561706543,0.906500438431543,0.0,84.0,0.0,-0.44434839487075806,0.672,0.375,-0.5497550368309021,0.0,7168.0,6699.625,7168.0,5599.0,6699.625,0.0,1.4901161193847656e-08,-0.4406968504190445,6824.625,0.625,0.625,,,0.43926382064819336,8.0,0.7200958257061785,0.10540659725666046,0.0013576634228229523,1e-06,1e-06,1.0002951622009277,0.015813402831554413,0.0012522600591182709,0.003651561215519905,160.0,1.0002951622009277,0.032947927713394165,0.00016072773723863065,5.614664554595947,5325.5,6699.625,0.034026339650154114,1.449474573135376,0.0,7168.0,6699.625,0.375,80.44447588920593,91.07570719718933,83.28259866130793,8.515538692474365,2408.625,4.294850587844849,4719.372556839274,0.002175126224756241,1.3096818923950195,91.7308682335567,0.0,0.0,0.0,28.161239058371933,4.294850587844849,4719.372556839274,0.004446983337402344,72.70327821620616,30.783127522951247,1.3096818923950195,91.7308682335567,91.7308682335567,18.294408578543973,2.2037391662597656,33.12952399253845,44.50450396537781,72.70327821620616,8.39569616317749,36.10880780220032,1.008108139038086,0.811351764088666,0.0,84.0,0.0,-0.11952511593699455,0.672,1.0,-0.12170024588704109,0.0,3039.0,2408.625,2514.5,1461.0,2408.625,0.0,0.0,-0.11952511593699455,2533.625,0.0,0.0,,1.0,0.12476243078708649,8.0,0.00124285700392125,0.002175126224756241,2.175126383008319e-06,1e-06,1e-06,1.0,0.0,0.0,0.0,160.0,1.0,0.0,0.0,0.0,0.0,2408.625,0.0,2.2037391662597656,0.0,3039.0,2408.625,1.0,33.12952399253845,44.50450396537781,72.70327821620616,8.39569616317749
162,161,-1051.375,4.181275129318237,-6425.02254998364,-0.1267392374575138,1.017801284790039,-17.811105362554812,-2.2704005241394043,-0.04527904838323593,-6634.375,1.9786312580108643,0.0,0.0,-1051.375,0.875,17.07525324821472,25.10900330543518,-29.254917148653917,6.947211265563965,7168.0,4.8876612186431885,11923.903354369248,0.13011908531188965,1.365147352218628,95.83202357228816,2.2704005241394043,0.04527904838323593,6634.375,77.28758981688684,4.8876612186431885,11923.903354369248,0.003247499465942383,95.83202357228816,92.23804175582812,1.365147352218628,95.83202357228816,95.83202357228816,85.60574678615153,1.470911979675293,74.79754400253296,85.37415218353271,95.83202357228816,8.553792953491211,76.8203592300415,0.9725873470306396,0.8998081651797522,0.0,84.0,0.0,-0.5633551478385925,0.717948717948718,0.0,-0.6934742331504822,0.0,7168.0,7168.0,7168.0,7168.0,7168.0,0.0,0.0,-0.557167261838913,7285.0,1.0,1.0,1.0,,0.5491654276847839,8.0,0.0012298290819946576,0.13011908531188965,0.00013011909322813153,1e-06,1e-06,0.9985511898994446,0.0,0.0,0.006187891121953726,161.0,0.9985511898994446,0.04414317011833191,0.00022670201724395156,2.2704005241394043,6634.375,7168.0,0.04527904838323593,1.470911979675293,0.0,7168.0,7168.0,0.0,74.79754400253296,85.37415218353271,95.83202357228816,8.553792953491211,6116.625,9.068936347961426,5498.880804385608,0.0033798478543758392,2.382948637008667,78.02091820973335,0.0,0.0,0.0,35.05859638278546,9.068936347961426,5498.880804385608,0.003928661346435547,66.57710642363425,44.47489608832829,2.382948637008667,78.02091820973335,78.02091820973335,30.723311961114284,3.4495432376861572,91.87279725074768,110.4831554889679,66.57710642363425,15.501004219055176,94.98215126991272,1.1613349914550781,0.8596980313383338,3.725290298461914e-09,84.0,0.0,-0.2930663973093033,0.717948717948718,0.875,-0.29644621908664703,0.0,7168.0,6116.625,6005.5,4620.0,6116.625,3.725290298461914e-09,-3.725290298461914e-09,-0.2930663973093033,6233.625,0.125,0.125,,,0.29317474365234375,8.0,0.8603882451631987,0.0033798478543758392,3.373250365257263e-06,1e-06,1e-06,0.9999999403953552,0.0,-3.725290298461914e-09,0.0,161.0,0.9999999403953552,0.0,0.0,0.0,0.0,6116.625,0.0,3.4495432376861572,0.0,7168.0,6116.625,0.875,91.87279725074768,110.4831554889679,66.57710642363425,15.501004219055176
163,162,-756.875,4.685807943344116,-6463.664626997308,-0.10512412199750543,1.0493009090423584,4.587951329273054,-2.880889415740967,-0.04264263063669205,-6739.125,1.9437084197998047,0.0,0.0,-756.875,0.5,-5.993279933929443,2.313946008682251,-3.4797414144375125,7.446824550628662,7168.0,4.964547157287598,12019.625981879495,0.10923364013433456,1.391923427581787,71.81729601925534,2.880889415740967,0.04264263063669205,6739.125,78.13933234592967,4.964547157287598,12019.625981879495,0.0032606124877929688,71.81729601925534,92.8993632320439,1.391923427581787,71.81729601925534,71.81729601925534,89.69825637168832,1.4415977001190186,99.80882596969604,110.54482746124268,71.81729601925534,8.58834981918335,101.95647764205933,1.033228874206543,0.9223088948038347,0.0,216.0,0.0,-0.5019710808992386,0.7422680412371134,0.0,-0.6112046837806702,0.0,7168.0,7168.0,7168.0,7168.0,7168.0,0.0,0.0,-0.496785044670105,7459.0,1.0,1.0,1.0,,0.4818228483200073,8.0,0.0010747505474872428,0.10923364013433456,0.00010923364607151598,1e-06,1e-06,0.9997552633285522,0.0,0.0,0.005186046473681927,162.0,0.9997552633285522,0.04141963645815849,0.00036621096660383046,2.880889415740967,6739.125,7168.0,0.04264263063669205,1.4415977001190186,0.0,7168.0,7168.0,0.0,99.80882596969604,110.54482746124268,71.81729601925534,8.58834981918335,6411.125,9.650355100631714,5555.961354882187,0.004109518136829138,2.4412243366241455,76.40524734852839,0.0,0.0,0.0,35.764100432613446,9.650355100631714,5555.961354882187,0.0039403438568115234,68.33755460481783,47.12611671276509,2.4412243366241455,76.40524734852839,76.40524734852839,33.98375772662789,3.3853061199188232,93.8155460357666,112.85877346992493,68.33755460481783,16.03517436981201,96.82359910011292,1.2724039554595947,0.8579182293338928,4.0978193283081055e-08,216.0,0.0,-0.29411202669143677,0.7422680412371134,0.5,-0.29822155833244324,0.0,7168.0,6411.125,6911.0,3791.0,6411.125,4.0978193283081055e-08,0.0,-0.29411202669143677,6702.125,0.5,0.5,,,0.29293447732925415,8.0,0.9424563680612263,0.004109518136829138,4.0978193283081055e-06,1e-06,1e-06,1.0,0.0,-4.0978193283081055e-08,0.0,162.0,1.0,0.0,0.0,0.0,0.0,6411.125,0.0,3.3853061199188232,0.0,7168.0,6411.125,0.5,93.8155460357666,112.85877346992493,68.33755460481783,16.03517436981201
164,163,-4117.125,0.14370441436767578,-6753.101202508981,-0.14404003508388996,0.134033203125,4.892511562636585,-2.704277515411377,-0.043055444955825806,-6226.25,1.0283808708190918,0.0,-3537.0,-4117.125,0.75,-48.315664768218994,-46.016637325286865,-10.45250710803198,1.022597312927246,6986.875,4.979713439941406,11565.123313737837,0.1483624428510666,1.4066720008850098,77.65996690980866,2.704277515411377,0.043055444955825806,6226.25,74.87028035902783,4.979713439941406,11565.123313737837,0.0031354427337646484,75.69761178891872,88.34860842268462,1.4066720008850098,77.65996690980866,77.65996690980866,89.0192085988512,1.3960752487182617,92.29980754852295,103.11045241355896,75.69761178891872,8.68395709991455,94.42649531364441,1.0622742176055908,0.9157800504542,-4.470348358154297e-08,156.0,0.0,-0.5440280586481094,0.7358490566037735,0.25,-0.6923905611038208,0.0,7168.0,6986.875,7168.0,6303.0,6986.875,-4.470348358154297e-08,0.0,-0.5388328731060028,7198.875,0.75,0.75,,,0.5266727209091187,8.0,0.7853841118849387,0.1483624428510666,0.0020598769187927246,1e-06,1e-06,0.999538242816925,0.025489939376711845,0.0019115358591079712,0.005195212550461292,163.0,0.999538242816925,0.041783928871154785,0.0003257151402067393,2.704277515411377,6226.25,6986.875,0.043055444955825806,1.3960752487182617,0.0,7168.0,6986.875,0.25,92.29980754852295,103.11045241355896,75.69761178891872,8.68395709991455,2869.75,5.123417854309082,4812.0221112288555,0.004322407767176628,1.5407052040100098,82.55247847244524,0.0,0.0,0.0,28.994754172627797,5.123417854309082,4812.0221112288555,0.007137775421142578,65.24510468088674,32.13944731774028,1.5407052040100098,82.55247847244524,82.55247847244524,20.42413279308893,2.4244561195373535,43.984142780303955,57.093815088272095,65.24510468088674,9.706554412841797,47.3872606754303,1.3746366500854492,0.8299893885557551,0.0,156.0,0.0,-0.18714511394500732,0.7358490566037735,1.0,-0.1914675310254097,0.0,3631.0,2869.75,2632.0,2405.0,2869.75,0.0,0.0,-0.18714511394500732,3081.75,0.0,0.0,,1.0,0.1892859786748886,8.0,0.0015381608583589787,0.004322407767176628,4.322407676227158e-06,1e-06,1e-06,1.0,0.0,0.0,0.0,163.0,1.0,0.0,0.0,0.0,0.0,2869.75,0.0,2.4244561195373535,0.0,3631.0,2869.75,1.0,43.984142780303955,57.093815088272095,65.24510468088674,9.706554412841797
165,164,0.0,5.170777320861816,-5823.14804263072,-0.1274608955718577,1.1643571853637695,-5.5954728864630425,-2.673610210418701,-0.04814238101243973,-6538.875,2.2187340259552,0.0,0.0,0.0,0.0,6.377252101898193,15.63044810295105,-5.5954728864630425,8.20853853225708,7168.0,5.072359085083008,11535.460920358415,0.13183914124965668,1.4058737754821777,82.1520768144408,2.673610210418701,0.04814238101243973,6538.875,74.8068047938618,5.072359085083008,11535.460920358415,0.0051419734954833984,82.1520768144408,89.96705644076182,1.4058737754821777,82.1520768144408,82.1520768144408,91.6309599626114,1.3803448677062988,87.25281548500061,98.128826379776,82.1520768144408,8.780399084091187,89.34842729568481,1.0250043869018555,0.9105217150961382,0.0,108.0,0.0,-0.5428014695644379,0.7397260273972602,0.0,-0.6746406257152557,0.0,7168.0,7168.0,7168.0,7168.0,7168.0,0.0,0.0,-0.5367054045200348,7314.0,1.0,1.0,1.0,,0.5250971913337708,8.0,0.0014547711694557278,0.13183914124965668,0.00013183915871195495,1e-06,1e-06,0.9997440576553345,0.0,0.0,0.006096040830016136,164.0,0.9997440576553345,0.046955712139606476,0.0005231585237197578,2.673610210418701,6538.875,7168.0,0.04814238101243973,1.3803448677062988,0.0,7168.0,7168.0,0.0,87.25281548500061,98.128826379776,82.1520768144408,8.780399084091187,7168.0,10.243136405944824,5712.312877727695,0.0043782456777989864,2.5702309608459473,76.55660392797776,0.0,0.0,0.0,37.04402254195852,10.243136405944824,5712.312877727695,0.0032699108123779297,76.55660392797776,49.21049012099773,2.5702309608459473,76.55660392797776,76.55660392797776,35.14297103354576,3.599078893661499,93.6300675868988,113.75927448272705,76.55660392797776,16.988937616348267,96.77033686637878,1.2014572620391846,0.8506588786400195,0.0,108.0,0.0,-0.37935851514339447,0.7397260273972602,0.0,-0.3837367594242096,0.0,7168.0,7168.0,7168.0,7168.0,7168.0,0.0,0.0,-0.37935851514339447,7314.0,1.0,1.0,1.0,,0.37715065479278564,8.0,0.001261190970746178,0.0043782456777989864,4.378245648695156e-06,1e-06,1e-06,0.9999998807907104,0.0,0.0,0.0,164.0,0.9999998807907104,0.0,0.0,0.0,0.0,7168.0,0.0,3.599078893661499,0.0,7168.0,7168.0,0.0,93.6300675868988,113.75927448272705,76.55660392797776,16.988937616348267
166,165,0.0,5.275753974914551,-6090.685529420364,-0.1129817240871489,1.146855115890503,-21.756977946398422,-3.148010015487671,-0.03923787921667099,-5905.5,1.991227388381958,0.0,0.0,0.0,0.0,20.973546504974365,30.36523723602295,-21.756977946398422,8.29924201965332,7168.0,4.952497959136963,11808.182554040042,0.11542284488677979,1.3873703479766846,97.79275746755444,3.148010015487671,0.03923787921667099,5905.5,76.57016543960027,4.952497959136963,11808.182554040042,0.008612871170043945,97.79275746755444,91.1108771649517,1.3873703479766846,97.79275746755444,97.79275746755444,79.20257436468025,1.5959649085998535,73.29786157608032,84.054354429245,97.79275746755444,8.636268854141235,75.41808557510376,1.0529584884643555,0.8972537602271272,0.0,96.0,0.0,-0.431393563747406,0.676056338028169,0.0,-0.5468163788318634,0.0,7168.0,7168.0,7168.0,7168.0,7168.0,0.0,0.0,-0.4264426529407501,7310.0,1.0,1.0,1.0,,0.4192083179950714,8.0,0.0010237889228024884,0.11542284488677979,0.00011542285210452974,1e-06,1e-06,0.9997438192367554,0.0,0.0,0.0049508726224303246,165.0,0.9997438192367554,0.03808432072401047,0.0003313337219879031,3.148010015487671,5905.5,7168.0,0.03923787921667099,1.5959649085998535,0.0,7168.0,7168.0,0.0,73.29786157608032,84.054354429245,97.79275746755444,8.636268854141235,7168.0,10.228251934051514,5717.497024619678,0.0024411207996308804,2.5342254638671875,76.03577952115602,0.0,0.0,0.0,37.07511220054487,10.228251934051514,5717.497024619678,0.0031118392944335938,76.03577952115602,49.87895953184398,2.5342254638671875,76.03577952115602,76.03577952115602,35.23773438718469,3.5871922969818115,94.27140808105469,114.41959166526794,76.03577952115602,16.935510873794556,97.48408079147339,1.2049381732940674,0.8519876655097753,0.0,96.0,0.0,-0.21635984629392624,0.676056338028169,0.0,-0.21880095452070236,0.0,7168.0,7168.0,7168.0,7168.0,7168.0,0.0,0.0,-0.21635984629392624,7310.0,1.0,1.0,1.0,,0.21940723061561584,8.0,0.0008217672120732905,0.0024411207996308804,2.441121068841312e-06,1e-06,1e-06,1.0,0.0,0.0,0.0,165.0,1.0,0.0,0.0,0.0,0.0,7168.0,0.0,3.5871922969818115,0.0,7168.0,7168.0,0.0,94.27140808105469,114.41959166526794,76.03577952115602,16.935510873794556
167,166,-339.375,5.060351610183716,-6418.611446151024,-0.1741977659985423,1.0948469638824463,-25.60489844078485,-5.570979118347168,-0.05568680912256241,-6975.875,2.1562085151672363,0.0,0.0,-339.375,0.25,23.842413187026978,32.7652530670166,-29.196753673246405,8.085750102996826,7168.0,4.858553886413574,12044.73622565861,0.1775493621826172,1.4068787097930908,101.46911444456968,5.570979118347168,0.05568680912256241,6975.875,78.11075809409998,4.858553886413574,12044.73622565861,0.0031576156616210938,101.46911444456968,89.91661817684665,1.4068787097930908,101.46911444456968,101.46911444456968,87.87941442933058,1.4394927024841309,70.64218544960022,81.25060939788818,101.46911444456968,8.50563931465149,72.7449700832367,0.9940125942230225,0.8953159935945962,0.0,108.0,0.0,-0.6877912282943726,0.7346938775510204,0.0,-0.8653406202793121,0.0,7168.0,7168.0,7168.0,7168.0,7168.0,0.0,0.0,-0.6801865100860596,7315.0,1.0,1.0,1.0,,0.6604888439178467,8.0,0.0018502552441091496,0.1775493621826172,0.0001775493728928268,1e-06,1e-06,0.9996457099914551,0.0,0.0,0.007604696787893772,166.0,0.9996457099914551,0.05358240380883217,0.0005754743469879031,5.570979118347168,6975.875,7168.0,0.05568680912256241,1.4394927024841309,0.0,7168.0,7168.0,0.0,70.64218544960022,81.25060939788818,101.46911444456968,8.50563931465149,6828.625,9.91890549659729,5626.124779507585,0.0033515961840748787,2.501725673675537,75.86421600378483,0.0,0.0,0.0,36.34497266163806,9.91890549659729,5626.124779507585,0.0031976699829101562,72.27236077132328,48.03382359899193,2.501725673675537,75.86421600378483,75.86421600378483,33.419753875126126,3.595701217651367,94.4845986366272,114.01586246490479,72.27236077132328,16.591389417648315,97.42447304725647,1.1624667644500732,0.8544817443910026,-2.9802322387695312e-08,108.0,0.0,-0.32203802466392517,0.7346938775510204,0.25,-0.32538963854312897,0.0,7168.0,6828.625,7168.0,4478.0,6828.625,-2.9802322387695312e-08,0.0,-0.32203802466392517,6975.625,0.75,0.75,,,0.3223394751548767,8.0,0.9649577208630872,0.0033515961840748787,3.3602118492126465e-06,1e-06,1e-06,0.9999998807907104,0.0,2.9802322387695312e-08,0.0,166.0,0.9999998807907104,0.0,0.0,0.0,0.0,6828.625,0.0,3.595701217651367,0.0,7168.0,6828.625,0.25,94.4845986366272,114.01586246490479,72.27236077132328,16.591389417648315
168,167,-3624.5,0.6348409652709961,-6594.361754842908,-0.15406847093254328,0.22130370140075684,-13.87358374676613,-2.607454776763916,-0.04150503873825073,-6703.375,0.9479565620422363,0.0,-2932.0,-3624.5,1.0,-21.176416397094727,-18.991245985031128,-29.491247839466553,1.705779790878296,7168.0,4.901822090148926,11837.230917990566,0.1590857207775116,1.3725290298461914,109.40632756868526,2.607454776763916,0.04150503873825073,6703.375,76.68391069620476,4.901822090148926,11837.230917990566,0.003178834915161133,109.40632756868526,91.28911647422791,1.3725290298461914,109.40632756868526,109.40632756868526,76.91280033779483,1.6290781497955322,65.51723432540894,76.34124994277954,109.40632756868526,8.581974267959595,67.75927567481995,1.1452291011810303,0.8875840482780661,0.0,60.0,0.0,-0.49347445368766785,0.7058823529411765,0.0,-0.6525601744651794,0.0,7168.0,7168.0,7168.0,7168.0,7168.0,0.0,0.0,-0.4892064034938812,7253.0,1.0,1.0,1.0,,0.47781115770339966,8.0,0.0011164719231268716,0.1590857207775116,0.0001590857282280922,1e-06,1e-06,1.0005944967269897,0.0,0.0,0.004268058575689793,167.0,1.0005944967269897,0.04053021967411041,0.0003313337219879031,2.607454776763916,6703.375,7168.0,0.04150503873825073,1.6290781497955322,0.0,7168.0,7168.0,0.0,65.51723432540894,76.34124994277954,109.40632756868526,8.581974267959595,3543.5,5.536663055419922,5242.869163147658,0.005017249844968319,1.5938327312469482,95.53274382191913,0.0,0.0,0.0,31.88449292258024,5.536663055419922,5242.869163147658,0.0030663013458251953,79.9150797292187,36.92016327358171,1.5938327312469482,95.53274382191913,95.53274382191913,22.834214998389367,2.5770347118377686,44.34081792831421,57.35000395774841,79.9150797292187,10.28775405883789,47.06224989891052,1.036776065826416,0.8206145885113241,0.0,60.0,0.0,-0.22543980181217194,0.7058823529411765,1.0,-0.23045705258846283,0.0,4236.0,3543.5,3485.0,3014.0,3543.5,0.0,0.0,-0.22543980181217194,3628.5,0.0,0.0,,1.0,0.2260945439338684,8.0,0.0011533305008810794,0.005017249844968319,5.017250259697903e-06,1e-06,1e-06,1.0,0.0,0.0,0.0,167.0,1.0,0.0,0.0,0.0,0.0,3543.5,0.0,2.5770347118377686,0.0,4236.0,3543.5,1.0,44.34081792831421,57.35000395774841,79.9150797292187,10.28775405883789
169,168,-4496.0,-0.2931864261627197,-7137.055812653328,-0.1519378882367164,0.012737512588500977,-13.373897738332658,-3.1426584720611572,-0.03989899158477783,-6242.625,0.797743558883667,0.0,-3373.0,-4496.0,0.0,-25.677852153778076,-24.96233892440796,-42.30481418449098,0.3155505657196045,7168.0,4.838921070098877,12022.514762533883,0.15520715713500977,1.3765065670013428,111.14133132085341,3.1426584720611572,0.03989899158477783,6242.625,77.90947817825855,4.838921070098877,12022.514762533883,0.0030510425567626953,111.14133132085341,91.29338102576986,1.3765065670013428,111.14133132085341,111.14133132085341,80.29477333142133,1.5650575160980225,64.49445867538452,75.21919679641724,111.14133132085341,8.518189907073975,66.70100688934326,1.1146414279937744,0.8867551068096529,0.0,72.0,0.0,-0.4759250730276108,0.6923076923076923,0.0,-0.6311322450637817,0.0,7168.0,7168.0,7168.0,7168.0,7168.0,0.0,0.0,-0.4716857671737671,7272.0,1.0,1.0,1.0,,0.4589056372642517,8.0,0.0010235831909128446,0.15520715713500977,0.0001552071626065299,1e-06,1e-06,1.0005772113800049,0.0,0.0,0.004239299334585667,168.0,1.0005772113800049,0.03893028944730759,0.00029645650647580624,3.1426584720611572,6242.625,7168.0,0.03989899158477783,1.5650575160980225,0.0,7168.0,7168.0,0.0,64.49445867538452,75.21919679641724,111.14133132085341,8.518189907073975,2672.0,4.545734643936157,4885.458949880555,0.003269268898293376,1.3892440795898438,97.76743358252075,0.0,0.0,0.0,29.291623582363698,4.545734643936157,4885.458949880555,0.003325223922729492,68.83651713636243,31.94829717150912,1.3892440795898438,97.76743358252075,97.76743358252075,18.784477105775803,2.3628010749816895,38.816606521606445,50.25685787200928,68.83651713636243,8.833740472793579,41.4231173992157,0.9946417808532715,0.8242281581691648,0.0,72.0,0.0,-0.16256028413772583,0.6923076923076923,0.0,-0.16582954674959183,0.0,3795.0,2672.0,2463.5,2068.0,2672.0,0.0,0.0,-0.16256028413772583,2776.0,0.0,0.0,1.0,,0.16416096687316895,8.0,0.0012276045533183633,0.003269268898293376,3.2692689728719415e-06,1e-06,1e-06,1.0,0.0,0.0,0.0,168.0,1.0,0.0,0.0,0.0,0.0,2672.0,0.0,2.3628010749816895,0.0,3795.0,2672.0,0.0,38.816606521606445,50.25685787200928,68.83651713636243,8.833740472793579
170,169,-720.25,4.6939966678619385,-6448.262786194082,-0.16587299201637506,1.188018798828125,-0.3574535039603859,-3.5507540702819824,-0.05008833110332489,-6783.25,2.111409902572632,0.0,0.0,-720.25,0.625,0.4188113212585449,8.725406408309937,-8.198832964531789,7.680242300033569,7168.0,4.9027419090271,11955.75885650317,0.1688453108072281,1.3365635871887207,78.39564576133745,3.5507540702819824,0.05008833110332489,6783.25,77.54960163557784,4.9027419090271,11955.75885650317,0.003031492233276367,78.39564576133745,94.8216968778405,1.3365635871887207,78.39564576133745,78.39564576133745,92.8968796118909,1.3642570972442627,91.43364953994751,102.22162985801697,78.39564576133745,8.542515754699707,93.67911410331726,1.1625869274139404,0.9164314268265432,0.0,108.0,0.0,-0.5495763123035431,0.6792452830188679,0.0,-0.71842160820961,0.0,7168.0,7168.0,7168.0,7168.0,7168.0,0.0,0.0,-0.5426805317401886,7327.0,1.0,1.0,1.0,,0.5335066318511963,8.0,0.0013495163007821098,0.1688453108072281,0.0001688453194219619,1e-06,1e-06,0.9995654821395874,0.0,0.0,0.006895790807902813,169.0,0.9995654821395874,0.04867018014192581,0.0005405970732681453,3.5507540702819824,6783.25,7168.0,0.05008833110332489,1.3642570972442627,0.0,7168.0,7168.0,0.0,91.43364953994751,102.22162985801697,78.39564576133745,8.542515754699707,6447.75,9.596738576889038,5507.496070309087,0.0029723187908530235,2.5245823860168457,78.03819225737706,0.0,0.0,0.0,35.33765544466775,9.596738576889038,5507.496070309087,0.0030362606048583984,70.19681279680566,44.77654642354687,2.5245823860168457,78.03819225737706,78.03819225737706,32.52385237524403,3.4756669998168945,91.85246086120605,110.9470362663269,70.19681279680566,16.222758054733276,94.72427821159363,1.0067756175994873,0.8537792571962828,-7.450580596923828e-09,108.0,0.0,-0.20337186753749847,0.6792452830188679,0.625,-0.20634419471025467,0.0,7168.0,6447.75,6653.0,5025.0,6447.75,-7.450580596923828e-09,-1.4901161193847656e-08,-0.20337186753749847,6606.75,0.375,0.375,,,0.204448863863945,8.0,0.8241747080529869,0.0029723187908530235,2.9802322387695312e-06,1e-06,1e-06,1.0,0.0,7.450580596923828e-09,0.0,169.0,1.0,0.0,0.0,0.0,0.0,6447.75,0.0,3.4756669998168945,0.0,7168.0,6447.75,0.625,91.85246086120605,110.9470362663269,70.19681279680566,16.222758054733276
171,170,-3174.375,1.2331781387329102,-6594.831238663695,-0.25582639407366514,0.36404943466186523,6.927372787254981,-2.9326653480529785,-0.06414234638214111,-7102.0,1.42348313331604,0.0,-2489.0,-3174.375,1.0,-36.17511534690857,-32.63103103637695,-5.689452871944027,2.6828577518463135,7168.0,4.854257345199585,11961.458956727947,0.26207298040390015,1.3773040771484375,79.20668121149339,2.9326653480529785,0.06414234638214111,7102.0,77.49529857961767,4.854257345199585,11961.458956727947,0.0029430389404296875,79.20668121149339,91.04310577694876,1.3773040771484375,79.20668121149339,79.20668121149339,91.71727993640843,1.3671801090240479,90.49741625785828,101.16642761230469,79.20668121149339,8.547551155090332,92.61887645721436,1.0565977096557617,0.9155100031025439,0.0,60.0,0.0,-0.8025323748588562,0.6666666666666666,0.0,-1.064605325460434,0.0,7168.0,7168.0,7168.0,7168.0,7168.0,0.0,0.0,-0.7951477468013763,7258.0,1.0,1.0,1.0,,0.7858357429504395,8.0,0.0016773289784893434,0.26207298040390015,0.00026207297923974693,1e-06,1e-06,1.0000008344650269,0.0,0.0,0.007384617812931538,170.0,1.0000008344650269,0.06249329447746277,0.0004534040344879031,2.9326653480529785,7102.0,7168.0,0.06414234638214111,1.3671801090240479,0.0,7168.0,7168.0,0.0,90.49741625785828,101.16642761230469,79.20668121149339,8.547551155090332,3993.625,6.087435483932495,5366.627718064252,0.006246586330235004,1.7413535118103027,86.13405399874837,0.0,0.0,0.0,32.90646335494754,6.087435483932495,5366.627718064252,0.0031363964080810547,73.51722833954936,38.34487968105233,1.7413535118103027,86.13405399874837,86.13405399874837,23.926925284095866,2.790663242340088,54.32230091094971,68.53539657592773,73.51722833954936,11.230408906936646,57.30498766899109,1.2141571044921875,0.8361370989588583,0.0,60.0,0.0,-0.378664031624794,0.6666666666666666,1.0,-0.3849106431007385,0.0,4679.0,3993.625,3850.5,3569.0,3993.625,0.0,0.0,-0.378664031624794,4083.625,0.0,0.0,,1.0,0.3767259120941162,8.0,0.0015823376788002873,0.006246586330235004,6.246586053748615e-06,1e-06,1e-06,1.0,0.0,0.0,0.0,170.0,1.0,0.0,0.0,0.0,0.0,3993.625,0.0,2.790663242340088,0.0,4679.0,3993.625,1.0,54.32230091094971,68.53539657592773,73.51722833954936,11.230408906936646
172,171,0.0,5.189568758010864,-6109.9013520249255,-0.18303751409985125,1.1818606853485107,-3.5152606701626468,-3.674300193786621,-0.050909265875816345,-6880.375,2.2107207775115967,0.0,0.0,0.0,0.0,4.038986921310425,12.908096551895142,-3.5152606701626468,8.271267652511597,7168.0,4.920907258987427,11903.49602566035,0.18591853976249695,1.3950071334838867,80.76162391375024,3.674300193786621,0.050909265875816345,6880.375,77.20402286926226,4.920907258987427,11903.49602566035,0.003224611282348633,80.76162391375024,90.77942505129903,1.3950071334838867,80.76162391375024,80.76162391375024,90.8690814649306,1.3936307430267334,88.75502562522888,99.42225956916809,80.76162391375024,8.619322299957275,90.80293726921082,1.0041406154632568,0.9133059101924674,0.0,108.0,0.0,-0.5974484980106354,0.7012987012987013,0.0,-0.7833669781684875,0.0,7168.0,7168.0,7168.0,7168.0,7168.0,0.0,0.0,-0.5903527438640594,7322.0,1.0,1.0,1.0,,0.5754024982452393,8.0,0.0012990220474554909,0.18591853976249695,0.0001859185576904565,1e-06,1e-06,0.9996948838233948,0.0,0.0,0.007095692679286003,171.0,0.9996948838233948,0.04961938410997391,0.0004359654267318547,3.674300193786621,6880.375,7168.0,0.050909265875816345,1.3936307430267334,0.0,7168.0,7168.0,0.0,88.75502562522888,99.42225956916809,80.76162391375024,8.619322299957275,7168.0,10.110476016998291,5793.594673635424,0.0028810256626456976,2.5768678188323975,77.2463632435876,0.0,0.0,0.0,37.57625614478011,10.110476016998291,5793.594673635424,0.0031833648681640625,77.2463632435876,49.144137155435786,2.5768678188323975,77.2463632435876,77.2463632435876,35.134737774192985,3.60435152053833,92.7940125465393,112.33035612106323,77.2463632435876,16.890589952468872,95.43976616859436,1.0236945152282715,0.8496346799233401,0.0,108.0,0.0,-0.24236080795526505,0.7012987012987013,0.0,-0.24524184316396713,0.0,7168.0,7168.0,7168.0,7168.0,7168.0,0.0,0.0,-0.24236080795526505,7322.0,1.0,1.0,1.0,,0.24407382309436798,8.0,0.0008034165941525667,0.0028810256626456976,2.881025920942193e-06,1e-06,1e-06,1.0,0.0,0.0,0.0,171.0,1.0,0.0,0.0,0.0,0.0,7168.0,0.0,3.60435152053833,0.0,7168.0,7168.0,0.0,92.7940125465393,112.33035612106323,77.2463632435876,16.890589952468872
173,172,-1601.375,3.679612874984741,-6560.667882008309,-0.2008513561449945,0.9542145729064941,4.860466499306597,-3.3344829082489014,-0.053706299513578415,-6840.375,2.0620622634887695,0.0,-814.0,-1601.375,1.0,-15.7688570022583,-8.344368696212769,-5.14449716510137,6.402907133102417,7168.0,4.934508562088013,11877.17059613335,0.2051396369934082,1.3911573886871338,75.87811311478863,3.3344829082489014,0.053706299513578415,6840.375,77.03853475247767,4.934508562088013,11877.17059613335,0.0029997825622558594,75.87811311478863,91.08658072244184,1.3911573886871338,75.87811311478863,75.87811311478863,87.0749989245739,1.4552485942840576,94.46729373931885,105.2260160446167,75.87811311478863,8.63284969329834,96.59316635131836,1.055281400680542,0.917958979938593,0.0,108.0,0.0,-0.5566075146198273,0.6835443037974683,0.0,-0.7617471814155579,0.0,7168.0,7168.0,7168.0,7168.0,7168.0,0.0,0.0,-0.549699991941452,7326.0,1.0,1.0,1.0,,0.5350632071495056,8.0,0.001331212436904279,0.2051396369934082,0.00020513965864665806,1e-06,1e-06,1.0004422664642334,0.0,0.0,0.006907500792294741,172.0,1.0004422664642334,0.05204429477453232,0.0007498605409637094,3.3344829082489014,6840.375,7168.0,0.053706299513578415,1.4552485942840576,0.0,7168.0,7168.0,0.0,94.46729373931885,105.2260160446167,75.87811311478863,8.63284969329834,5566.625,8.614121437072754,5316.502714125041,0.004288280848413706,2.345371961593628,80.73857961409523,0.0,0.0,0.0,33.559564080844105,8.614121437072754,5316.502714125041,0.003076791763305664,70.73361594968726,41.086043081369546,2.345371961593628,80.73857961409523,80.73857961409523,27.39651323195493,3.517310857772827,78.69843673706055,96.88164734840393,70.73361594968726,15.035756826400757,81.84589052200317,1.1841812133789062,0.8448028368847873,0.0,108.0,0.0,-0.22629937529563904,0.6835443037974683,1.0,-0.2305876687169075,0.0,6354.0,5566.625,5620.0,4801.0,5566.625,0.0,0.0,-0.22629937529563904,5724.625,0.0,0.0,,1.0,0.2239295244216919,8.0,0.0009785231195601409,0.004288280848413706,4.288281161279883e-06,1e-06,1e-06,1.0,0.0,0.0,0.0,172.0,1.0,0.0,0.0,0.0,0.0,5566.625,0.0,3.517310857772827,0.0,6354.0,5566.625,1.0,78.69843673706055,96.88164734840393,70.73361594968726,15.035756826400757
174,173,0.0,5.281172752380371,-6165.754937624988,-0.1985364928841591,1.191615104675293,-19.561984974167615,-4.10746955871582,-0.052026331424713135,-6675.625,2.288301467895508,0.0,0.0,0.0,0.0,19.3271644115448,28.425765991210938,-19.561984974167615,8.457469940185547,7168.0,4.925185680389404,11915.895929300254,0.20216456055641174,1.385688066482544,95.51755032945101,4.10746955871582,0.052026331424713135,6675.625,77.30289574500549,4.925185680389404,11915.895929300254,0.0031104087829589844,95.51755032945101,91.58653725543269,1.385688066482544,95.51755032945101,95.51755032945101,93.10897878121378,1.3630304336547852,75.04380059242249,85.76206803321838,95.51755032945101,8.550366401672363,77.21170163154602,1.0518784523010254,0.9003013033878738,0.0,120.0,0.0,-0.5719815194606781,0.7142857142857143,0.0,-0.7741460800170898,0.0,7168.0,7168.0,7168.0,7168.0,7168.0,0.0,0.0,-0.56615149974823,7336.0,1.0,1.0,1.0,,0.5484759211540222,8.0,0.0013662727233390672,0.20216456055641174,0.00020216457778587937,1e-06,1e-06,1.0006309747695923,0.0,0.0,0.0058300187811255455,173.0,1.0006309747695923,0.050594720989465714,0.0005929129547439516,4.10746955871582,6675.625,7168.0,0.052026331424713135,1.3630304336547852,0.0,7168.0,7168.0,0.0,75.04380059242249,85.76206803321838,95.51755032945101,8.550366401672363,7168.0,10.206358432769775,5750.1409916752655,0.003628067672252655,2.577303171157837,75.9555653552834,0.0,0.0,0.0,37.30332592999227,10.206358432769775,5750.1409916752655,0.003195524215698242,75.9555653552834,49.241537877865696,2.577303171157837,75.9555653552834,75.9555653552834,34.75728176653238,3.651331901550293,94.37096500396729,114.18783402442932,75.9555653552834,17.00783634185791,97.17999768257141,1.1744208335876465,0.8510538667523962,0.0,120.0,0.0,-0.27096399664878845,0.7142857142857143,0.0,-0.2745920568704605,0.0,7168.0,7168.0,7168.0,7168.0,7168.0,0.0,0.0,-0.27096399664878845,7336.0,1.0,1.0,1.0,,0.26745566725730896,8.0,0.0009255706798540128,0.003628067672252655,3.6280680433264934e-06,1e-06,1e-06,1.0,0.0,0.0,0.0,173.0,1.0,0.0,0.0,0.0,0.0,7168.0,0.0,3.651331901550293,0.0,7168.0,7168.0,0.0,94.37096500396729,114.18783402442932,75.9555653552834,17.00783634185791
175,174,0.0,5.267250061035156,-6279.550779893491,-0.21740889898501337,1.2182674407958984,-0.7025691165509897,-9.920415878295898,-0.05877850949764252,-6959.625,2.2409510612487793,0.0,0.0,0.0,0.0,0.8213739395141602,9.715738773345947,-0.7025691165509897,8.430557012557983,7168.0,4.851621866226196,12063.594734666665,0.22080865502357483,1.3886711597442627,78.65411061062287,9.920415878295898,0.05877850949764252,6959.625,78.23439066988483,4.851621866226196,12063.594734666665,0.003409147262573242,78.65411061062287,91.10956610125908,1.3886711597442627,78.65411061062287,78.65411061062287,90.7026544866088,1.3949010372161865,91.13318991661072,101.8811366558075,78.65411061062287,8.528250217437744,93.35288643836975,1.1149852275848389,0.9162921567488066,0.0,108.0,0.0,-0.7132191956043243,0.7297297297297297,0.0,-0.9340278804302216,0.0,7168.0,7168.0,7168.0,7168.0,7168.0,0.0,0.0,-0.7051984965801239,7316.0,1.0,1.0,1.0,,0.6845993995666504,8.0,0.0014586182891479472,0.22080865502357483,0.00022080868075136095,1e-06,1e-06,0.9995530843734741,0.0,0.0,0.008020728826522827,174.0,0.9995530843734741,0.05623164027929306,0.0005057199159637094,9.920415878295898,6959.625,7168.0,0.05877850949764252,1.3949010372161865,0.0,7168.0,7168.0,0.0,91.13318991661072,101.8811366558075,78.65411061062287,8.528250217437744,7168.0,10.118871927261353,5784.043954773174,0.0033997560385614634,2.606938600540161,77.95154149407188,0.0,0.0,0.0,37.51047381500202,10.118871927261353,5784.043954773174,0.003137826919555664,77.95154149407188,48.53249201780841,2.606938600540161,77.95154149407188,77.95154149407188,34.798232545006016,3.635852098464966,91.95456385612488,111.59687542915344,77.95154149407188,16.958807229995728,94.63806819915771,1.0137629508972168,0.848035107033423,0.0,108.0,0.0,-0.30061379075050354,0.7297297297297297,0.0,-0.30401353538036346,0.0,7168.0,7168.0,7168.0,7168.0,7168.0,0.0,0.0,-0.30061379075050354,7316.0,1.0,1.0,1.0,,0.3017519414424896,8.0,0.0009796442151873883,0.0033997560385614634,3.3997562240983825e-06,1e-06,1e-06,0.9999998807907104,0.0,0.0,0.0,174.0,0.9999998807907104,0.0,0.0,0.0,0.0,7168.0,0.0,3.635852098464966,0.0,7168.0,7168.0,0.0,91.95456385612488,111.59687542915344,77.95154149407188,16.958807229995728
176,175,0.0,5.273187637329102,-6005.5353632679935,-0.1647523371502757,1.1110332012176514,0.5669503926748121,-2.9310624599456787,-0.04851240664720535,-6672.5,1.9957103729248047,0.0,0.0,0.0,0.0,-0.720794677734375,8.528469800949097,0.5669503926748121,8.325811386108398,7168.0,5.052040100097656,11759.20990786507,0.16983062028884888,1.4222197532653809,74.80423105208209,2.9310624599456787,0.04851240664720535,6672.5,76.40345733885896,5.052040100097656,11759.20990786507,0.0030295848846435547,74.80423105208209,90.46734383013712,1.4222197532653809,74.80423105208209,74.80423105208209,81.133331974806,1.5858395099639893,95.82345676422119,106.66784167289734,74.80423105208209,8.71781301498413,97.95002865791321,1.0171661376953125,0.918271403280871,0.0,192.0,0.0,-0.5326520055532455,0.7441860465116279,0.0,-0.702482670545578,0.0,7168.0,7168.0,7168.0,7168.0,7168.0,0.0,0.0,-0.5265549272298813,7426.0,1.0,1.0,1.0,,0.5116616487503052,8.0,0.0013001369763486384,0.16983062028884888,0.00016983064415398985,1e-06,1e-06,0.9999675750732422,0.0,0.0,0.006097136996686459,175.0,0.9999675750732422,0.04704950004816055,0.0004534040344879031,2.9310624599456787,6672.5,7168.0,0.04851240664720535,1.5858395099639893,0.0,7168.0,7168.0,0.0,95.82345676422119,106.66784167289734,74.80423105208209,8.71781301498413,7168.0,10.325227737426758,5753.674544597076,0.00507828313857317,2.5332529544830322,75.3711814447569,0.0,0.0,0.0,37.38351734973091,10.325227737426758,5753.674544597076,0.0039980411529541016,75.3711814447569,50.79020758388059,2.5332529544830322,75.3711814447569,75.3711814447569,35.92423605081672,3.581549882888794,95.10266208648682,115.19631147384644,75.3711814447569,17.04362440109253,98.1526870727539,1.0890119075775146,0.8520471342959447,0.0,192.0,0.0,-0.416645810008049,0.7441860465116279,0.0,-0.4217240810394287,0.0,7168.0,7168.0,7168.0,7168.0,7168.0,0.0,0.0,-0.416645810008049,7426.0,1.0,1.0,1.0,,0.4205484390258789,8.0,0.0010342161565977087,0.00507828313857317,5.078283720649779e-06,1e-06,1e-06,0.9999998807907104,0.0,0.0,0.0,175.0,0.9999998807907104,0.0,0.0,0.0,0.0,7168.0,0.0,3.581549882888794,0.0,7168.0,7168.0,0.0,95.10266208648682,115.19631147384644,75.3711814447569,17.04362440109253
177,176,-516.125,4.910749435424805,-6358.321730830404,-0.21779799461364746,1.1710638999938965,-21.59561139071029,-3.1383516788482666,-0.05537092685699463,-6921.625,2.013888120651245,0.0,0.0,-516.125,0.625,20.977182626724243,29.666978359222412,-27.052159534614944,7.987385272979736,7168.0,4.932693243026733,11904.247255393691,0.22248674929141998,1.3737411499023438,97.37674405335713,3.1383516788482666,0.05537092685699463,6921.625,77.23259247701313,4.932693243026733,11904.247255393691,0.0030791759490966797,97.37674405335713,92.43970672832165,1.3737411499023438,97.37674405335713,97.37674405335713,78.5312657323854,1.6170403957366943,73.61100506782532,84.4384081363678,97.37674405335713,8.599934101104736,75.83847403526306,1.140505313873291,0.898151394715828,0.0,120.0,0.0,-0.6461883783340454,0.6976744186046512,0.0,-0.8686751425266266,0.0,7168.0,7168.0,7168.0,7168.0,7168.0,0.0,0.0,-0.6400123238563538,7340.0,1.0,1.0,1.0,,0.6231292486190796,8.0,0.0014761966608164206,0.22248674929141998,0.0002224867494078353,1e-06,1e-06,1.0009633302688599,0.0,0.0,0.006176034454256296,176.0,1.0009633302688599,0.05408485233783722,0.0007324219332076609,3.1383516788482666,6921.625,7168.0,0.05537092685699463,1.6170403957366943,0.0,7168.0,7168.0,0.0,73.61100506782532,84.4384081363678,97.37674405335713,8.599934101104736,6651.875,9.843442678451538,5545.925524563288,0.004688754677772522,2.5448050498962402,75.78113266264684,0.0,0.0,0.0,35.691280952845105,9.843442678451538,5545.925524563288,0.0031964778900146484,70.32458451874218,46.01859753384837,2.5448050498962402,75.78113266264684,75.78113266264684,32.253006046447815,3.6309285163879395,94.58818769454956,114.10538649559021,70.32458451874218,16.587319374084473,97.51806712150574,1.2051434516906738,0.8546315832800275,-4.470348358154297e-08,120.0,0.0,-0.2661009579896927,0.6976744186046512,0.625,-0.2707897126674652,0.0,7168.0,6651.875,6778.5,5641.0,6651.875,-4.470348358154297e-08,-1.4901161193847656e-08,-0.2661009579896927,6823.875,0.375,0.375,,,0.26389986276626587,8.0,1.1102078494939873,0.004688754677772522,4.727393388748169e-06,1e-06,1e-06,1.0,0.0,4.470348358154297e-08,0.0,176.0,1.0,0.0,0.0,0.0,0.0,6651.875,0.0,3.6309285163879395,0.0,7168.0,6651.875,0.625,94.58818769454956,114.10538649559021,70.32458451874218,16.587319374084473
178,177,-5278.625,-1.5272650718688965,-7047.045229399407,-0.19081598101183772,-0.2786083221435547,-9.920446084656405,-4.677977085113525,-0.046425558626651764,-6986.625,0.3022346496582031,0.0,-4499.0,-5278.625,1.0,-38.5725314617157,-39.3227858543396,-39.08458166675341,-1.5608222484588623,7168.0,5.009368658065796,11583.096386123052,0.19509848952293396,1.3901991844177246,109.76213647249276,4.677977085113525,0.046425558626651764,6986.625,75.03757720135575,5.009368658065796,11583.096386123052,0.009186029434204102,109.76213647249276,90.12878433126673,1.3901991844177246,109.76213647249276,109.76213647249276,74.22655023309619,1.6880342960357666,65.30485129356384,76.11558651924133,109.76213647249276,8.695300102233887,67.42028641700745,1.0578820705413818,0.8857618984511695,0.0,60.0,0.0,-0.5535866320133209,0.7058823529411765,0.0,-0.7486851215362549,0.0,7168.0,7168.0,7168.0,7168.0,7168.0,0.0,0.0,-0.547943115234375,7253.0,1.0,1.0,1.0,,0.5325415134429932,8.0,0.0011450284037609745,0.19509848952293396,0.00019509850244503468,1e-06,1e-06,1.000418782234192,0.0,0.0,0.005643508397042751,177.0,1.000418782234192,0.04499009996652603,0.0005405971314758062,4.677977085113525,6986.625,7168.0,0.046425558626651764,1.6880342960357666,0.0,7168.0,7168.0,0.0,65.30485129356384,76.11558651924133,109.76213647249276,8.695300102233887,1889.375,3.4821035861968994,4536.051156723645,0.004282508511096239,1.11159086227417,99.84169038783635,0.0,0.0,0.0,26.773362799040047,3.4821035861968994,4536.051156723645,0.006423473358154297,70.67755480573935,27.956215960716712,1.11159086227417,99.84169038783635,99.84169038783635,15.61390699127872,1.9902689456939697,26.732319831848145,36.79280066490173,70.67755480573935,7.134477853775024,29.65832281112671,1.216019868850708,0.8060903838565104,0.0,60.0,0.0,-0.15908413380384445,0.7058823529411765,1.0,-0.1633666381239891,0.0,2669.0,1889.375,1794.0,1425.0,1889.375,0.0,0.0,-0.15908413380384445,1974.375,0.0,0.0,,1.0,0.16219493746757507,8.0,0.0016446723274129494,0.004282508511096239,4.2825085984077305e-06,1e-06,1e-06,1.0,0.0,0.0,0.0,177.0,1.0,0.0,0.0,0.0,0.0,1889.375,0.0,1.9902689456939697,0.0,2669.0,1889.375,1.0,26.732319831848145,36.79280066490173,70.67755480573935,7.134477853775024
179,178,-4355.5,-0.11398768424987793,-6669.266509459408,-0.19482149742543697,0.1544342041015625,-7.347780335017063,-3.522151470184326,-0.057284507900476456,-7056.5,0.8693206310272217,0.0,-2646.0,-4355.5,1.0,-23.174516439437866,-21.95575475692749,-41.78320385945638,0.8036055564880371,7168.0,5.14483380317688,11334.088180650842,0.19890885055065155,1.3888776302337646,98.43697903493786,3.522151470184326,0.057284507900476456,7056.5,73.46957759871115,5.14483380317688,11334.088180650842,0.0033609867095947266,98.43697903493786,90.71803930183924,1.3888776302337646,98.43697903493786,98.43697903493786,77.3822610780333,1.6282317638397217,72.8181631565094,83.9285626411438,98.43697903493786,8.84278655052185,75.08577609062195,1.1948959827423096,0.894639127941089,0.0,84.0,0.0,-0.6639652252197266,0.6942148760330579,0.0,-0.8628740310668945,0.0,7168.0,7168.0,7168.0,7168.0,7168.0,0.0,0.0,-0.6563442051410675,7289.0,1.0,1.0,1.0,,0.6378483176231384,8.0,0.0013754266782162318,0.19890885055065155,0.00019890886323992163,1e-06,1e-06,1.0001542568206787,0.0,0.0,0.007620990741997957,178.0,1.0001542568206787,0.05528545379638672,0.0009242466185241938,3.522151470184326,7056.5,7168.0,0.057284507900476456,1.6282317638397217,0.0,7168.0,7168.0,0.0,72.8181631565094,83.9285626411438,98.43697903493786,8.84278655052185,2812.5,5.030846118927002,4664.821671191435,0.004087353125214577,1.5433118343353271,91.0891986999208,0.0,0.0,0.0,28.073139389610752,5.030846118927002,4664.821671191435,0.0059125423431396484,56.653775175481485,30.504019818985704,1.5433118343353271,91.0891986999208,91.0891986999208,18.84934020931642,2.4975523948669434,49.64364671707153,61.97280788421631,56.653775175481485,9.646392107009888,52.32641577720642,1.0771095752716064,0.8443447628670913,0.0,84.0,0.0,-0.22363732755184174,0.6942148760330579,1.0,-0.22772469371557236,0.0,4522.0,2812.5,2580.5,2277.0,2812.5,0.0,0.0,-0.22363732755184174,2933.5,0.0,0.0,,1.0,0.22046002745628357,8.0,0.0014387209883331463,0.004087353125214577,4.087352863280103e-06,1e-06,1e-06,1.0,0.0,0.0,0.0,178.0,1.0,0.0,0.0,0.0,0.0,2812.5,0.0,2.4975523948669434,0.0,4522.0,2812.5,1.0,49.64364671707153,61.97280788421631,56.653775175481485,9.646392107009888
180,179,-483.5,4.686823129653931,-5796.592843143029,-0.2162327510304749,1.20198392868042,-3.7310514705691276,-2.75761079788208,-0.05809963122010231,-7045.25,2.129244565963745,0.0,0.0,-483.5,0.25,4.275721788406372,12.70310378074646,-8.941380947438262,7.907890319824219,7168.0,5.136615037918091,11324.18909546625,0.22159036993980408,1.3612608909606934,80.97539829621132,2.75761079788208,0.05809963122010231,7045.25,73.38286740106427,5.136615037918091,11324.18909546625,0.003020048141479492,80.97539829621132,92.30156705470213,1.3612608909606934,80.97539829621132,80.97539829621132,81.15558131526916,1.5482177734375,88.5207130908966,99.52946996688843,80.97539829621132,8.744401454925537,90.78506851196289,1.1091184616088867,0.9121425899501461,0.0,72.0,0.0,-0.7489546537399292,0.6990291262135923,0.0,-0.9705450534820557,0.0,7168.0,7168.0,7168.0,7168.0,7168.0,0.0,0.0,-0.7422091960906982,7271.0,1.0,1.0,1.0,,0.7275046110153198,8.0,0.001351066233782735,0.22159036993980408,0.00022159036598168314,1e-06,1e-06,0.9999685883522034,0.0,0.0,0.006745499558746815,179.0,0.9999685883522034,0.057008661329746246,0.0004882813082076609,2.75761079788208,7045.25,7168.0,0.05809963122010231,1.5482177734375,0.0,7168.0,7168.0,0.0,88.5207130908966,99.52946996688843,80.97539829621132,8.744401454925537,6684.5,9.823438167572021,5527.596252323221,0.005357618909329176,2.5632448196411133,77.2443468256422,0.0,0.0,0.0,35.54926306501106,9.823438167572021,5527.596252323221,0.003216981887817383,72.03401734877306,45.41327005338266,2.5632448196411133,77.2443468256422,77.2443468256422,31.653710755947216,3.677462339401245,92.79643487930298,112.23257374763489,72.03401734877306,16.652291774749756,95.58028197288513,1.1365296840667725,0.8516269277385197,-2.9802322387695312e-08,72.0,0.0,-0.5370717942714691,0.6990291262135923,0.25,-0.5424294471740723,0.0,7168.0,6684.5,6906.5,5928.0,6684.5,-2.9802322387695312e-08,0.0,-0.5370717942714691,6787.5,0.5,0.5,,,0.534264326095581,8.0,1.0983691089767789,0.005357618909329176,5.379319190979004e-06,1e-06,1e-06,1.0,0.0,2.9802322387695312e-08,0.0,179.0,1.0,0.0,0.0,0.0,0.0,6684.5,0.0,3.677462339401245,0.0,7168.0,6684.5,0.25,92.79643487930298,112.23257374763489,72.03401734877306,16.652291774749756
181,180,-1016.875,4.6577935218811035,-6822.501017639043,-0.17506044986657798,1.1223104000091553,-30.106205124898295,-3.2731776237487793,-0.04072408378124237,-6294.875,2.2436952590942383,0.0,0.0,-1016.875,0.75,25.953206300735474,34.14493751525879,-41.081834205108834,7.760752439498901,7168.0,4.889241695404053,12237.480518961216,0.17873042821884155,1.3586225509643555,107.47393394795832,3.2731776237487793,0.04072408378124237,6294.875,79.5826673974931,4.889241695404053,12237.480518961216,0.0029435157775878906,107.47393394795832,95.46406527579768,1.3586225509643555,107.47393394795832,107.47393394795832,90.30648692066927,1.436216115951538,66.695241689682,77.45080733299255,107.47393394795832,8.478198766708374,68.97260856628418,1.1346096992492676,0.8905344042411701,0.0,228.0,0.0,-0.4184803068637848,0.7331189710610932,0.0,-0.5972107350826263,0.0,7168.0,7168.0,7168.0,7168.0,7168.0,0.0,0.0,-0.41272635757923126,7479.0,1.0,1.0,1.0,,0.40016090869903564,8.0,0.0010847812692012751,0.17873042821884155,0.0001787304354365915,1e-06,1e-06,0.9997014999389648,0.0,0.0,0.0057539381086826324,180.0,0.9997014999389648,0.03925000876188278,0.0005057198577560484,3.2731776237487793,6294.875,7168.0,0.04072408378124237,1.436216115951538,0.0,7168.0,7168.0,0.0,66.695241689682,77.45080733299255,107.47393394795832,8.478198766708374,6151.125,9.547035217285156,5414.979501322173,0.00366997835226357,2.4809329509735107,77.36772882306002,0.0,0.0,0.0,34.669581058539606,9.547035217285156,5414.979501322173,0.003215312957763672,66.39209974284948,44.47140355063067,2.4809329509735107,77.36772882306002,77.36772882306002,29.981855322107464,3.6799113750457764,92.64844799041748,111.59574484825134,66.39209974284948,16.238951206207275,95.35679364204407,1.0619533061981201,0.8544841362160438,4.470348358154297e-08,228.0,0.0,-0.19480454176664352,0.7331189710610932,0.75,-0.19847451895475388,0.0,7168.0,6151.125,6135.0,5155.0,6151.125,4.470348358154297e-08,0.0,-0.19480454176664352,6462.125,0.25,0.25,,,0.19599899649620056,8.0,0.8084947829564768,0.00366997835226357,3.6172568798065186e-06,1e-06,1e-06,1.0,0.0,-4.470348358154297e-08,0.0,180.0,1.0,0.0,0.0,0.0,0.0,6151.125,0.0,3.6799113750457764,0.0,7168.0,6151.125,0.75,92.64844799041748,111.59574484825134,66.39209974284948,16.238951206207275
182,181,0.0,5.397148132324219,-6377.77091112063,-0.18581597413867712,1.1368281841278076,-3.091235222648649,-3.304455280303955,-0.04331595450639725,-6482.125,2.141413927078247,0.0,0.0,0.0,0.0,3.640773296356201,12.721445798873901,-3.091235222648649,8.416516304016113,7168.0,4.817162275314331,12070.176729972412,0.189295694231987,1.3747899532318115,79.5741476587751,3.304455280303955,0.04331595450639725,6482.125,78.21300246982426,4.817162275314331,12070.176729972412,0.0029594898223876953,79.5741476587751,91.35085788948287,1.3747899532318115,79.5741476587751,79.5741476587751,87.05783396769736,1.4425840377807617,90.07950711250305,100.85882472991943,79.5741476587751,8.497345209121704,92.36147952079773,1.1813757419586182,0.9157501068262895,0.0,72.0,0.0,-0.42163754999637604,0.72,0.0,-0.6109332144260406,0.0,7168.0,7168.0,7168.0,7168.0,7168.0,0.0,0.0,-0.4156847149133682,7268.0,1.0,1.0,1.0,,0.40967416763305664,8.0,0.0014202202323562354,0.189295694231987,0.00018929570796899498,1e-06,1e-06,1.000032663345337,0.0,0.0,0.005952803418040276,181.0,1.000032663345337,0.0418706089258194,0.0007672990905120969,3.304455280303955,6482.125,7168.0,0.04331595450639725,1.4425840377807617,0.0,7168.0,7168.0,0.0,90.07950711250305,100.85882472991943,79.5741476587751,8.497345209121704,7168.0,10.21431040763855,5692.405818851782,0.0034797200933098793,2.511618137359619,76.48291243612645,0.0,0.0,0.0,36.8859678138378,10.21431040763855,5692.405818851782,0.003255128860473633,76.48291243612645,50.002920339472766,2.511618137359619,76.48291243612645,76.48291243612645,35.04138196420782,3.583997964859009,93.72028040885925,113.58027052879333,76.48291243612645,16.913861513137817,96.66640901565552,1.01884126663208,0.8510845111180639,0.0,72.0,0.0,-0.24853826314210892,0.72,0.0,-0.2520179897546768,0.0,7168.0,7168.0,7168.0,7168.0,7168.0,0.0,0.0,-0.24853826314210892,7268.0,1.0,1.0,1.0,,0.2466064989566803,8.0,0.0008160775070997156,0.0034797200933098793,3.479720362520311e-06,1e-06,1e-06,1.0,0.0,0.0,0.0,181.0,1.0,0.0,0.0,0.0,0.0,7168.0,0.0,3.583997964859009,0.0,7168.0,7168.0,0.0,93.72028040885925,113.58027052879333,76.48291243612645,16.913861513137817
183,182,-5613.875,-1.9697048664093018,-7531.198301617325,-0.2733438452705741,-0.3849213123321533,-13.609910883851796,-4.034867286682129,-0.06430083513259888,-6727.875,0.14622759819030762,0.0,-5811.0,-5613.875,0.5,-46.73827505111694,-48.25392246246338,-19.133165158325298,-2.324518918991089,6828.375,5.049126386642456,11026.660007420114,0.2810754179954529,1.3858492374420166,120.63864434660738,4.034867286682129,0.06430083513259888,6727.875,71.11420407301016,5.049126386642456,11026.660007420114,0.00295257568359375,114.92269853379815,86.3645180031437,1.3858492374420166,120.63864434660738,120.63864434660738,83.18819045703616,1.4387643337249756,59.417113304138184,70.18669939041138,114.92269853379815,8.681477308273315,61.50522208213806,0.978708028793335,0.8763087966285056,2.9802322387695312e-08,96.0,0.0,-0.7848143577575684,0.732824427480916,0.5,-1.0658897757530212,0.0,7168.0,6828.375,7158.0,5848.0,6828.375,2.9802322387695312e-08,0.0,-0.7759826183319092,6959.375,0.5,0.5,,,0.7602105736732483,8.0,1.1123818495514146,0.2810754179954529,0.004161972552537918,1e-06,1e-06,0.9994570016860962,0.03461176156997681,0.0038808919489383698,0.008831707760691643,182.0,0.9994570016860962,0.06251192092895508,0.0008365071844309568,4.034867286682129,6727.875,6828.375,0.06430083513259888,1.4387643337249756,0.0,7168.0,6828.375,0.5,59.417113304138184,70.18669939041138,114.92269853379815,8.681477308273315,1214.5,3.0794215202331543,3495.4617058027893,0.007731572724878788,1.0009279251098633,107.02873346275558,0.0,0.0,0.0,20.3622594351021,3.0794215202331543,3495.4617058027893,0.0031213760375976562,95.78953337547286,20.881949749492545,1.0009279251098633,107.02873346275558,107.02873346275558,13.187023993081855,1.5849919319152832,12.67883825302124,21.932776927947998,95.78953337547286,6.356958389282227,15.575818538665771,1.196352243423462,0.7101617177721884,0.0,96.0,0.0,-0.22909220308065414,0.732824427480916,1.0,-0.23682376742362976,0.0,1357.0,1214.5,1220.0,1112.0,1214.5,0.0,0.0,-0.22909220308065414,1345.5,0.0,0.0,,1.0,0.2300758957862854,8.0,0.0027942462178351785,0.007731572724878788,7.731573532510083e-06,1e-06,1e-06,1.0,0.0,0.0,0.0,182.0,1.0,0.0,0.0,0.0,0.0,1214.5,0.0,1.5849919319152832,0.0,1357.0,1214.5,1.0,12.67883825302124,21.932776927947998,95.78953337547286,6.356958389282227
184,183,-1333.25,3.7794623374938965,-6152.386845211264,-0.2630012119188905,0.9188685417175293,-26.343511839075802,-3.7004756927490234,-0.05867701768875122,-6817.0,1.891326904296875,0.0,-160.0,-1333.25,1.0,21.336297273635864,28.4211368560791,-39.33914565198529,6.535309791564941,7168.0,5.058281660079956,11564.401496589528,0.2671236991882324,1.4152050018310547,103.96840147118293,3.7004756927490234,0.05867701768875122,6817.0,74.99192491612813,5.058281660079956,11564.401496589528,0.00412440299987793,103.96840147118293,89.34636747951704,1.4152050018310547,103.96840147118293,103.96840147118293,79.02271854159729,1.6000895500183105,68.94402432441711,79.90673756599426,103.96840147118293,8.687056541442871,71.21968102455139,1.1353328227996826,0.8912850554777273,0.0,96.0,0.0,-0.6280901730060577,0.6666666666666666,0.0,-0.8952138721942902,0.0,7168.0,7168.0,7168.0,7168.0,7168.0,0.0,0.0,-0.6202210485935211,7312.0,1.0,1.0,1.0,,0.6008886098861694,8.0,0.0015894666989360172,0.2671236991882324,0.00026712368708103895,1e-06,1e-06,1.000156044960022,0.0,0.0,0.00786912813782692,183.0,1.000156044960022,0.0565471276640892,0.0007672990905120969,3.7004756927490234,6817.0,7168.0,0.05867701768875122,1.6000895500183105,0.0,7168.0,7168.0,0.0,68.94402432441711,79.90673756599426,103.96840147118293,8.687056541442871,5834.75,8.837743997573853,5412.014651378264,0.004122487269341946,2.334073543548584,77.62488963210713,0.0,0.0,0.0,34.3530268771308,8.837743997573853,5412.014651378264,0.0031735897064208984,64.62925581919764,43.35813923844576,2.334073543548584,77.62488963210713,77.62488963210713,28.98568160463167,3.4914164543151855,90.28032159805298,108.32787442207336,64.62925581919764,15.222366333007812,93.10550808906555,1.1617302894592285,0.8594787683759256,0.0,96.0,0.0,-0.21104471385478973,0.6666666666666666,1.0,-0.21516720205545425,0.0,7008.0,5834.75,5796.5,4715.0,5834.75,0.0,0.0,-0.21104471385478973,5978.75,0.0,0.0,,1.0,0.21246397495269775,8.0,0.0009412763389289564,0.004122487269341946,4.122487553104293e-06,1e-06,1e-06,1.0,0.0,0.0,0.0,183.0,1.0,0.0,0.0,0.0,0.0,5834.75,0.0,3.4914164543151855,0.0,7008.0,5834.75,1.0,90.28032159805298,108.32787442207336,64.62925581919764,15.222366333007812
185,184,-158.875,5.049052476882935,-6046.339114270054,-0.2115319729782641,1.1383213996887207,-11.693149436085449,-2.6716816425323486,-0.056900687515735626,-6739.375,2.0628597736358643,0.0,0.0,-158.875,0.125,12.621127367019653,21.08660888671875,-13.374436484250978,8.130557537078857,7168.0,4.978413343429565,11756.356084262141,0.216250479221344,1.3911738395690918,87.5481647704708,2.6716816425323486,0.056900687515735626,6739.375,76.24189762504119,4.978413343429565,11756.356084262141,0.0029211044311523438,87.5481647704708,90.94566273674413,1.3911738395690918,87.5481647704708,87.5481647704708,79.82022577557895,1.5850772857666016,81.8749315738678,92.9145131111145,87.5481647704708,8.64450216293335,84.27001094818115,1.2537989616394043,0.9069628427951232,0.0,108.0,0.0,-0.6966604292392731,0.7297297297297297,0.0,-0.9129108786582947,0.0,7168.0,7168.0,7168.0,7168.0,7168.0,0.0,0.0,-0.6899149119853973,7316.0,1.0,1.0,1.0,,0.6744340658187866,8.0,0.0014270855888905908,0.216250479221344,0.000216250482480973,1e-06,1e-06,1.000300407409668,0.0,0.0,0.006745466031134129,184.0,1.000300407409668,0.05568402633070946,0.000697544717695564,2.6716816425323486,6739.375,7168.0,0.056900687515735626,1.5850772857666016,0.0,7168.0,7168.0,0.0,81.8749315738678,92.9145131111145,87.5481647704708,8.64450216293335,7009.125,10.0274658203125,5710.016969992087,0.004718506243079901,2.5294952392578125,75.85501533438536,0.0,0.0,0.0,36.945659423572934,10.0274658203125,5710.016969992087,0.004426240921020508,74.17372828621983,48.82019296828633,2.5294952392578125,75.85501533438536,75.85501533438536,33.85213167936505,3.647937059402466,94.49605894088745,114.00112199783325,74.17372828621983,16.775059700012207,97.22606229782104,1.0880897045135498,0.8528518017539245,1.1175870895385742e-08,108.0,0.0,-0.3012462556362152,0.7297297297297297,0.125,-0.30596478283405304,0.0,7168.0,7009.125,7168.0,5897.0,7009.125,1.1175870895385742e-08,3.725290298461914e-09,-0.3012462556362152,7157.125,0.875,0.875,,,0.3037347197532654,8.0,0.9709243982742974,0.004718506243079901,4.727393388748169e-06,1e-06,1e-06,0.9999998807907104,0.0,-1.1175870895385742e-08,0.0,184.0,0.9999998807907104,0.0,0.0,0.0,0.0,7009.125,0.0,3.647937059402466,0.0,7168.0,7009.125,0.125,94.49605894088745,114.00112199783325,74.17372828621983,16.775059700012207
186,185,0.0,5.422823667526245,-6351.631888160164,-0.2279920349828899,1.1810462474822998,-11.768762144795431,-6.775230407714844,-0.06101555377244949,-6844.75,1.9585702419281006,0.0,0.0,0.0,0.0,12.011784315109253,20.783785104751587,-11.768762144795431,8.523922443389893,7168.0,4.86146354675293,12045.75524156988,0.23176032304763794,1.3844513893127441,89.893922874278,6.775230407714844,0.06101555377244949,6844.75,78.12402728755916,4.86146354675293,12045.75524156988,0.003080129623413086,89.893922874278,91.44346844192562,1.3844513893127441,89.893922874278,89.893922874278,76.53433693498744,1.6541469097137451,79.73842692375183,90.75405311584473,89.893922874278,8.554807662963867,82.19924545288086,1.3633687496185303,0.9057363570082768,0.0,108.0,0.0,-0.5741111934185028,0.7105263157894737,0.0,-0.8058715164661407,0.0,7168.0,7168.0,7168.0,7168.0,7168.0,0.0,0.0,-0.5648227334022522,7320.0,1.0,1.0,1.0,,0.5493649840354919,8.0,0.001774394680001901,0.23176032304763794,0.00023176035028882325,1e-06,1e-06,1.000314712524414,0.0,0.0,0.00928846187889576,185.0,1.000314712524414,0.05841396003961563,0.0009940011659637094,6.775230407714844,6844.75,7168.0,0.06101555377244949,1.6541469097137451,0.0,7168.0,7168.0,0.0,79.73842692375183,90.75405311584473,89.893922874278,8.554807662963867,7168.0,10.284287214279175,5694.1233534097155,0.0037682880647480488,2.565497636795044,78.12516072948257,0.0,0.0,0.0,36.92984286326352,10.284287214279175,5694.1233534097155,0.003841400146484375,78.12516072948257,49.346775889512905,2.565497636795044,78.12516072948257,78.12516072948257,35.04260965198049,3.6127171516418457,91.75021123886108,111.53783822059631,78.12516072948257,17.07873010635376,94.45910811424255,1.0556607246398926,0.8468794950770344,0.0,108.0,0.0,-0.3478440195322037,0.7105263157894737,0.0,-0.35161229968070984,0.0,7168.0,7168.0,7168.0,7168.0,7168.0,0.0,0.0,-0.3478440195322037,7320.0,1.0,1.0,1.0,,0.34974682331085205,8.0,0.000978227159080321,0.0037682880647480488,3.7682882521039573e-06,1e-06,1e-06,1.0,0.0,0.0,0.0,185.0,1.0,0.0,0.0,0.0,0.0,7168.0,0.0,3.6127171516418457,0.0,7168.0,7168.0,0.0,91.75021123886108,111.53783822059631,78.12516072948257,17.07873010635376
187,186,-2307.875,2.8126425743103027,-6465.3013222031905,-0.2500317869707942,0.6836419105529785,-23.535171755708248,-3.224717140197754,-0.06111658364534378,-7098.375,1.4132673740386963,0.0,-1080.0,-2307.875,1.0,6.072037696838379,11.558026313781738,-40.2707903305098,4.904342889785767,7168.0,5.058919668197632,11529.734375240796,0.2555689215660095,1.4312059879302979,106.51303667142997,3.224717140197754,0.06111658364534378,7098.375,74.74034125922495,5.058919668197632,11529.734375240796,0.006815195083618164,106.51303667142997,88.06218568879417,1.4312059879302979,106.51303667142997,106.51303667142997,72.2855684989985,1.743572473526001,67.29692649841309,78.30365657806396,106.51303667142997,8.8482985496521,69.45535802841187,1.057443380355835,0.8870001870113066,0.0,84.0,0.0,-0.7400511205196381,0.6829268292682927,0.0,-0.9956201016902924,0.0,7168.0,7168.0,7168.0,7168.0,7168.0,0.0,0.0,-0.7317589521408081,7291.0,1.0,1.0,1.0,,0.7118740081787109,8.0,0.0015348792620054426,0.2555689215660095,0.00025556894252076745,1e-06,1e-06,0.9994562268257141,0.0,0.0,0.00829216931015253,186.0,0.9994562268257141,0.05911625176668167,0.0006626673857681453,3.224717140197754,7098.375,7168.0,0.06111658364534378,1.743572473526001,0.0,7168.0,7168.0,0.0,67.29692649841309,78.30365657806396,106.51303667142997,8.8482985496521,4860.125,7.871562242507935,5064.4330530376055,0.005537134595215321,2.1148478984832764,82.97786491572172,0.0,0.0,0.0,31.623826171868206,7.871562242507935,5064.4330530376055,0.00462651252746582,66.24224634092018,39.23511729246005,2.1148478984832764,82.97786491572172,82.97786491572172,26.284610357004645,3.1568398475646973,73.36896419525146,89.8616828918457,66.24224634092018,13.752641439437866,76.10904145240784,1.0813241004943848,0.8469576687542114,0.0,84.0,0.0,-0.280563622713089,0.6829268292682927,1.0,-0.28610076010227203,0.0,6088.0,4860.125,4947.0,3149.0,4860.125,0.0,0.0,-0.280563622713089,4983.125,0.0,0.0,,1.0,0.28360527753829956,8.0,0.001384522698271249,0.005537134595215321,5.537134711630642e-06,1e-06,1e-06,1.0,0.0,0.0,0.0,186.0,1.0,0.0,0.0,0.0,0.0,4860.125,0.0,3.1568398475646973,0.0,6088.0,4860.125,1.0,73.36896419525146,89.8616828918457,66.24224634092018,13.752641439437866
188,187,0.0,5.244341850280762,-5912.339071937379,-0.23522006953135133,1.1496591567993164,-30.176832408013226,-6.719809055328369,-0.05950305610895157,-6964.625,1.930842638015747,0.0,0.0,0.0,0.0,27.3253116607666,36.45113968849182,-30.176832408013226,8.276208400726318,7168.0,5.0319318771362305,11585.212483674833,0.23973780870437622,1.4080700874328613,105.33072200375152,6.719809055328369,0.05950305610895157,6964.625,75.09484757945458,5.0319318771362305,11585.212483674833,0.002946615219116211,105.33072200375152,89.4539177455922,1.4080700874328613,105.33072200375152,105.33072200375152,75.68097982238534,1.6643202304840088,68.05232000350952,78.95693397521973,105.33072200375152,8.748795986175537,70.20813798904419,1.0981857776641846,0.8891953430091231,0.0,84.0,0.0,-0.7492080926895142,0.7058823529411765,0.0,-0.9889459013938904,0.0,7168.0,7168.0,7168.0,7168.0,7168.0,0.0,0.0,-0.7425812482833862,7287.0,1.0,1.0,1.0,,0.7315388917922974,8.0,0.0014764407729254518,0.23973780870437622,0.00023973782663233578,1e-06,1e-06,1.0009207725524902,0.0,0.0,0.006626842077821493,187.0,1.0009207725524902,0.05800175666809082,0.0006452287780120969,6.719809055328369,6964.625,7168.0,0.05950305610895157,1.6643202304840088,0.0,7168.0,7168.0,0.0,68.05232000350952,78.95693397521973,105.33072200375152,8.748795986175537,7168.0,10.276273727416992,5672.873411737454,0.004517739173024893,2.5577292442321777,75.15388959573829,0.0,0.0,0.0,36.77132074981469,10.276273727416992,5672.873411737454,0.0091705322265625,75.15388959573829,49.24578552060932,2.5577292442321777,75.15388959573829,75.15388959573829,35.03523773147151,3.595162868499756,95.37763166427612,115.40807366371155,75.15388959573829,17.025004386901855,98.38306927680969,1.0512919425964355,0.8524799535558393,0.0,84.0,0.0,-0.41094619035720825,0.7058823529411765,0.0,-0.415463924407959,0.0,7168.0,7168.0,7168.0,7168.0,7168.0,0.0,0.0,-0.41094619035720825,7287.0,1.0,1.0,1.0,,0.41161513328552246,8.0,0.00109844052930174,0.004517739173024893,4.517739398579579e-06,1e-06,1e-06,0.9999998807907104,0.0,0.0,0.0,187.0,0.9999998807907104,0.0,0.0,0.0,0.0,7168.0,0.0,3.595162868499756,0.0,7168.0,7168.0,0.0,95.37763166427612,115.40807366371155,75.15388959573829,17.025004386901855
189,188,-1198.25,3.729400157928467,-6039.361743743732,-0.2278795437887311,0.9076375961303711,-16.612233934087484,-3.1549835205078125,-0.05581143498420715,-7070.75,1.7457351684570312,0.0,0.0,-1198.25,0.625,16.275442361831665,23.304855823516846,-29.58967120398816,6.26976752281189,7168.0,5.0228588581085205,11602.95394442892,0.23294855654239655,1.3847336769104004,94.24400555991517,3.1549835205078125,0.05581143498420715,7070.75,75.20728057500168,5.0228588581085205,11602.95394442892,0.003105640411376953,94.24400555991517,90.93338349201396,1.3847336769104004,94.24400555991517,94.24400555991517,77.9902974761519,1.6145408153533936,76.05788779258728,86.89919519424438,94.24400555991517,8.713968753814697,78.18522644042969,1.0609591007232666,0.8997232513565114,0.0,84.0,0.0,-0.6641412079334259,0.717948717948718,0.0,-0.8970898389816284,0.0,7168.0,7168.0,7168.0,7168.0,7168.0,0.0,0.0,-0.6572027206420898,7285.0,1.0,1.0,1.0,,0.640546441078186,8.0,0.0013705954820105934,0.23294855654239655,0.00023294857237488031,1e-06,1e-06,0.9999469518661499,0.0,0.0,0.0069384947419166565,188.0,0.9999469518661499,0.05409923940896988,0.00041852681897580624,3.1549835205078125,7070.75,7168.0,0.05581143498420715,1.6145408153533936,0.0,7168.0,7168.0,0.0,76.05788779258728,86.89919519424438,94.24400555991517,8.713968753814697,5969.75,8.752259016036987,5563.592200685188,0.005069012753665447,2.2923712730407715,77.63177162582768,0.0,0.0,0.0,35.504706036973026,8.752259016036987,5563.592200685188,0.0030813217163085938,64.654334355927,45.18558100053355,2.2923712730407715,77.63177162582768,77.63177162582768,30.82548229381499,3.360275983810425,92.33333015441895,110.20405101776123,64.654334355927,14.983736276626587,95.22031474113464,1.239344835281372,0.8640364293485754,-1.4901161193847656e-08,84.0,0.0,-0.2781442254781723,0.717948717948718,0.625,-0.28321322798728943,0.0,7168.0,5969.75,6655.0,3838.0,5969.75,-1.4901161193847656e-08,-1.4901161193847656e-08,-0.2781442254781723,6086.75,0.375,0.375,,,0.2800445556640625,8.0,0.9903397062060849,0.005069012753665447,5.103647708892822e-06,1e-06,1e-06,1.0,0.0,1.4901161193847656e-08,0.0,188.0,1.0,0.0,0.0,0.0,0.0,5969.75,0.0,3.360275983810425,0.0,7168.0,5969.75,0.625,92.33333015441895,110.20405101776123,64.654334355927,14.983736276626587
190,189,-1590.5,3.425842523574829,-6223.344467163,-0.2441900447010994,0.8623347282409668,-32.75178424277232,-8.552385330200195,-0.06076834723353386,-6971.0,1.7808117866516113,0.0,0.0,-1590.5,0.5,27.599542140960693,34.113810539245605,-49.90274465524354,5.843602657318115,7168.0,5.020817518234253,11629.978541927889,0.2528526782989502,1.392972707748413,110.04702739687087,8.552385330200195,0.06076834723353386,6971.0,75.40045342906511,5.020817518234253,11629.978541927889,0.0031075477600097656,110.04702739687087,90.59089130118369,1.392972707748413,110.04702739687087,110.04702739687087,85.68426519913605,1.4727399349212646,65.13578939437866,75.96100974082947,110.04702739687087,8.670125007629395,67.29088473320007,1.029848337173462,0.8858608510180301,0.0,96.0,0.0,-0.7507430613040924,0.732824427480916,0.0,-1.0035956501960754,0.0,7168.0,7168.0,7168.0,7168.0,7168.0,0.0,0.0,-0.7439046204090118,7299.0,1.0,1.0,1.0,,0.7256059646606445,8.0,0.0016153290697072157,0.2528526782989502,0.0002528526820242405,1e-06,1e-06,1.0011354684829712,0.0,0.0,0.006838326808065176,189.0,1.0011354684829712,0.05897663161158562,0.0006626674439758062,8.552385330200195,6971.0,7168.0,0.06076834723353386,1.4727399349212646,0.0,7168.0,7168.0,0.0,65.13578939437866,75.96100974082947,110.04702739687087,8.670125007629395,5577.5,8.446660041809082,5406.634074764888,0.0086626335978508,2.25530743598938,77.29524315409856,0.0,0.0,0.0,34.3972614115016,8.446660041809082,5406.634074764888,0.0069887638092041016,60.144282741627336,42.94196124156266,2.25530743598938,77.29524315409856,77.29524315409856,29.766646665523044,3.253551721572876,92.73533153533936,110.07482028007507,60.144282741627336,14.51372766494751,95.56109261512756,1.1815204620361328,0.8681467057768644,2.60770320892334e-08,96.0,0.0,-0.2994879186153412,0.732824427480916,0.5,-0.3081505596637726,0.0,7168.0,5577.5,6059.5,3062.0,5577.5,2.60770320892334e-08,0.0,-0.2994879186153412,5708.5,0.5,0.5,,,0.30387336015701294,8.0,1.2708102312750198,0.0086626335978508,8.624047040939331e-06,1e-06,1e-06,1.0,0.0,-3.3527612686157227e-08,0.0,189.0,1.0,0.0,0.0,0.0,0.0,5577.5,0.0,3.253551721572876,0.0,7168.0,5577.5,0.5,92.73533153533936,110.07482028007507,60.144282741627336,14.51372766494751
191,190,0.0,5.131385087966919,-5796.158289347286,-0.24178444384597242,1.1877179145812988,-23.351085081927536,-5.012801170349121,-0.055215343832969666,-6919.25,2.012852191925049,0.0,0.0,0.0,0.0,21.871464252471924,30.628509044647217,-23.351085081927536,8.230491876602173,7168.0,5.086822032928467,11541.980360221034,0.24562548100948334,1.3993334770202637,99.93220703011761,5.012801170349121,0.055215343832969666,6919.25,74.8809942560718,5.086822032928467,11541.980360221034,0.004231691360473633,99.93220703011761,90.7351720621727,1.3993334770202637,99.93220703011761,99.93220703011761,77.08480164376552,1.6471309661865234,71.72862696647644,82.74097967147827,99.93220703011761,8.784107446670532,73.95687222480774,1.1462969779968262,0.8938360715385811,0.0,120.0,0.0,-0.6534191966056824,0.7017543859649122,0.0,-0.8990446031093597,0.0,7168.0,7168.0,7168.0,7168.0,7168.0,0.0,0.0,-0.645702987909317,7339.0,1.0,1.0,1.0,,0.6296706199645996,8.0,0.0014587892826864362,0.24562548100948334,0.0002456254733260721,1e-06,1e-06,0.9995831847190857,0.0,0.0,0.007716134190559387,190.0,0.9995831847190857,0.053184714168310165,0.0005754743469879031,5.012801170349121,6919.25,7168.0,0.055215343832969666,1.6471309661865234,0.0,7168.0,7168.0,0.0,71.72862696647644,82.74097967147827,99.93220703011761,8.784107446670532,7168.0,10.218207120895386,5745.822070873748,0.0038410371635109186,2.5870513916015625,76.58112194819007,0.0,0.0,0.0,37.27721379325481,10.218207120895386,5745.822070873748,0.003259897232055664,76.58112194819007,49.07856265321023,2.5870513916015625,76.58112194819007,76.58112194819007,34.69107870848881,3.6599831581115723,93.60009121894836,113.36948871612549,76.58112194819007,17.014599323272705,96.35488939285278,1.0745062828063965,0.8499190609752431,0.0,120.0,0.0,-0.23319601267576218,0.7017543859649122,0.0,-0.2370370402932167,0.0,7168.0,7168.0,7168.0,7168.0,7168.0,0.0,0.0,-0.23319601267576218,7339.0,1.0,1.0,1.0,,0.23320353031158447,8.0,0.0008139598418474618,0.0038410371635109186,3.841037596430397e-06,1e-06,1e-06,1.0,0.0,0.0,0.0,190.0,1.0,0.0,0.0,0.0,0.0,7168.0,0.0,3.6599831581115723,0.0,7168.0,7168.0,0.0,93.60009121894836,113.36948871612549,76.58112194819007,17.014599323272705
192,191,-2683.25,2.508495569229126,-6576.9476309164365,-0.20477885520085692,0.6697967052459717,-32.08293173341977,-4.6603546142578125,-0.0622592531144619,-6952.0,1.4063258171081543,0.0,-64.0,-2683.25,1.0,25.71074080467224,31.329082250595093,-61.00380278637091,4.595472812652588,7168.0,5.115525245666504,11431.866170446514,0.21218252182006836,1.4049627780914307,110.52289277576581,4.6603546142578125,0.0622592531144619,6952.0,74.12994166955617,5.115525245666504,11431.866170446514,0.0032224655151367188,110.52289277576581,89.97002008018605,1.4049627780914307,110.52289277576581,110.52289277576581,74.5300566222187,1.6960208415985107,64.85534191131592,75.8097186088562,110.52289277576581,8.81902265548706,66.99069595336914,1.056537389755249,0.8836689699246977,0.0,96.0,0.0,-0.7399874627590179,0.676056338028169,0.0,-0.9521700739860535,0.0,7168.0,7168.0,7168.0,7168.0,7168.0,0.0,0.0,-0.7310473620891571,7310.0,1.0,1.0,1.0,,0.7251302003860474,8.0,0.0018252612641109986,0.21218252182006836,0.0002121825236827135,1e-06,1e-06,0.9996979236602783,0.0,0.0,0.008940160274505615,191.0,0.9996979236602783,0.06063905358314514,0.0009068080689758062,4.6603546142578125,6952.0,7168.0,0.0622592531144619,1.6960208415985107,0.0,7168.0,7168.0,0.0,64.85534191131592,75.8097186088562,110.52289277576581,8.81902265548706,4484.75,7.62402081489563,4854.918539530077,0.007403666619211435,2.0747594833374023,78.43996104234604,0.0,0.0,0.0,30.174323459105786,7.62402081489563,4854.918539530077,0.0030791759490966797,49.5190899893949,36.96005440231628,2.0747594833374023,78.43996104234604,78.43996104234604,24.71781261473868,3.102346658706665,90.56608271598816,107.1388008594513,49.5190899893949,13.414495468139648,93.72430539131165,1.2354393005371094,0.8747933021414223,0.0,96.0,0.0,-0.2984157055616379,0.676056338028169,1.0,-0.3058193624019623,0.0,7104.0,4484.75,4257.5,3306.0,4484.75,0.0,0.0,-0.2984157055616379,4626.75,0.0,0.0,,1.0,0.29657384753227234,8.0,0.0013278752675045455,0.007403666619211435,7.403667041216977e-06,1e-06,1e-06,1.0,0.0,0.0,0.0,191.0,1.0,0.0,0.0,0.0,0.0,4484.75,0.0,3.102346658706665,0.0,7104.0,4484.75,1.0,90.56608271598816,107.1388008594513,49.5190899893949,13.414495468139648
193,192,-4071.875,0.2914919853210449,-7108.458026512276,-0.2687422502785921,0.11950850486755371,-1.0751376605333292,-5.8646063804626465,-0.06861387193202972,-7147.375,0.9432859420776367,0.0,-3274.0,-4071.875,1.0,-32.39575910568237,-30.62845802307129,-21.294083595313765,1.2311644554138184,7168.0,4.791800022125244,12210.860163160345,0.27561280131340027,1.358569622039795,99.7529699902028,5.8646063804626465,0.06861387193202972,7147.375,79.1867302830148,4.791800022125244,12210.860163160345,0.0029532909393310547,99.7529699902028,93.09962717809623,1.358569622039795,99.7529699902028,99.7529699902028,80.15646792989205,1.5779428482055664,71.85750961303711,82.5710928440094,99.7529699902028,8.417325496673584,74.15376734733582,1.1697454452514648,0.8980596573600482,0.0,108.0,0.0,-0.9588606059551239,0.7397260273972602,0.0,-1.2344734072685242,0.0,7168.0,7168.0,7168.0,7168.0,7168.0,0.0,0.0,-0.950876772403717,7314.0,1.0,1.0,1.0,,0.9348680973052979,8.0,0.001611796777387431,0.27561280131340027,0.00027561280876398087,1e-06,1e-06,1.0003187656402588,0.0,0.0,0.007983838208019733,192.0,1.0003187656402588,0.06690672039985657,0.0006452288362197578,5.8646063804626465,7147.375,7168.0,0.06861387193202972,1.5779428482055664,0.0,7168.0,7168.0,0.0,71.85750961303711,82.5710928440094,99.7529699902028,8.417325496673584,3096.125,5.083292007446289,5102.402136648069,0.006870551034808159,1.4780781269073486,98.67783232966947,0.0,0.0,0.0,30.813250154281835,5.083292007446289,5102.402136648069,0.004841327667236328,78.45888639488903,35.323515805494885,1.4780781269073486,98.67783232966947,98.67783232966947,20.70851970229298,2.521228790283203,39.461750507354736,51.94263482093811,78.45888639488903,9.648489952087402,42.29414486885071,1.1865155696868896,0.8142471981764373,0.0,108.0,0.0,-0.26326117664575577,0.7397260273972602,1.0,-0.2701317146420479,0.0,3894.0,3096.125,3044.5,2654.0,3096.125,0.0,0.0,-0.26326117664575577,3242.125,0.0,0.0,,1.0,0.26268327236175537,8.0,0.0015123237590543783,0.006870551034808159,6.870551260362845e-06,1e-06,1e-06,1.0,0.0,0.0,0.0,192.0,1.0,0.0,0.0,0.0,0.0,3096.125,0.0,2.521228790283203,0.0,3894.0,3096.125,1.0,39.461750507354736,51.94263482093811,78.45888639488903,9.648489952087402
194,193,-1063.5,4.5828001499176025,-6972.819392057183,-0.2442673104815185,1.0533270835876465,-28.435077758163686,-6.534502983093262,-0.05856380611658096,-6959.25,1.8621635437011719,0.0,0.0,-1063.5,0.875,24.18216323852539,32.36316967010498,-40.10930764938544,7.411182403564453,7168.0,4.791166305541992,12406.165056563603,0.2505302429199219,1.3451294898986816,107.1194969967886,6.534502983093262,0.05856380611658096,6959.25,80.61242597695818,4.791166305541992,12406.165056563603,0.004821300506591797,107.1194969967886,95.71012606325151,1.3451294898986816,107.1194969967886,107.1194969967886,81.09872514635184,1.5874788761138916,66.91592288017273,77.52208137512207,107.1194969967886,8.437760353088379,69.08432102203369,1.095149040222168,0.8911566846063014,0.0,192.0,0.0,-0.5924325585365295,0.732824427480916,0.0,-0.8429628312587738,0.0,7168.0,7168.0,7168.0,7168.0,7168.0,0.0,0.0,-0.5826663076877594,7430.0,1.0,1.0,1.0,,0.5668697357177734,8.0,0.0018948923110554035,0.2505302429199219,0.00025053025456145406,1e-06,1e-06,0.9993196129798889,0.0,0.0,0.00976625271141529,193.0,0.9993196129798889,0.05610796436667442,0.0010637555969879031,6.534502983093262,6959.25,7168.0,0.05856380611658096,1.5874788761138916,0.0,7168.0,7168.0,0.0,66.91592288017273,77.52208137512207,107.1194969967886,8.437760353088379,6104.5,9.373966455459595,5433.34566450642,0.006262932438403368,2.398456573486328,78.68441923862491,0.0,0.0,0.0,34.70729214266222,9.373966455459595,5433.34566450642,0.008169174194335938,67.01018934740316,45.21588256682363,2.398456573486328,78.68441923862491,78.68441923862491,31.437557164025698,3.4496424198150635,91.09808611869812,109.88525104522705,67.01018934740316,15.848942756652832,94.03630828857422,1.0729379653930664,0.855768243636904,1.30385160446167e-08,192.0,0.0,-0.26744095981121063,0.732824427480916,0.875,-0.2737038880586624,0.0,7168.0,6104.5,6059.0,5191.0,6104.5,1.30385160446167e-08,-3.725290298461914e-09,-0.26744095981121063,6366.5,0.125,0.125,,,0.2656709551811218,8.0,0.8164641072337666,0.006262932438403368,6.256625056266785e-06,1e-06,1e-06,1.0,0.0,-1.30385160446167e-08,0.0,193.0,1.0,0.0,0.0,0.0,0.0,6104.5,0.0,3.4496424198150635,0.0,7168.0,6104.5,0.875,91.09808611869812,109.88525104522705,67.01018934740316,15.848942756652832
195,194,-3188.5,0.8768892288208008,-5635.675244249372,-0.21761877462267876,0.29711461067199707,-23.503310767281505,-6.054298400878906,-0.05517750605940819,-7084.25,0.9808628559112549,0.0,-2152.0,-3188.5,0.0,-7.602037191390991,-4.576136589050293,-42.76637287670195,2.165130853652954,7168.0,5.342278957366943,10880.749669547326,0.22611090540885925,1.452481985092163,116.7242654617851,6.054298400878906,0.05517750605940819,7084.25,70.50328020477147,5.342278957366943,10880.749669547326,0.0031785964965820312,116.7242654617851,86.43783402688166,1.452481985092163,116.7242654617851,116.7242654617851,73.85185923354527,1.700016736984253,61.40968179702759,72.71780323982239,116.7242654617851,9.081399202346802,63.636404037475586,1.0907495021820068,0.8751145001947258,0.0,72.0,0.0,-0.7206220626831055,0.7346938775510204,0.0,-0.9467329680919647,0.0,7168.0,7168.0,7168.0,7168.0,7168.0,0.0,0.0,-0.7133511602878571,7266.0,1.0,1.0,1.0,,0.6940603256225586,8.0,0.0013402149429080155,0.22611090540885925,0.0002261109184473753,1e-06,1e-06,1.0000035762786865,0.0,0.0,0.007270880043506622,194.0,1.0000035762786865,0.05316751450300217,0.0004534040344879031,6.054298400878906,7084.25,7168.0,0.05517750605940819,1.700016736984253,0.0,7168.0,7168.0,0.0,61.40968179702759,72.71780323982239,116.7242654617851,9.081399202346802,3979.5,6.219168186187744,5245.074425297954,0.008492130786180496,1.7495965957641602,93.22095469450359,0.0,0.0,0.0,32.176391872610324,6.219168186187744,5245.074425297954,0.003052234649658203,73.95789258508314,38.125053734276584,1.7495965957641602,93.22095469450359,93.22095469450359,24.88118616128236,2.680879592895508,53.8076446056366,68.1416666507721,73.95789258508314,11.246530055999756,56.89513659477234,1.1204488277435303,0.8349536985404462,0.0,72.0,0.0,-0.2557087242603302,0.7346938775510204,0.0,-0.2642008513212204,0.0,5016.0,3979.5,4004.5,3346.0,3979.5,0.0,0.0,-0.2557087242603302,4077.5,0.0,0.0,1.0,,0.25360792875289917,8.0,0.0013047927634035545,0.008492130786180496,8.49213120091008e-06,1e-06,1e-06,1.0,0.0,0.0,0.0,194.0,1.0,0.0,0.0,0.0,0.0,3979.5,0.0,2.680879592895508,0.0,5016.0,3979.5,0.0,53.8076446056366,68.1416666507721,73.95789258508314,11.246530055999756
196,195,0.0,4.994447231292725,-5745.952540637746,-0.20802173856645823,1.0130283832550049,-37.84799650025104,-3.0114927291870117,-0.04987792670726776,-6762.5,2.04449462890625,0.0,0.0,0.0,0.0,31.622583866119385,40.08965444564819,-37.84799650025104,7.877152442932129,7168.0,5.052943468093872,11559.203139478883,0.21190184354782104,1.4800760746002197,113.46104619021342,3.0114927291870117,0.04987792670726776,6762.5,74.94415310782591,5.052943468093872,11559.203139478883,0.003383159637451172,113.46104619021342,85.28583438305196,1.4800760746002197,113.46104619021342,113.46104619021342,79.36697000476852,1.5904541015625,63.175867319107056,74.31016659736633,113.46104619021342,8.833869695663452,65.47629690170288,1.1887526512145996,0.8811216540055968,0.0,96.0,0.0,-0.680653840303421,0.7218045112781954,0.0,-0.8925557136535645,0.0,7168.0,7168.0,7168.0,7168.0,7168.0,0.0,0.0,-0.6748162508010864,7301.0,1.0,1.0,1.0,,0.6648402214050293,8.0,0.0015315167016720294,0.21190184354782104,0.00021190184634178877,1e-06,1e-06,0.9999325275421143,0.0,0.0,0.0058376239612698555,195.0,0.9999325275421143,0.04873424768447876,0.0005405971314758062,3.0114927291870117,6762.5,7168.0,0.04987792670726776,1.5904541015625,0.0,7168.0,7168.0,0.0,63.175867319107056,74.31016659736633,113.46104619021342,8.833869695663452,7168.0,10.047390699386597,5813.250598841137,0.0038801049813628197,2.4931044578552246,75.61304968996238,0.0,0.0,0.0,37.6902402074536,10.047390699386597,5813.250598841137,0.0031735897064208984,75.61304968996238,50.63146174038175,2.4931044578552246,75.61304968996238,75.61304968996238,34.72663091905395,3.63494873046875,94.79845118522644,114.39982104301453,75.61304968996238,16.71102213859558,97.68879890441895,1.2625641822814941,0.8539244031482164,0.0,96.0,0.0,-0.33729828894138336,0.7218045112781954,0.0,-0.34117837250232697,0.0,7168.0,7168.0,7168.0,7168.0,7168.0,0.0,0.0,-0.33729828894138336,7301.0,1.0,1.0,1.0,,0.33595341444015503,8.0,0.000877350244315841,0.0038801049813628197,3.880105396092404e-06,1e-06,1e-06,1.0,0.0,0.0,0.0,195.0,1.0,0.0,0.0,0.0,0.0,7168.0,0.0,3.63494873046875,0.0,7168.0,7168.0,0.0,94.79845118522644,114.39982104301453,75.61304968996238,16.71102213859558
197,196,0.0,5.242285251617432,-5929.44626437683,-0.260346956551075,1.1035983562469482,-19.540647621713134,-2.930278778076172,-0.06192944198846817,-7098.375,1.9502358436584473,0.0,0.0,0.0,0.0,18.637552499771118,27.242995023727417,-19.540647621713134,8.195807695388794,7168.0,5.023383617401123,11611.297173871091,0.26582664251327515,1.3970928192138672,97.01016265099723,2.930278778076172,0.06192944198846817,7098.375,75.26906388242574,5.023383617401123,11611.297173871091,0.005090236663818359,97.01016265099723,90.21242234925447,1.3970928192138672,97.01016265099723,97.01016265099723,78.87786036024488,1.5978517532348633,73.8891658782959,84.86531019210815,97.01016265099723,8.718291282653809,76.14701890945435,1.1725399494171143,0.8972690812898891,0.0,84.0,0.0,-0.7804124057292938,0.6829268292682927,0.0,-1.0462390184402466,0.0,7168.0,7168.0,7168.0,7168.0,7168.0,0.0,0.0,-0.7738790512084961,7291.0,1.0,1.0,1.0,,0.7697350978851318,8.0,0.001559274568376907,0.26582664251327515,0.00026582664577290416,1e-06,1e-06,1.0009280443191528,0.0,0.0,0.006533315405249596,196.0,1.0009280443191528,0.06066463887691498,0.0008719307952560484,2.930278778076172,7098.375,7168.0,0.06192944198846817,1.5978517532348633,0.0,7168.0,7168.0,0.0,73.8891658782959,84.86531019210815,97.01016265099723,8.718291282653809,7168.0,10.265668869018555,5681.850909494261,0.005479685962200165,2.5006911754608154,77.4695150292841,0.0,0.0,0.0,36.8320259720441,10.265668869018555,5681.850909494261,0.003236532211303711,77.4695150292841,50.40011685761512,2.5006911754608154,77.4695150292841,77.4695150292841,35.521988684379664,3.5480875968933105,92.52671837806702,112.10830521583557,77.4695150292841,16.914098978042603,95.19420623779297,1.0184242725372314,0.8491271548037509,0.0,84.0,0.0,-0.35361917316913605,0.6829268292682927,0.0,-0.3590988665819168,0.0,7168.0,7168.0,7168.0,7168.0,7168.0,0.0,0.0,-0.35361917316913605,7291.0,1.0,1.0,1.0,,0.35054296255111694,8.0,0.0011114589843443082,0.005479685962200165,5.479685569298454e-06,1e-06,1e-06,1.0,0.0,0.0,0.0,196.0,1.0,0.0,0.0,0.0,0.0,7168.0,0.0,3.5480875968933105,0.0,7168.0,7168.0,0.0,92.52671837806702,112.10830521583557,77.4695150292841,16.914098978042603
198,197,0.0,5.096280813217163,-5891.003336676176,-0.25217774836346507,1.1638062000274658,-24.74023741771009,-2.721984386444092,-0.0594436451792717,-7102.0,2.093954563140869,0.0,0.0,0.0,0.0,23.17561936378479,31.89144492149353,-24.74023741771009,8.097214460372925,7168.0,5.0127363204956055,11685.4341132008,0.2578645944595337,1.3597214221954346,100.71569817543003,2.721984386444092,0.0594436451792717,7102.0,75.78971090241231,5.0127363204956055,11685.4341132008,0.0040624141693115234,100.71569817543003,93.13521391437352,1.3597214221954346,100.71569817543003,100.71569817543003,85.36231490396462,1.483534574508667,71.17063307762146,81.95690035820007,100.71569817543003,8.667565107345581,73.28933525085449,1.040384292602539,0.8942423997312832,0.0,108.0,0.0,-0.7758007645606995,0.7012987012987013,0.0,-1.0336653292179108,0.0,7168.0,7168.0,7168.0,7168.0,7168.0,0.0,0.0,-0.7690218687057495,7322.0,1.0,1.0,1.0,,0.7508054971694946,8.0,0.0015354069863542958,0.2578645944595337,0.00025786462356336415,1e-06,1e-06,1.0001901388168335,0.0,0.0,0.006778831128031015,197.0,1.0001901388168335,0.05813036113977432,0.0005405971314758062,2.721984386444092,7102.0,7168.0,0.0594436451792717,1.483534574508667,0.0,7168.0,7168.0,0.0,71.17063307762146,81.95690035820007,100.71569817543003,8.667565107345581,7168.0,10.109017133712769,5794.430776524623,0.005686846096068621,2.5235276222229004,75.97546075771994,0.0,0.0,0.0,37.58167896396194,10.109017133712769,5794.430776524623,0.0031194686889648438,75.97546075771994,50.1829044409573,2.5235276222229004,75.97546075771994,75.97546075771994,35.398554865586824,3.577489137649536,94.34625244140625,113.8483452796936,75.97546075771994,16.764779567718506,97.0835657119751,1.066199541091919,0.8527446356244166,0.0,108.0,0.0,-0.2712459862232208,0.7012987012987013,0.0,-0.27693283557891846,0.0,7168.0,7168.0,7168.0,7168.0,7168.0,0.0,0.0,-0.2712459862232208,7322.0,1.0,1.0,1.0,,0.27000850439071655,8.0,0.0009185104459808089,0.005686846096068621,5.686846634489484e-06,1e-06,1e-06,1.0,0.0,0.0,0.0,197.0,1.0,0.0,0.0,0.0,0.0,7168.0,0.0,3.577489137649536,0.0,7168.0,7168.0,0.0,94.34625244140625,113.8483452796936,75.97546075771994,16.764779567718506
199,198,-4348.5,-0.021006345748901367,-7014.297919187055,-0.2141486369073391,0.04938483238220215,16.58158496920045,-3.837890148162842,-0.0488954521715641,-7091.625,0.9394793510437012,0.0,-3619.0,-4348.5,1.0,-55.85183501243591,-54.171579360961914,-2.4810753531245666,0.8281152248382568,7168.0,4.945287227630615,11788.192943432077,0.21927130222320557,1.3990182876586914,76.15780020411206,3.837890148162842,0.0488954521715641,7091.625,76.41055816383592,4.945287227630615,11788.192943432077,0.0034475326538085938,76.15780020411206,90.0326942773867,1.3990182876586914,76.15780020411206,76.15780020411206,83.31552336269962,1.5118117332458496,94.12036561965942,104.86804533004761,76.15780020411206,8.578469514846802,96.2895758152008,1.0329582691192627,0.9181974882067452,0.0,84.0,0.0,-0.588537871837616,0.7058823529411765,0.0,-0.8078092038631439,0.0,7168.0,7168.0,7168.0,7168.0,7168.0,0.0,0.0,-0.5828167796134949,7287.0,1.0,1.0,1.0,,0.5660078525543213,8.0,0.001286719161849437,0.21927130222320557,0.00021927131456322968,1e-06,1e-06,1.0004206895828247,0.0,0.0,0.005721155554056168,198.0,1.0004206895828247,0.047221310436725616,0.0004359654267318547,3.837890148162842,7091.625,7168.0,0.0488954521715641,1.5118117332458496,0.0,7168.0,7168.0,0.0,94.12036561965942,104.86804533004761,76.15780020411206,8.578469514846802,2819.5,4.924280881881714,4773.895024245022,0.00512266531586647,1.4484031200408936,92.73938517331251,0.0,0.0,0.0,28.70434717229425,4.924280881881714,4773.895024245022,0.0034275054931640625,73.6767248509875,32.52967953733609,1.4484031200408936,92.73938517331251,92.73938517331251,19.22092795824103,2.451291084289551,38.26853060722351,50.69646596908569,73.6767248509875,9.406584739685059,41.289881229400635,1.1000926494598389,0.8144528507091378,0.0,84.0,0.0,-0.1571519896388054,0.7058823529411765,1.0,-0.16227465867996216,0.0,3549.0,2819.5,2640.0,2057.0,2819.5,0.0,0.0,-0.1571519896388054,2938.5,0.0,0.0,,1.0,0.15797312557697296,8.0,0.0014053541433457052,0.00512266531586647,5.122665697854245e-06,1e-06,1e-06,1.0,0.0,0.0,0.0,198.0,1.0,0.0,0.0,0.0,0.0,2819.5,0.0,2.451291084289551,0.0,3549.0,2819.5,1.0,38.26853060722351,50.69646596908569,73.6767248509875,9.406584739685059
200,199,-210.125,5.156595945358276,-6082.019585766884,-0.2168827336281538,1.0282716751098633,-30.239210195380522,-7.2347636222839355,-0.05669155716896057,-6564.125,2.070032835006714,0.0,0.0,-210.125,0.0,28.03251361846924,36.7260844707489,-32.41151971089184,7.9824512004852295,7168.0,5.07197117805481,11738.237050241501,0.2244529128074646,1.4284477233886719,104.34326543481005,7.2347636222839355,0.05669155716896057,6564.125,76.28796026141035,5.07197117805481,11738.237050241501,0.003341197967529297,104.34326543481005,90.29156366571085,1.4284477233886719,104.34326543481005,104.34326543481005,89.9910699292463,1.4332175254821777,68.6963357925415,79.86021447181702,104.34326543481005,8.807113647460938,71.05310082435608,1.2562782764434814,0.8897183822293765,0.0,204.0,0.0,-0.8410036563873291,0.7445255474452555,0.0,-1.0654565691947937,0.0,7168.0,7168.0,7168.0,7168.0,7168.0,0.0,0.0,-0.8335690200328827,7442.0,1.0,1.0,1.0,,0.833274781703949,8.0,0.002726522097235507,0.2244529128074646,0.00022445291688200086,1e-06,1e-06,0.9989689588546753,0.0,0.0,0.007434651255607605,199.0,0.9989689588546753,0.055219218134880066,0.00041852681897580624,7.2347636222839355,6564.125,7168.0,0.05669155716896057,1.4332175254821777,0.0,7168.0,7168.0,0.0,68.6963357925415,79.86021447181702,104.34326543481005,8.807113647460938,6957.875,10.228567123413086,5656.217464474617,0.007570179179310799,2.456719398498535,74.10405523942953,0.0,0.0,0.0,36.64210722663893,10.228567123413086,5656.217464474617,0.0031464099884033203,71.93174572391821,50.85321690110247,2.456719398498535,74.10405523942953,74.10405523942953,35.66176310035611,3.5032503604888916,96.72884941101074,116.58629894256592,71.93174572391821,16.789564847946167,99.79673409461975,1.1334021091461182,0.8559902407038649,0.0,204.0,0.0,-0.4303216338157654,0.7445255474452555,0.0,-0.4378918558359146,0.0,7168.0,6957.875,7168.0,6041.0,6957.875,0.0,0.0,-0.4303216338157654,7231.875,0.75,0.75,1.0,,0.4331244230270386,8.0,0.003332716111613751,0.007570179179310799,7.570179604954319e-06,1e-06,1e-06,1.0,0.0,0.0,0.0,199.0,1.0,0.0,0.0,0.0,0.0,6957.875,0.0,3.5032503604888916,0.0,7168.0,6957.875,0.0,96.72884941101074,116.58629894256592,71.93174572391821,16.789564847946167
